SDD Version, SDDv1.0;
Software, TOPAS-nBio;
Author, NICE Team;
Simulation details, Neutron Irradiation of a cubic cell nucleus model;
Source, Secondary particles of photoneutrons from a LINAC;
Source type, 2;
Incident particles, 11;
Mean particle energy, ;
Energy distribution, URL: https://github.com/McGillMedPhys/topas_clustered_dna_damage/tree/master/spectra;
Particle fraction, 1.0;
Dose or fluence,  3;
Irradiation target, Full human cubic shape nuclear DNA model containing ~6.3 Gbp constructed using voxels;
Volumes, 1,7.816,7.816,7.816,0,0,0,1,3.901,3.901,3.901,0,0,0;
Chromosome sizes, 46, 263.2,258.1,212.4,203.4,192.2,181.8,168.8,155.5,149.4,144.0,142.9,140.8,121.3,113.0,106.9,94.7,83.5,81.0,68.0,66.6,50.0,52.6,263.2,258.1,212.4,203.4,192.2,181.8,168.8,155.5,149.4,144.0,142.9,140.8,121.3,113.0,106.9,94.7,83.5,81.0,68.0,66.6,50.0,52.6,61.6,165.2;
DNA Density, 13.3;
Cell Cycle Phase, 0,1;
DNA Structure, 0,1;
In vitro / in vivo, 0;
Proliferation status, 1;
Microenvironment, ;
Damage definition, 1,0,10,10,17.5;
Time 0;
Damage and primary count,  3477, 5583;
Data entries, 1, 1, 1, 1, 1, 1, 1, 0, 0, 0, 0, 0, 0, 0;
Additional information, ;
***EndOfHeader***;
2, 0; -2.120727, 2.490181, 3.822755; 0, 40, 1, 1; 31431784; 1, 0, 1; 0, 1, 0; 4, 1, 2;
0, 0; -2.124370, 2.487067, 3.822128; 0, 40, 1, 1; 31431800; 1, 0, 1; 0, 1, 0; 4, 1, 2;
1, 3; 3.672690, 3.670509, -0.095107 / 3.673230, 3.671325, -0.094307 / 3.672151, 3.669693, -0.095907; 0, 42, 1, 1; 58534526; 2, 1, 2; 0, 3, 0; 4, 1, 1/ 4, 5, 2/ 4, 7, 2;
1, 7; -1.116025, 2.610447, 3.632435; 0, 39, 1, 1; 77674128; 1, 0, 1; 0, 1, 0; 4, 1, 2;
1, 11; -2.003750, 0.523412, 3.364052; 0, 6, 1, 1; 86185135; 1, 0, 1; 0, 1, 0; 4, 1, 2;
0, 11; 0.528258, -0.366776, -0.775049; 0, 18, 1, 1; 68531433; 1, 0, 1; 0, 1, 0; 1, 1, 2;
0, 11; 0.529180, -0.369609, -0.773769; 0, 18, 1, 1; 68531646; 1, 0, 1; 0, 1, 0; 4, 1, 2;
1, 27; -1.102160, 1.441234, 0.963855; 0, 8, 1, 0; 30745510; 1, 0, 1; 0, 1, 0; 1, 1, 2;
1, 31; 1.837862, -2.810938, -3.475615; 0, 29, 1, 1; 106136000; 0, 1, 0; 0, 1, 0; 4, 1, 1;
0, 31; 2.777709, -2.638997, -1.984063; 0, 32, 1, 1; 72562264; 0, 1, 0; 0, 1, 0; 4, 1, 1;
1, 32; -0.923606, 0.712439, 0.496755; 0, 9, 1, 0; 27835076; 1, 0, 1; 0, 1, 0; 4, 1, 2;
0, 32; -0.928216, 0.713563, 0.508594; 0, 9, 1, 0; 27833784; 1, 0, 1; 1, 0, 0; 2, 1, 2;
0, 32; -0.929186, 0.711052, 0.529018 / -0.928740, 0.711220, 0.529036 / -0.929631, 0.710885, 0.529000; 0, 9, 1, 0; 27830336; 2, 1, 1; 1, 1, 0; 4, 1, 2/ 3, 2, 1;
0, 32; -0.934357, 0.711365, 0.526810; 0, 9, 1, 0; 27831212; 1, 0, 1; 0, 1, 0; 4, 1, 2;
0, 32; -0.943024, 0.706586, 0.473655; 0, 9, 1, 0; 27838378; 0, 1, 0; 0, 1, 0; 1, 1, 1;
0, 32; -0.943545, 0.702326, 0.476841; 0, 9, 1, 0; 27838212; 0, 1, 0; 1, 0, 0; 3, 1, 1;
0, 32; -1.262741, -0.221180, -1.309573; 0, 10, 1, 1; 126237383; 1, 0, 1; 0, 1, 0; 4, 1, 2;
0, 32; -1.266439, -0.224114, -1.309878; 0, 10, 1, 1; 126237298; 1, 0, 1; 0, 1, 0; 1, 1, 2;
0, 32; -1.619654, -0.335756, -2.011923; 0, 10, 1, 1; 118106460; 1, 0, 1; 0, 1, 0; 1, 1, 2;
0, 32; -1.690487, -0.387787, -2.121614; 0, 10, 1, 1; 117786568; 0, 1, 0; 0, 1, 0; 1, 1, 1;
0, 32; -1.701643, -1.250665, -3.040750; 0, 12, 1, 1; 101591931; 1, 0, 1; 0, 1, 0; 1, 1, 2;
1, 33; -1.893392, -0.789182, -3.799812; 0, 12, 1, 1; 86855695; 1, 0, 1; 0, 1, 0; 4, 1, 2;
0, 33; -1.896275, -0.786270, -3.797171; 0, 12, 1, 1; 86855766; 1, 0, 1; 0, 1, 0; 1, 1, 2;
1, 38; -0.159282, -0.700857, -2.061167; 0, 16, 1, 1; 49962631; 0, 1, 0; 0, 1, 0; 4, 1, 1;
0, 38; -0.364336, -0.349867, -1.992976; 0, 16, 1, 1; 44768775; 0, 1, 0; 0, 1, 0; 1, 1, 1;
1, 40; 0.921314, 1.819684, 1.073713; 0, 25, 1, 1; 202661070; 1, 0, 1; 0, 1, 0; 1, 1, 2;
0, 40; 0.928238, 1.841798, 1.063894; 0, 25, 1, 1; 202659536; 1, 0, 1; 0, 1, 0; 1, 1, 2;
0, 40; 0.995750, 1.894107, 1.114827 / 0.996255, 1.894237, 1.115025 / 0.995245, 1.893977, 1.114630; 0, 25, 1, 1; 202405439; 2, 1, 1; 1, 1, 0; 1, 1, 2/ 2, 3, 1;
0, 40; 1.037662, 2.205115, 0.685095; 0, 26, 1, 0; 1545581; 0, 1, 0; 0, 1, 0; 4, 1, 1;
1, 46; 0.628348, 0.789098, -3.172920; 0, 28, 1, 1; 181735139; 1, 0, 1; 1, 0, 0; 3, 1, 2;
0, 46; 0.642822, 0.798056, -3.183460; 0, 28, 1, 1; 181737015; 0, 1, 0; 0, 1, 0; 1, 1, 1;
1, 47; 1.294919, -2.832579, 0.283284 / 1.294930, -2.832361, 0.283386 / 1.294909, -2.832797, 0.283181; 0, 27, 1, 0; 32820363; 2, 1, 1; 2, 0, 0; 2, 1, 2/ 2, 2, 1;
0, 47; 1.707080, -1.303310, 0.987573; 0, 25, 1, 1; 102856706; 1, 0, 1; 0, 1, 0; 4, 1, 2;
1, 50; -0.991442, -3.693846, -1.736904; 0, 10, 1, 0; 16093452; 0, 1, 0; 0, 1, 0; 1, 1, 1;
0, 50; 2.158037, -1.738423, -0.452280; 0, 33, 1, 0; 42326506; 0, 1, 0; 0, 1, 0; 4, 1, 1;
1, 51; -2.627896, 2.417410, 2.124141; 0, 5, 1, 1; 153716756; 1, 0, 1; 0, 1, 0; 1, 1, 2;
1, 52; 2.322998, 2.342570, 0.151586; 0, 34, 1, 0; 9134973; 1, 0, 1; 0, 1, 0; 4, 1, 2;
1, 57; -3.567964, 0.023503, -1.934786; 0, 2, 1, 0; 67660048; 1, 0, 1; 0, 1, 0; 1, 1, 2;
1, 59; 3.321737, 0.663235, -0.390410 / 3.322312, 0.663263, -0.389861 / 3.321162, 0.663208, -0.390959; 0, 33, 1, 1; 107227462; 2, 1, 2; 1, 2, 0; 1, 1, 2/ 2, 2, 2/ 1, 3, 1;
0, 59; 3.495963, 1.086627, -0.837968; 0, 33, 1, 1; 122292961; 1, 0, 1; 0, 1, 0; 4, 1, 2;
1, 69; 3.373585, 0.466873, 0.538407; 0, 33, 1, 1; 105671451; 1, 0, 1; 1, 0, 0; 3, 1, 2;
1, 72; 1.286085, -1.228179, -1.295502 / 1.287261, -1.227536, -1.295094 / 1.284909, -1.228822, -1.295910; 0, 27, 1, 1; 138642083; 1, 0, 2; 1, 1, 0; 4, 1, 2/ 3, 9, 2;
0, 72; 1.287166, -1.235351, -1.297178; 0, 27, 1, 1; 138642139; 0, 1, 0; 0, 1, 0; 1, 1, 1;
0, 72; 1.289190, -1.227295, -1.294259 / 1.289450, -1.226868, -1.294095 / 1.288930, -1.227723, -1.294422; 0, 27, 1, 1; 138642020; 0, 2, 0; 1, 1, 0; 4, 1, 1/ 2, 3, 1;
0, 72; 1.289456, -1.241420, -1.296672; 0, 27, 1, 1; 138641963; 1, 0, 1; 1, 0, 0; 3, 1, 2;
0, 72; 1.289673, -1.241773, -1.299774; 0, 27, 1, 1; 138643008; 1, 0, 1; 0, 1, 0; 1, 1, 2;
0, 72; 1.291985, -1.226623, -1.290689; 0, 27, 1, 1; 138641126; 1, 0, 1; 0, 1, 0; 4, 1, 2;
0, 72; 1.440972, 0.063214, -1.336287; 0, 27, 1, 1; 184561234; 1, 0, 1; 0, 1, 0; 4, 1, 2;
1, 73; 0.131762, -0.793680, 3.708325 / 0.132088, -0.793321, 3.708446 / 0.131435, -0.794039, 3.708204; 0, 39, 1, 1; 44026459; 2, 2, 1; 1, 2, 0; 1, 1, 2/ 1, 2, 1/ 2, 2, 1;
0, 73; 0.132311, -0.796607, 3.709075; 0, 39, 1, 1; 44026298; 1, 0, 1; 0, 1, 0; 1, 1, 2;
1, 79; 0.836420, 3.672155, -0.763896; 0, 43, 1, 0; 7084723; 0, 1, 0; 1, 0, 0; 2, 1, 1;
1, 81; -1.589706, -2.791375, -1.924960; 0, 10, 1, 0; 46349138; 0, 1, 0; 0, 1, 0; 1, 1, 1;
0, 81; -2.036849, -2.584880, -1.556712; 0, 10, 1, 1; 57423905; 1, 0, 1; 1, 0, 0; 2, 1, 2;
1, 88; -0.211068, -1.538793, 0.824335; 0, 23, 1, 0; 35679416; 1, 0, 1; 0, 1, 0; 4, 1, 2;
0, 88; -1.109861, -0.942791, 1.035183; 0, 7, 1, 1; 127491558; 1, 0, 1; 1, 0, 0; 3, 1, 2;
1, 98; 3.510452, -0.233532, -2.927745; 0, 30, 1, 1; 86256632; 0, 1, 0; 0, 1, 0; 4, 1, 1;
0, 98; 3.810486, -0.686585, -3.213612; 0, 46, 1, 1; 67216995; 1, 0, 1; 0, 1, 0; 1, 1, 2;
1, 99; 3.167244, -1.432329, -2.322027; 0, 32, 1, 0; 34422609; 1, 0, 1; 0, 1, 0; 4, 1, 2;
1, 103; -1.127968, -1.740629, -1.042168; 0, 10, 1, 1; 86968102; 0, 1, 0; 0, 1, 0; 4, 1, 1;
0, 103; 3.534058, -1.125213, -2.190743; 0, 32, 1, 0; 33714824; 1, 0, 1; 0, 1, 0; 4, 1, 2;
0, 103; 3.707357, -1.096532, -2.250867; 0, 46, 1, 1; 82156224; 1, 0, 1; 0, 1, 0; 4, 1, 2;
1, 106; -0.644462, -3.507306, 3.801588; 0, 39, 1, 1; 67074580; 0, 1, 0; 1, 0, 0; 3, 1, 1;
1, 110; 2.483968, -1.399031, 3.448540; 0, 36, 1, 1; 89715750; 1, 0, 1; 0, 1, 0; 1, 1, 2;
0, 110; 2.484644, -1.398144, 3.446692; 0, 36, 1, 1; 89715670; 0, 1, 0; 0, 1, 0; 1, 1, 1;
1, 117; 3.175825, 2.042543, -2.325812; 0, 31, 1, 1; 92676495; 1, 0, 1; 1, 0, 0; 3, 1, 2;
1, 118; 1.748246, -3.238229, 1.661797; 0, 25, 1, 0; 49561288; 1, 0, 1; 1, 0, 0; 2, 1, 2;
0, 118; 1.757279, -3.198027, 1.665635; 0, 25, 1, 0; 49439490; 1, 0, 1; 0, 1, 0; 4, 1, 2;
1, 121; -3.032109, -2.717090, 0.472707; 0, 2, 1, 1; 217447580; 1, 0, 1; 0, 1, 0; 1, 1, 2;
1, 127; -1.482140, 3.027514, 3.669250; 0, 40, 1, 0; 10406412; 1, 0, 1; 0, 1, 0; 1, 1, 2;
0, 127; -2.732465, 3.714283, -2.536590; 0, 44, 1, 0; 8759773; 1, 0, 1; 0, 1, 0; 1, 1, 2;
0, 127; -2.873103, 3.802737, -2.662769; 0, 44, 1, 0; 8920321; 1, 0, 1; 1, 0, 0; 2, 1, 2;
0, 127; -2.886450, 3.814719, -2.663616; 0, 44, 1, 0; 8918792; 0, 1, 0; 0, 1, 0; 4, 1, 1;
1, 132; 0.375123, 1.726004, 3.090775; 0, 24, 1, 0; 7019584; 0, 1, 0; 0, 1, 0; 4, 1, 1;
1, 136; 3.339311, -1.973561, 0.488221; 0, 33, 1, 0; 33796474; 1, 0, 1; 0, 1, 0; 4, 1, 2;
0, 136; 3.462491, -2.008919, 0.398541; 0, 33, 1, 0; 33582229; 1, 0, 1; 0, 1, 0; 1, 1, 2;
1, 139; -0.507122, 0.511770, -3.858476; 0, 14, 1, 1; 45635365; 0, 1, 0; 0, 1, 0; 1, 1, 1;
0, 139; 2.965840, -0.042548, 1.967278; 0, 35, 1, 1; 28086815; 1, 0, 1; 0, 1, 0; 1, 1, 2;
0, 139; 2.967973, -0.042936, 1.961795; 0, 35, 1, 1; 28085695; 1, 0, 1; 0, 1, 0; 4, 1, 2;
0, 139; 3.040164, 0.027286, 2.576380; 0, 37, 1, 1; 22301454; 0, 1, 0; 1, 0, 0; 2, 1, 1;
1, 142; -0.514547, 0.397083, -0.434214; 0, 19, 1, 0; 15918160; 0, 1, 0; 0, 1, 0; 1, 1, 1;
0, 142; -1.983352, 0.659096, -1.440115 / -1.982771, 0.659168, -1.439917 / -1.983933, 0.659024, -1.440313; 0, 11, 1, 0; 8509519; 1, 0, 2; 0, 2, 0; 4, 1, 2/ 4, 3, 2;
0, 142; -2.977774, 1.019037, -2.806317; 0, 1, 1, 1; 150075418; 1, 0, 1; 0, 1, 0; 4, 1, 2;
0, 142; 0.128053, 0.369779, 0.053339; 0, 19, 1, 0; 18948061; 0, 1, 0; 0, 1, 0; 1, 1, 1;
1, 146; -0.278518, -3.439707, -0.708101; 0, 17, 1, 1; 65841413; 0, 1, 0; 1, 0, 0; 3, 1, 1;
0, 146; -0.486074, -3.679028, -0.629076; 0, 17, 1, 1; 54787949; 1, 0, 1; 0, 1, 0; 1, 1, 2;
0, 146; 1.239190, -1.895715, -1.333311; 0, 27, 1, 1; 120889850; 1, 0, 1; 1, 0, 0; 3, 1, 2;
0, 146; 1.429375, -1.570251, -1.362708; 0, 27, 1, 1; 130452924; 1, 0, 1; 1, 0, 0; 2, 1, 2;
1, 151; -1.978874, -1.432608, 0.979379; 0, 7, 1, 1; 116868760; 0, 1, 0; 1, 0, 0; 3, 1, 1;
0, 151; -1.997800, -1.468838, 0.915679; 0, 7, 1, 1; 116992876; 0, 1, 0; 0, 1, 0; 4, 1, 1;
0, 151; -2.020381, -0.836367, 1.361253; 0, 7, 1, 1; 135208350; 1, 0, 1; 1, 0, 0; 2, 1, 2;
0, 151; -2.025858, -0.844273, 1.356627 / -2.025469, -0.844165, 1.356901 / -2.026247, -0.844380, 1.356352; 0, 7, 1, 1; 135208012; 2, 1, 1; 1, 1, 0; 2, 1, 1/ 1, 3, 2;
0, 151; -2.027825, -0.847802, 1.358452; 0, 7, 1, 1; 135208077; 1, 0, 1; 1, 0, 0; 3, 1, 2;
0, 151; -2.070649, -0.777364, 1.410406; 0, 7, 1, 1; 135315902; 1, 0, 1; 0, 1, 0; 4, 1, 2;
0, 151; -2.127441, -0.214247, 2.296595; 0, 6, 1, 1; 110995411; 1, 0, 1; 1, 0, 0; 2, 1, 2;
1, 177; 1.242703, 2.891951, -3.424062; 0, 28, 1, 1; 119808782; 1, 0, 1; 0, 1, 0; 1, 1, 2;
0, 177; 1.389093, 2.961675, -3.503283; 0, 28, 1, 1; 119547521; 0, 1, 0; 0, 1, 0; 4, 1, 1;
1, 179; 2.925386, 3.845228, 1.684427; 0, 42, 1, 0; 1219686; 0, 1, 0; 0, 1, 0; 4, 1, 1;
0, 179; 2.926159, 3.847201, 1.684824; 0, 42, 1, 0; 1219757; 1, 0, 1; 0, 1, 0; 4, 1, 2;
1, 182; -0.145761, 2.288623, 2.722727; 0, 24, 1, 0; 21164280; 1, 0, 1; 0, 1, 0; 1, 1, 2;
0, 182; 0.616868, 0.693121, 1.396859; 0, 25, 1, 1; 164471987; 1, 0, 1; 1, 0, 0; 2, 1, 2;
0, 182; 0.650826, 0.231765, 1.085658; 0, 25, 1, 1; 145965744; 1, 0, 1; 0, 1, 0; 4, 1, 2;
0, 182; 0.652027, 0.231530, 1.093159; 0, 25, 1, 1; 145964543; 1, 0, 1; 1, 0, 0; 2, 1, 2;
0, 182; 0.652422, 0.230941, 1.088823; 0, 25, 1, 1; 145965663; 1, 0, 1; 0, 1, 0; 4, 1, 2;
0, 182; 0.654189, 0.223989, 1.095096; 0, 25, 1, 1; 145964364; 1, 0, 1; 0, 1, 0; 1, 1, 2;
0, 182; 0.655395, 0.230817, 1.096328 / 0.656012, 0.230969, 1.097191 / 0.654778, 0.230666, 1.095465; 0, 25, 1, 1; 145964453; 2, 2, 1; 0, 3, 0; 4, 1, 2/ 4, 4, 1/ 4, 5, 1;
0, 182; 0.655846, 0.228121, 1.098434 / 0.656325, 0.228516, 1.098576 / 0.655367, 0.227727, 1.098293; 0, 25, 1, 1; 145964217; 1, 0, 2; 1, 1, 0; 4, 1, 2/ 2, 5, 2;
0, 182; 0.656482, 0.224423, 1.098990 / 0.656696, 0.225027, 1.099322 / 0.656269, 0.223818, 1.098657; 0, 25, 1, 1; 145964206; 2, 1, 1; 1, 1, 0; 2, 1, 2/ 4, 4, 1;
0, 182; 0.657190, 0.223024, 1.097147 / 0.657931, 0.223338, 1.097746 / 0.656450, 0.222710, 1.096549; 0, 25, 1, 1; 145964277; 1, 0, 2; 0, 2, 0; 1, 1, 2/ 1, 6, 2;
0, 182; 0.660943, -0.078517, 0.732557; 0, 25, 1, 1; 145253790; 1, 0, 1; 0, 1, 0; 1, 1, 2;
1, 183; 1.251836, 0.072059, 0.728739; 0, 25, 1, 1; 149243977; 1, 0, 1; 1, 0, 0; 3, 1, 2;
1, 191; -1.140340, 2.219778, 0.534479; 0, 8, 1, 1; 132664840; 1, 0, 1; 0, 1, 0; 1, 1, 2;
1, 197; 1.873366, -2.471566, 3.763136; 0, 38, 1, 1; 84768933; 0, 1, 0; 1, 0, 0; 3, 1, 1;
0, 197; 1.891629, -2.450924, 3.660012 / 1.891688, -2.450743, 3.660027 / 1.891570, -2.451105, 3.659996; 0, 38, 1, 1; 84744361; 2, 1, 1; 1, 1, 0; 3, 1, 2/ 4, 1, 1;
0, 197; 2.152809, -2.485498, 3.625433; 0, 38, 1, 1; 69390206; 1, 0, 1; 1, 0, 0; 3, 1, 2;
0, 197; 2.949262, -2.035629, 3.798782; 0, 38, 1, 1; 51356402; 1, 0, 1; 0, 1, 0; 4, 1, 2;
1, 220; 1.094943, -1.899064, 0.958530 / 1.095168, -1.898443, 0.959322 / 1.094718, -1.899685, 0.957738; 0, 25, 1, 0; 88452713; 1, 0, 2; 0, 2, 0; 4, 1, 2/ 4, 4, 2;
0, 220; 1.109462, -1.877567, 0.974301; 0, 25, 1, 0; 88361595; 0, 1, 0; 0, 1, 0; 1, 1, 1;
0, 220; 1.127771, -1.842612, 1.000673 / 1.127817, -1.842538, 1.000767 / 1.127726, -1.842686, 1.000579; 0, 25, 1, 0; 88233217; 0, 2, 0; 0, 2, 0; 4, 1, 1/ 4, 2, 1;
0, 220; 1.128877, -1.851029, 0.992657; 0, 25, 1, 0; 88326551; 1, 0, 1; 0, 1, 0; 1, 1, 2;
0, 220; 1.129576, -1.842310, 0.997031; 0, 25, 1, 0; 88233459; 0, 1, 0; 1, 0, 0; 2, 1, 1;
0, 220; 1.137590, -1.857891, 0.995669; 0, 25, 1, 0; 88327435; 1, 0, 1; 0, 1, 0; 1, 1, 2;
0, 220; 1.142451, -1.858296, 0.999197; 0, 25, 1, 0; 88327530; 1, 0, 1; 0, 1, 0; 4, 1, 2;
0, 220; 1.770495, -1.991577, 1.715584; 0, 25, 1, 0; 85432652; 0, 1, 0; 0, 1, 0; 4, 1, 1;
1, 226; 1.102061, -2.006325, -2.014665; 0, 27, 1, 1; 122496169; 1, 0, 1; 1, 0, 0; 3, 1, 2;
0, 226; 1.284879, -1.532810, -2.220854; 0, 27, 1, 1; 129285671; 1, 0, 1; 1, 0, 0; 3, 1, 2;
0, 226; 1.286338, -1.538980, -2.221170 / 1.286371, -1.538713, -2.221003 / 1.286306, -1.539247, -2.221337; 0, 27, 1, 1; 129285574; 1, 0, 2; 0, 2, 0; 1, 1, 2/ 1, 3, 2;
0, 226; 1.558516, -1.252152, -1.646490; 0, 27, 1, 1; 137330603; 1, 0, 1; 0, 1, 0; 1, 1, 2;
0, 226; 1.577395, -1.258966, -1.607319; 0, 27, 1, 1; 137324979; 1, 0, 1; 0, 1, 0; 1, 1, 2;
0, 226; 2.030069, -2.929675, -0.804847; 0, 27, 1, 0; 26890521; 0, 1, 0; 1, 0, 0; 3, 1, 1;
0, 226; 2.247958, -3.056080, 0.956239; 0, 35, 1, 1; 112112664; 0, 1, 0; 0, 1, 0; 1, 1, 1;
0, 226; 2.315762, -2.887215, 2.498195 / 2.316046, -2.887144, 2.498256 / 2.315478, -2.887287, 2.498134; 0, 36, 1, 1; 51214579; 0, 2, 0; 0, 2, 0; 1, 1, 1/ 1, 2, 1;
0, 226; 2.501368, -2.894577, 3.795956; 0, 38, 1, 1; 66322512; 0, 1, 0; 1, 0, 0; 3, 1, 1;
1, 229; -0.863053, 2.506233, -0.694645; 0, 20, 1, 0; 16873631; 1, 0, 1; 0, 1, 0; 1, 1, 2;
1, 232; 3.672051, 0.521608, -1.917955; 0, 46, 1, 1; 32566479; 1, 0, 1; 0, 1, 0; 1, 1, 2;
0, 232; 3.674736, 0.531547, -1.909317; 0, 46, 1, 1; 32565099; 0, 1, 0; 1, 0, 0; 3, 1, 1;
0, 232; 3.707761, 0.334709, -1.755731; 0, 46, 1, 1; 33112212; 0, 1, 0; 0, 1, 0; 1, 1, 1;
1, 234; -1.694050, -1.234538, 3.447832; 0, 6, 1, 1; 140449906; 1, 0, 1; 0, 1, 0; 4, 1, 2;
1, 235; -0.115586, 3.061358, -1.748142; 0, 15, 1, 1; 41619764; 1, 0, 1; 0, 1, 0; 4, 1, 2;
1, 236; -2.243619, 0.640408, 0.941387; 0, 8, 1, 0; 5745265; 1, 0, 1; 0, 1, 0; 4, 1, 2;
1, 245; -2.887564, -1.905447, 1.162179; 0, 4, 1, 1; 106264374; 0, 1, 0; 1, 0, 0; 2, 1, 1;
0, 245; -2.891970, -1.923849, 1.172542; 0, 4, 1, 1; 106261853; 1, 0, 1; 0, 1, 0; 1, 1, 2;
0, 245; -2.903660, -1.293560, 1.223525; 0, 4, 1, 1; 89556251; 1, 0, 1; 1, 0, 0; 2, 1, 2;
0, 245; -2.903732, -1.289981, 1.221066; 0, 4, 1, 1; 89556264; 1, 0, 1; 0, 1, 0; 4, 1, 2;
0, 245; -2.907130, -1.480091, 1.238948; 0, 4, 1, 1; 89634405; 1, 0, 1; 0, 1, 0; 1, 1, 2;
0, 245; -2.908789, -1.479053, 1.239633; 0, 4, 1, 1; 89634486; 1, 0, 1; 0, 1, 0; 1, 1, 2;
1, 251; 1.710540, 0.791008, -0.118023; 0, 26, 1, 1; 126269963; 1, 0, 1; 0, 1, 0; 4, 1, 2;
1, 256; -0.916165, -0.931114, -1.680978; 0, 10, 1, 1; 104040000; 1, 0, 1; 1, 0, 0; 2, 1, 2;
0, 256; -0.994017, -0.525107, 0.965688; 0, 7, 1, 1; 145656901; 0, 1, 0; 0, 1, 0; 1, 1, 1;
0, 256; -1.241592, 1.772672, -0.687442 / -1.239950, 1.773512, -0.687248 / -1.243234, 1.771833, -0.687636; 0, 9, 1, 0; 1812731; 0, 2, 0; 0, 2, 1; 1, 1, 1/ 4, 11, 1;
0, 256; -1.246021, 1.769984, -0.691719; 0, 9, 1, 0; 1812597; 1, 0, 1; 1, 0, 0; 2, 1, 2;
0, 256; -1.708311, 2.345066, 0.076432; 0, 8, 1, 1; 133704567; 1, 0, 1; 0, 1, 0; 4, 1, 2;
0, 256; -2.011054, 2.615638, 0.631035 / -2.010600, 2.616161, 0.631248 / -2.011508, 2.615114, 0.630823; 0, 8, 1, 1; 62555176; 1, 0, 2; 1, 1, 0; 2, 1, 2/ 4, 1, 2;
0, 256; -2.136798, 2.664402, 0.836606; 0, 8, 1, 1; 59056446; 1, 0, 1; 0, 1, 0; 4, 1, 2;
0, 256; -2.655920, 2.597853, 2.808906; 0, 5, 1, 1; 152938211; 1, 0, 1; 1, 0, 0; 3, 1, 2;
1, 263; -3.102569, 3.583970, -1.998634; 0, 1, 1, 1; 227549183; 1, 0, 1; 0, 1, 0; 1, 1, 2;
1, 264; 0.105453, -2.602341, 2.269284; 0, 23, 1, 1; 142638720; 0, 1, 0; 1, 0, 0; 2, 1, 1;
0, 264; 0.191847, -2.467882, 2.172423; 0, 23, 1, 1; 142719029; 0, 1, 0; 1, 0, 0; 2, 1, 1;
1, 272; -1.760328, -1.141520, 2.894049; 0, 6, 1, 1; 135306857; 0, 1, 0; 1, 0, 0; 3, 1, 1;
0, 272; -1.777105, -1.463224, 3.180059; 0, 6, 1, 1; 142541900; 1, 0, 1; 1, 0, 0; 2, 1, 2;
0, 272; -1.777949, -1.460823, 3.177692; 0, 6, 1, 1; 142541815; 0, 1, 0; 1, 0, 0; 2, 1, 1;
0, 272; -1.936277, -0.711591, 2.739850; 0, 6, 1, 1; 125925351; 1, 0, 1; 0, 1, 0; 1, 1, 2;
0, 272; -2.056114, -2.336795, 3.507093; 0, 6, 1, 1; 175267781; 0, 1, 0; 0, 1, 0; 1, 1, 1;
0, 272; -2.057327, -2.340196, 3.504533; 0, 6, 1, 1; 175266739; 1, 0, 1; 1, 0, 0; 3, 1, 2;
1, 276; -0.356893, -1.123919, -1.051430; 0, 16, 1, 1; 56763405; 1, 0, 1; 0, 1, 0; 1, 1, 2;
0, 276; -0.528373, -0.978205, -0.741835; 0, 18, 1, 1; 54530002; 0, 1, 0; 1, 0, 0; 2, 1, 1;
0, 276; 1.602831, -2.237317, -0.045653 / 1.603558, -2.237222, -0.045620 / 1.602105, -2.237412, -0.045686; 0, 27, 1, 0; 12659763; 1, 0, 2; 0, 2, 1; 1, 1, 2/ 4, 5, 2;
0, 276; 2.471713, -1.264114, 1.356228; 0, 35, 1, 1; 61009918; 0, 1, 0; 1, 0, 0; 3, 1, 1;
0, 276; 3.400929, 0.362199, 1.858213; 0, 35, 1, 0; 9591707; 0, 1, 0; 0, 1, 0; 4, 1, 1;
1, 277; -2.776497, 3.356389, -1.385792; 0, 1, 1, 1; 231727771; 1, 0, 1; 1, 0, 0; 3, 1, 2;
0, 277; -2.827040, 3.390102, -1.389039; 0, 1, 1, 1; 231580171; 1, 0, 1; 0, 1, 0; 4, 1, 2;
0, 277; -3.096258, 2.972472, -0.212372; 0, 3, 1, 1; 131070016; 1, 0, 1; 0, 1, 0; 1, 1, 2;
0, 277; -3.098122, 2.978308, -0.209772; 0, 3, 1, 1; 131069143; 0, 1, 0; 0, 1, 0; 1, 1, 1;
0, 277; -3.100188, 2.970773, -0.214452; 0, 3, 1, 1; 131068960; 0, 1, 0; 0, 1, 0; 1, 1, 1;
0, 277; -3.355389, 3.226522, -0.415042; 0, 3, 1, 1; 141620214; 1, 0, 1; 0, 1, 0; 4, 1, 2;
0, 277; -3.384127, 3.199991, -0.482306; 0, 3, 1, 1; 141741597; 1, 0, 1; 0, 1, 0; 4, 1, 2;
1, 282; -3.192637, 1.001863, 0.726838; 0, 4, 1, 0; 14112704; 1, 0, 1; 0, 1, 0; 1, 1, 2;
1, 292; 3.836262, -0.654650, 3.695080; 0, 38, 1, 0; 26407422; 0, 1, 0; 1, 0, 0; 3, 1, 1;
1, 317; 2.579493, -2.144570, -0.508391; 0, 33, 1, 0; 21626276; 0, 1, 0; 0, 1, 0; 4, 1, 1;
1, 318; 1.421802, 1.439049, -0.124563; 0, 26, 1, 1; 108498664; 0, 1, 0; 0, 1, 0; 4, 1, 1;
0, 318; 1.522750, 1.397780, 0.357792; 0, 26, 1, 1; 111904928; 1, 0, 1; 1, 0, 0; 3, 1, 2;
0, 318; 1.523587, 1.259905, 0.488865; 0, 26, 1, 1; 111907078; 0, 1, 0; 1, 0, 0; 2, 1, 1;
0, 318; 1.571672, 0.978286, 0.724629; 0, 25, 1, 1; 174443602; 1, 0, 1; 1, 0, 0; 2, 1, 2;
0, 318; 1.592034, 1.585806, 0.125765; 0, 26, 1, 1; 97272356; 1, 0, 1; 0, 1, 0; 1, 1, 2;
0, 318; 1.592659, 1.586182, 0.129331; 0, 26, 1, 1; 97273403; 0, 1, 0; 1, 0, 0; 2, 1, 1;
0, 318; 1.614207, 1.598223, 0.121630; 0, 26, 1, 1; 97272597; 1, 0, 1; 0, 1, 0; 4, 1, 2;
0, 318; 1.628965, 1.613244, 0.105017; 0, 26, 1, 1; 97306558; 1, 0, 1; 0, 1, 0; 4, 1, 2;
0, 318; 2.157922, 0.841611, 1.358207; 0, 34, 1, 1; 137689529; 0, 1, 0; 0, 1, 0; 4, 1, 1;
0, 318; 2.163069, 0.841803, 1.354141; 0, 34, 1, 1; 137690633; 1, 0, 1; 0, 1, 0; 4, 1, 2;
0, 318; 2.383164, 0.698433, 2.018964; 0, 34, 1, 1; 134031755; 1, 0, 1; 1, 0, 0; 3, 1, 2;
1, 319; -0.771379, -3.848320, -2.040066 / -0.771335, -3.847822, -2.039604 / -0.771424, -3.848818, -2.040528; 0, 17, 1, 1; 44508206; 2, 1, 1; 1, 1, 0; 2, 1, 1/ 1, 4, 2;
0, 319; -0.860689, -3.864434, -2.276545; 0, 17, 1, 1; 44254224; 0, 1, 0; 0, 1, 0; 4, 1, 1;
1, 320; -3.249575, -0.127631, 0.833472; 0, 4, 1, 0; 50232072; 0, 1, 0; 1, 0, 0; 2, 1, 1;
1, 322; -2.936573, 0.356506, 0.432393 / -2.936199, 0.357396, 0.432977 / -2.936948, 0.355615, 0.431809; 0, 3, 1, 0; 60324303; 2, 1, 1; 1, 1, 0; 1, 1, 1/ 2, 5, 2;
0, 322; -2.964813, 0.316410, 0.421296; 0, 3, 1, 0; 60453989; 1, 0, 1; 1, 0, 0; 3, 1, 2;
0, 322; -2.970550, 1.093809, 0.755606; 0, 4, 1, 0; 13971446; 0, 1, 0; 1, 0, 0; 3, 1, 1;
0, 322; -2.971135, 0.317300, 0.415645; 0, 3, 1, 0; 60452770; 1, 0, 1; 0, 1, 0; 1, 1, 2;
0, 322; -2.978463, 1.094823, 0.756095; 0, 4, 1, 0; 13971421; 1, 0, 1; 0, 1, 0; 1, 1, 2;
0, 322; -2.979371, 1.096678, 0.754687; 0, 4, 1, 0; 13971658; 1, 0, 1; 0, 1, 0; 1, 1, 2;
0, 322; -3.049820, 1.134435, 0.744055; 0, 4, 1, 0; 14174398; 1, 0, 1; 1, 0, 0; 3, 1, 2;
0, 322; -3.062819, 1.150387, 0.750213; 0, 4, 1, 0; 14174769; 1, 0, 1; 0, 1, 0; 4, 1, 2;
0, 322; -3.367927, 0.978429, 0.705195; 0, 4, 1, 0; 14649290; 1, 0, 1; 0, 1, 0; 1, 1, 2;
0, 322; -3.526412, 0.973688, 0.769381; 0, 4, 1, 0; 14609664; 0, 1, 0; 0, 1, 0; 1, 1, 1;
0, 322; -3.630369, 0.988460, 0.811224; 0, 4, 1, 0; 14873099; 1, 0, 1; 0, 1, 0; 1, 1, 2;
0, 322; -3.633311, 0.984669, 0.804211; 0, 4, 1, 0; 14874384; 1, 0, 1; 1, 0, 0; 3, 1, 2;
0, 322; -3.838188, 0.977204, 0.993276; 0, 4, 1, 0; 15319063; 1, 0, 1; 0, 1, 0; 4, 1, 2;
0, 322; -3.859479, 0.940160, 1.029589; 0, 4, 1, 0; 15454542; 0, 1, 0; 0, 1, 0; 1, 1, 1;
0, 322; -3.879091, 0.941299, 1.012287; 0, 4, 1, 0; 15452286; 1, 0, 1; 0, 1, 0; 4, 1, 2;
1, 353; 0.720990, -3.378110, 2.460975; 0, 25, 1, 0; 12388743; 0, 1, 0; 0, 1, 0; 4, 1, 1;
0, 353; 1.591380, 0.230595, 3.670135; 0, 38, 1, 1; 91224844; 1, 0, 1; 0, 1, 0; 4, 1, 2;
0, 353; 1.732944, 0.949926, 3.753205 / 1.733207, 0.950135, 3.753419 / 1.732680, 0.949717, 3.752991; 0, 38, 1, 1; 92402782; 2, 1, 2; 1, 2, 0; 1, 1, 1/ 2, 1, 2/ 1, 2, 2;
1, 356; 0.537040, -2.171414, 1.943384; 0, 23, 1, 0; 47294243; 0, 1, 0; 0, 1, 0; 4, 1, 1;
0, 356; 0.623602, -2.069302, 1.862828; 0, 25, 1, 0; 89965315; 1, 0, 1; 0, 1, 0; 1, 1, 2;
1, 362; -1.562910, 1.463818, -3.187773; 0, 12, 1, 0; 20554371; 1, 0, 1; 0, 1, 0; 1, 1, 2;
0, 362; -1.564117, 1.464941, -3.187958; 0, 12, 1, 0; 20554289; 1, 0, 1; 0, 1, 0; 1, 1, 2;
1, 371; -3.860719, 2.311900, -0.124784; 0, 3, 1, 1; 109728483; 1, 0, 1; 0, 1, 0; 1, 1, 2;
0, 371; -3.861125, 2.311949, -0.121282; 0, 3, 1, 1; 109728406; 0, 1, 0; 0, 1, 0; 1, 1, 1;
0, 371; -3.862209, 2.296029, -0.128671; 0, 3, 1, 1; 109728926; 0, 1, 0; 1, 0, 0; 3, 1, 1;
1, 373; -0.214166, -0.023742, -3.465438; 0, 14, 1, 1; 28131776; 1, 0, 1; 0, 1, 0; 1, 1, 2;
0, 373; 0.064698, 0.054908, -3.434352; 0, 14, 1, 1; 35489100; 1, 0, 1; 0, 1, 0; 1, 1, 2;
0, 373; 0.970117, 0.092816, -3.377833 / 0.970215, 0.092941, -3.377305 / 0.970020, 0.092692, -3.378361; 0, 29, 1, 0; 14940883; 1, 0, 2; 1, 1, 0; 3, 1, 2/ 1, 4, 2;
1, 375; -2.796376, -0.993825, -2.338795; 0, 2, 1, 1; 105373438; 1, 0, 1; 0, 1, 0; 1, 1, 2;
0, 375; -2.812944, -0.999957, -2.344153; 0, 2, 1, 1; 105372604; 0, 1, 0; 0, 1, 0; 1, 1, 1;
0, 375; -2.983308, -1.390016, -2.503690; 0, 1, 1, 0; 77714385; 0, 1, 0; 1, 0, 0; 2, 1, 1;
0, 375; -2.983339, -1.396195, -2.502050; 0, 1, 1, 0; 77713269; 1, 0, 1; 0, 1, 0; 1, 1, 2;
0, 375; -3.094959, -1.584937, -2.587954; 0, 1, 1, 0; 66860610; 1, 0, 1; 0, 1, 0; 1, 1, 2;
0, 375; -3.104907, -1.612818, -2.596579; 0, 1, 1, 0; 66858958; 0, 1, 0; 0, 1, 0; 4, 1, 1;
0, 375; 1.403163, -1.590368, 1.880632; 0, 25, 1, 0; 96735906; 0, 1, 0; 0, 1, 0; 1, 1, 1;
1, 378; 0.992525, -2.475937, -2.730021; 0, 29, 1, 1; 96548512; 1, 0, 1; 1, 0, 0; 3, 1, 2;
0, 378; 1.539372, -1.093819, -1.911813; 0, 27, 1, 1; 150433997; 1, 0, 1; 0, 1, 0; 4, 1, 2;
0, 378; 1.839350, -0.539909, -1.595535; 0, 27, 1, 1; 169866728; 1, 0, 1; 0, 1, 0; 4, 1, 2;
0, 378; 1.851495, -0.536433, -1.596622; 0, 27, 1, 1; 169774806; 0, 1, 0; 0, 1, 0; 1, 1, 1;
0, 378; 1.900806, -0.510743, -1.625070; 0, 27, 1, 1; 169639654; 0, 1, 0; 0, 1, 0; 1, 1, 1;
0, 378; 1.908879, -0.490414, -1.654708; 0, 27, 1, 1; 169635344; 1, 0, 1; 0, 1, 0; 4, 1, 2;
0, 378; 2.290795, 0.210786, -1.424717; 0, 31, 1, 1; 141734965; 0, 1, 0; 1, 0, 0; 3, 1, 1;
1, 382; -2.329180, 3.064254, 0.724798; 0, 8, 1, 1; 77243441; 1, 0, 1; 0, 1, 0; 1, 1, 2;
0, 382; -2.905347, 2.493461, 1.941622; 0, 3, 1, 1; 181874719; 0, 1, 0; 0, 1, 0; 4, 1, 1;
0, 382; -2.910549, 2.487898, 1.942668; 0, 3, 1, 1; 181874746; 1, 0, 1; 0, 1, 0; 4, 1, 2;
0, 382; -2.910693, 2.487840, 1.944881; 0, 3, 1, 1; 181875791; 0, 1, 0; 0, 1, 0; 1, 1, 1;
0, 382; -2.916308, 2.966327, 0.533240; 0, 3, 1, 1; 132158393; 1, 0, 1; 0, 1, 0; 1, 1, 2;
0, 382; -2.924506, 2.474675, 1.950220; 0, 3, 1, 1; 182007187; 0, 1, 0; 0, 1, 0; 1, 1, 1;
0, 382; -3.195517, 2.241484, 2.069341; 0, 3, 1, 1; 197697040; 1, 0, 1; 0, 1, 0; 1, 1, 2;
0, 382; -3.490469, 3.827825, 0.674861; 0, 42, 1, 1; 30027260; 1, 0, 1; 0, 1, 0; 1, 1, 2;
0, 382; -3.497638, 3.839026, 0.676259; 0, 42, 1, 1; 30025937; 0, 1, 0; 1, 0, 0; 3, 1, 1;
1, 392; 0.809260, -2.459586, 0.657003; 0, 25, 1, 0; 73241130; 1, 0, 1; 1, 0, 0; 2, 1, 2;
0, 392; 0.829131, -1.091380, 0.687691; 0, 25, 1, 1; 109532368; 1, 0, 1; 1, 0, 0; 3, 1, 2;
1, 397; -2.740589, 2.375710, -1.669501; 0, 2, 1, 0; 1801620; 1, 0, 1; 0, 1, 0; 1, 1, 2;
0, 397; -2.741380, 2.372990, -1.665937; 0, 2, 1, 0; 1801858; 1, 0, 1; 0, 1, 0; 4, 1, 2;
0, 397; -2.742943, 2.372391, -1.664305 / -2.742672, 2.373013, -1.664118 / -2.743215, 2.371769, -1.664493; 0, 2, 1, 0; 1801939; 0, 3, 0; 1, 2, 0; 2, 1, 1/ 4, 1, 1/ 4, 3, 1;
0, 397; -2.873265, 2.329842, -1.440571; 0, 2, 1, 0; 4469831; 0, 1, 0; 1, 0, 0; 3, 1, 1;
0, 397; -2.876756, 2.334396, -1.440622; 0, 2, 1, 0; 4468916; 1, 0, 1; 0, 1, 0; 4, 1, 2;
0, 397; -3.027269, 2.804753, -1.046849; 0, 1, 1, 1; 251041115; 1, 0, 1; 1, 0, 0; 2, 1, 2;
0, 397; -3.027730, 2.804204, -1.045157; 0, 1, 1, 1; 251041037; 0, 1, 0; 0, 1, 0; 4, 1, 1;
0, 397; -3.038501, 2.792302, -1.059053; 0, 1, 1, 1; 251042899; 1, 0, 1; 0, 1, 0; 4, 1, 2;
1, 408; -3.825815, 3.119587, -1.860888; 0, 1, 1, 1; 241024332; 1, 0, 1; 0, 1, 0; 1, 1, 2;
1, 412; 0.770930, 2.069395, -2.615960; 0, 28, 1, 1; 149065202; 1, 0, 1; 0, 1, 0; 1, 1, 2;
0, 412; 0.779019, 2.021484, -2.640345; 0, 28, 1, 1; 149197071; 0, 1, 0; 1, 0, 0; 2, 1, 1;
0, 412; 1.254984, 1.874690, -2.571802; 0, 28, 1, 1; 148523889; 1, 0, 1; 0, 1, 0; 1, 1, 2;
0, 412; 1.258702, 1.878532, -2.568849; 0, 28, 1, 1; 148523951; 0, 1, 0; 0, 1, 0; 1, 1, 1;
0, 412; 1.275185, 1.874288, -2.575798; 0, 28, 1, 1; 148523584; 1, 0, 1; 0, 1, 0; 4, 1, 2;
0, 412; 1.361080, 1.858178, -2.648803; 0, 28, 1, 1; 148543374; 1, 0, 1; 0, 1, 0; 1, 1, 2;
0, 412; 1.361339, 1.861535, -2.649251; 0, 28, 1, 1; 148543285; 1, 0, 1; 0, 1, 0; 4, 1, 2;
1, 417; -2.294779, 0.809200, 2.740015; 0, 6, 1, 1; 81997616; 0, 1, 0; 1, 0, 0; 2, 1, 1;
0, 417; -2.328919, 0.835004, 2.508490; 0, 6, 1, 1; 78657038; 1, 0, 1; 0, 1, 0; 1, 1, 2;
0, 417; -2.492460, 1.102263, 3.156625; 0, 5, 1, 1; 115466512; 0, 1, 0; 1, 0, 0; 2, 1, 1;
1, 421; -0.397276, -0.936314, -0.494547; 0, 18, 1, 1; 54749649; 0, 1, 0; 1, 0, 0; 3, 1, 1;
0, 421; -0.398637, -0.933691, -0.494038; 0, 18, 1, 1; 54749431; 1, 0, 1; 0, 1, 0; 1, 1, 2;
0, 421; -0.403350, -0.940906, -0.491850; 0, 18, 1, 1; 54748543; 0, 1, 0; 1, 0, 0; 3, 1, 1;
0, 421; -0.571566, -1.780566, -0.745089; 0, 18, 1, 1; 36698616; 0, 1, 0; 1, 0, 0; 2, 1, 1;
0, 421; -0.572586, -1.780993, -0.750782; 0, 18, 1, 1; 36697489; 1, 0, 1; 0, 1, 0; 4, 1, 2;
0, 421; -0.573038, -1.713505, -0.711972; 0, 18, 1, 1; 36670667; 1, 0, 1; 0, 1, 0; 4, 1, 2;
0, 421; -0.574241, -1.773406, -0.753494; 0, 18, 1, 1; 36697444; 1, 0, 1; 0, 1, 0; 4, 1, 2;
0, 421; -0.576679, -1.771224, -0.754864; 0, 18, 1, 1; 36697230; 0, 1, 0; 1, 0, 0; 3, 1, 1;
0, 421; -0.576681, -1.780867, -0.745692; 0, 18, 1, 1; 36698598; 0, 1, 0; 0, 1, 0; 1, 1, 1;
0, 421; -1.041362, -2.312826, -1.408191 / -1.041245, -2.312348, -1.406888 / -1.041478, -2.313305, -1.409494; 0, 10, 1, 1; 68502349; 1, 0, 2; 1, 1, 0; 2, 1, 2/ 4, 7, 2;
0, 421; -1.122673, -2.332411, -1.642995; 0, 10, 1, 1; 68248211; 1, 0, 1; 0, 1, 0; 4, 1, 2;
0, 421; -1.142458, -2.336749, -1.679471; 0, 10, 1, 1; 68242833; 1, 0, 1; 0, 1, 0; 1, 1, 2;
0, 421; -1.377413, -2.452233, -2.041125; 0, 10, 1, 1; 53429080; 1, 0, 1; 1, 0, 0; 3, 1, 2;
0, 421; -2.184794, -3.098092, -1.341434; 0, 10, 1, 0; 40946557; 1, 0, 1; 0, 1, 0; 1, 1, 2;
0, 421; -2.191987, -3.100476, -1.338155; 0, 10, 1, 0; 40947643; 1, 0, 1; 0, 1, 0; 4, 1, 2;
0, 421; -2.512361, -2.504521, -2.299094; 0, 2, 1, 1; 142098771; 0, 1, 0; 0, 1, 0; 1, 1, 1;
0, 421; -2.642550, -2.322834, -2.226807; 0, 2, 1, 1; 141689954; 0, 1, 0; 1, 0, 0; 3, 1, 1;
1, 422; -3.662650, 0.077856, -3.147168; 0, 1, 1, 0; 125162340; 1, 0, 1; 0, 1, 0; 1, 1, 2;
1, 425; 0.989235, -3.022386, 3.144758; 0, 25, 1, 0; 4370663; 1, 0, 1; 0, 1, 0; 4, 1, 2;
0, 425; 1.139622, -2.170066, 2.812964; 0, 24, 1, 1; 237369512; 1, 0, 1; 0, 1, 0; 1, 1, 2;
0, 425; 1.170854, -1.410056, 2.296790; 0, 24, 1, 1; 213235427; 1, 0, 1; 0, 1, 0; 1, 1, 2;
0, 425; 1.566817, 3.550035, -1.046802; 0, 28, 1, 1; 89810782; 0, 1, 0; 0, 1, 0; 1, 1, 1;
1, 427; 2.127809, -3.814000, 1.389138; 0, 36, 1, 0; 12190664; 0, 1, 0; 0, 1, 0; 1, 1, 1;
0, 427; 2.128170, -3.814953, 1.393811; 0, 36, 1, 0; 12190645; 1, 0, 1; 0, 1, 0; 1, 1, 2;
0, 427; 2.128673, -3.812293, 1.394668; 0, 36, 1, 0; 12190718; 0, 1, 0; 0, 1, 0; 4, 1, 1;
0, 427; 2.190008, -3.747154, 1.761555; 0, 36, 1, 0; 12298617; 1, 0, 1; 0, 1, 0; 4, 1, 2;
1, 430; 1.409652, -1.277875, 2.467064; 0, 24, 1, 1; 211841615; 1, 0, 1; 0, 1, 0; 4, 1, 2;
0, 430; 1.521370, -1.338776, 2.304773; 0, 24, 1, 1; 214161622; 1, 0, 1; 0, 1, 0; 4, 1, 2;
0, 430; 1.524941, -1.338180, 2.288878 / 1.525560, -1.338089, 2.289015 / 1.524322, -1.338270, 2.288741; 0, 24, 1, 1; 214161471; 2, 1, 1; 0, 2, 1; 4, 1, 1/ 1, 6, 2;
0, 430; 1.858085, -1.277349, 1.956691 / 1.858678, -1.276144, 1.956696 / 1.857493, -1.278555, 1.956686; 0, 25, 1, 0; 100610196; 2, 2, 1; 1, 2, 0; 1, 1, 1/ 2, 1, 2/ 1, 10, 1;
0, 430; 1.863423, -1.280612, 1.955733; 0, 25, 1, 0; 100610180; 1, 0, 1; 0, 1, 0; 4, 1, 2;
1, 431; 0.390289, 2.358161, 3.422298; 0, 24, 1, 0; 25253807; 1, 0, 1; 1, 0, 0; 3, 1, 2;
0, 431; 0.416385, 2.322506, 3.358826; 0, 24, 1, 0; 25348595; 1, 0, 1; 0, 1, 0; 4, 1, 2;
0, 431; 0.530582, 2.478677, 3.732840; 0, 39, 1, 1; 36965609; 0, 1, 0; 0, 1, 0; 1, 1, 1;
0, 431; 0.543609, 2.467830, 3.728602; 0, 39, 1, 1; 36966050; 0, 1, 0; 0, 1, 0; 4, 1, 1;
1, 433; -3.241252, 1.525544, -2.954744; 0, 1, 1, 1; 167039383; 1, 0, 1; 0, 1, 0; 1, 1, 2;
0, 433; -3.242132, 1.529108, -2.953830; 0, 1, 1, 1; 167039394; 1, 0, 1; 0, 1, 0; 1, 1, 2;
0, 433; -3.258946, 1.393590, -2.911652; 0, 1, 1, 1; 157260861; 1, 0, 1; 0, 1, 0; 1, 1, 2;
0, 433; -3.503870, 3.280602, -3.445523; 0, 1, 1, 1; 212809417; 1, 0, 1; 0, 1, 0; 1, 1, 2;
0, 433; -3.504486, 3.282342, -3.450773; 0, 1, 1, 1; 212809564; 0, 1, 0; 0, 1, 0; 4, 1, 1;
0, 433; -3.765536, 3.845987, -3.525854; 0, 44, 1, 1; 44790561; 0, 1, 0; 0, 1, 0; 1, 1, 1;
1, 443; 3.692453, 2.569918, -1.244082; 0, 45, 1, 1; 34621074; 1, 0, 1; 0, 1, 0; 4, 1, 2;
1, 448; 2.342697, 3.362108, -1.885083; 0, 31, 1, 0; 41274028; 1, 0, 1; 1, 0, 0; 2, 1, 2;
0, 448; 2.520370, 3.376772, -1.738063; 0, 31, 1, 0; 44149064; 1, 0, 1; 0, 1, 0; 1, 1, 2;
0, 448; 2.528333, 3.378034, -1.731302; 0, 31, 1, 0; 44147764; 1, 0, 1; 0, 1, 0; 4, 1, 2;
1, 451; -1.383736, 3.073147, -1.423246; 0, 11, 1, 1; 84109981; 0, 1, 0; 0, 1, 0; 1, 1, 1;
0, 451; -1.391304, 3.157442, -1.541834; 0, 11, 1, 1; 84299591; 0, 1, 0; 0, 1, 0; 1, 1, 1;
0, 451; -1.392322, 3.154201, -1.538740; 0, 11, 1, 1; 84298537; 1, 0, 1; 1, 0, 0; 2, 1, 2;
0, 451; -1.524173, 3.267812, -1.561627; 0, 11, 1, 1; 82456842; 0, 1, 0; 0, 1, 0; 4, 1, 1;
1, 453; -0.320504, -1.225913, 2.855809; 0, 23, 1, 1; 174244895; 1, 0, 1; 0, 1, 0; 4, 1, 2;
0, 453; -0.322368, -1.219489, 2.857492; 0, 23, 1, 1; 174245073; 1, 0, 1; 0, 1, 0; 1, 1, 2;
0, 453; -1.439874, -0.107592, 3.030372; 0, 6, 1, 1; 106111051; 0, 1, 0; 0, 1, 0; 1, 1, 1;
0, 453; -2.172218, 1.551476, 2.250948; 0, 6, 1, 0; 57122875; 1, 0, 1; 0, 1, 0; 4, 1, 2;
0, 453; -2.307027, 1.463880, 2.239114; 0, 6, 1, 0; 60171430; 1, 0, 1; 1, 0, 0; 3, 1, 2;
0, 453; -2.455515, 1.438789, 2.247824; 0, 5, 1, 1; 117494499; 1, 0, 1; 1, 0, 0; 3, 1, 2;
0, 453; -2.896671, 1.448142, 2.054695; 0, 4, 1, 0; 5471763; 1, 0, 1; 1, 0, 0; 2, 1, 2;
1, 454; -3.509297, -0.813897, 2.933403; 0, 5, 1, 1; 55527875; 1, 0, 1; 0, 1, 0; 4, 1, 2;
0, 454; -3.509836, -0.811230, 2.935581; 0, 5, 1, 1; 55527945; 0, 1, 0; 1, 0, 0; 2, 1, 1;
1, 474; -3.233146, 2.475927, -2.283419; 0, 1, 1, 1; 260122420; 1, 0, 1; 1, 0, 0; 3, 1, 2;
0, 474; 0.064218, 0.955422, -1.962353; 0, 15, 1, 1; 103165424; 0, 1, 0; 0, 1, 0; 4, 1, 1;
0, 474; 0.066262, 0.958374, -1.960198; 0, 15, 1, 1; 103165645; 1, 0, 1; 0, 1, 0; 4, 1, 2;
0, 474; 2.743663, -1.126115, -0.407176; 0, 33, 1, 1; 56829178; 0, 1, 0; 0, 1, 0; 4, 1, 1;
0, 474; 2.751144, -1.130543, -0.387087; 0, 33, 1, 1; 56735986; 0, 1, 0; 0, 1, 0; 1, 1, 1;
1, 530; -2.535777, -1.720469, 0.663261; 0, 4, 1, 1; 103182981; 1, 0, 1; 0, 1, 0; 4, 1, 2;
1, 531; -3.443613, -3.523298, -2.343127; 0, 2, 1, 1; 176624204; 0, 1, 0; 1, 0, 0; 2, 1, 1;
1, 537; 2.645979, 2.030527, -2.310654; 0, 31, 1, 1; 91926136; 1, 0, 1; 1, 0, 0; 3, 1, 2;
0, 537; 3.024367, 1.397554, -2.898849; 0, 30, 1, 1; 125938924; 1, 0, 1; 0, 1, 0; 4, 1, 2;
0, 537; 3.026406, 1.395010, -2.896530; 0, 30, 1, 1; 125938711; 1, 0, 1; 0, 1, 0; 4, 1, 2;
1, 539; 3.232962, -1.127589, -3.450831; 0, 30, 1, 1; 53163231; 1, 0, 1; 1, 0, 0; 3, 1, 2;
1, 540; 0.972037, -3.246449, 2.572826; 0, 25, 1, 0; 8130400; 1, 0, 1; 0, 1, 0; 4, 1, 2;
0, 540; 1.264558, -3.111091, 2.737971; 0, 25, 1, 0; 6031999; 1, 0, 1; 0, 1, 0; 1, 1, 2;
0, 540; 1.317713, -3.079907, 2.764424; 0, 25, 1, 0; 5908577; 1, 0, 1; 0, 1, 0; 4, 1, 2;
0, 540; 3.548245, -2.326549, 3.393766; 0, 36, 1, 1; 61090775; 1, 0, 1; 0, 1, 0; 1, 1, 2;
1, 551; 1.775610, 0.856002, 0.743476; 0, 25, 1, 1; 170283397; 1, 0, 1; 0, 1, 0; 1, 1, 2;
1, 556; 2.936293, -1.854773, -1.994877; 0, 32, 1, 1; 54488623; 1, 0, 1; 0, 1, 0; 1, 1, 2;
1, 557; -0.863211, 3.044707, -0.187717; 0, 20, 1, 1; 34172158; 1, 0, 1; 1, 0, 0; 3, 1, 2;
0, 557; -0.864496, 3.044323, -0.192048 / -0.863698, 3.044443, -0.191970 / -0.865293, 3.044204, -0.192127; 0, 20, 1, 1; 34172006; 0, 2, 0; 2, 0, 0; 3, 1, 1/ 2, 6, 1;
0, 557; -1.093959, 3.255415, -0.180430; 0, 8, 1, 1; 107693755; 1, 0, 1; 0, 1, 0; 1, 1, 2;
0, 557; 0.186416, 3.377323, -0.541459; 0, 20, 1, 1; 41619551; 1, 0, 1; 0, 1, 0; 4, 1, 2;
0, 557; 0.189084, 3.373625, -0.536699; 0, 20, 1, 1; 41619449; 0, 1, 0; 0, 1, 0; 4, 1, 1;
0, 557; 0.202772, 3.354726, -0.544266; 0, 20, 1, 1; 41617467; 0, 1, 0; 1, 0, 0; 3, 1, 1;
1, 560; 3.369793, 3.521600, 0.705491; 0, 34, 1, 1; 53097284; 0, 1, 0; 0, 1, 0; 4, 1, 1;
0, 560; 3.505701, 3.406255, 0.689413; 0, 34, 1, 1; 53015894; 0, 1, 0; 0, 1, 0; 4, 1, 1;
1, 564; -1.472887, -3.863102, 3.062304; 0, 7, 1, 0; 32365114; 1, 0, 1; 0, 1, 0; 1, 1, 2;
1, 570; -3.526825, -3.481901, -2.474125; 0, 1, 1, 0; 16024465; 1, 0, 1; 0, 1, 0; 1, 1, 2;
1, 587; -3.111189, -1.307155, 1.600088; 0, 4, 1, 1; 91698779; 1, 0, 1; 1, 0, 0; 2, 1, 2;
0, 587; -3.114071, -1.268136, 1.573387 / -3.113887, -1.267655, 1.573575 / -3.114255, -1.268617, 1.573199; 0, 4, 1, 1; 91597902; 2, 1, 1; 1, 1, 0; 2, 1, 2/ 1, 4, 1;
0, 587; -3.128825, -1.130763, 1.579496; 0, 4, 1, 1; 79061566; 0, 1, 0; 0, 1, 0; 1, 1, 1;
0, 587; -3.878044, -1.887281, 0.090512; 0, 2, 1, 1; 242220349; 0, 1, 0; 0, 1, 0; 1, 1, 1;
1, 589; -3.570149, 1.081752, 1.392118; 0, 4, 1, 0; 18323928; 1, 0, 1; 0, 1, 0; 4, 1, 2;
1, 595; -3.656851, -0.071270, -3.395798; 0, 1, 1, 0; 108502623; 0, 1, 0; 0, 1, 0; 1, 1, 1;
1, 599; -1.885523, -3.546224, -2.045408; 0, 10, 1, 0; 27216189; 0, 1, 0; 0, 1, 0; 4, 1, 1;
0, 599; 1.857127, -0.802601, -2.453095 / 1.857281, -0.802331, -2.452999 / 1.856972, -0.802871, -2.453191; 0, 29, 1, 0; 41221474; 0, 3, 0; 3, 0, 0; 2, 1, 1/ 3, 1, 1/ 2, 2, 1;
0, 599; 1.862457, -0.802173, -2.452558 / 1.862622, -0.801996, -2.451572 / 1.862291, -0.802351, -2.453544; 0, 29, 1, 0; 41221490; 2, 2, 1; 2, 1, 0; 1, 1, 2/ 2, 4, 1/ 2, 5, 1;
0, 599; 1.867857, -0.804500, -2.451538; 0, 29, 1, 0; 41221585; 1, 0, 1; 0, 1, 0; 4, 1, 2;
1, 600; -0.542920, -0.459901, -0.952957; 0, 16, 1, 1; 38707474; 1, 0, 1; 1, 0, 0; 2, 1, 2;
0, 600; -0.559072, -0.543383, -1.009022; 0, 16, 1, 1; 38826788; 0, 1, 0; 0, 1, 0; 1, 1, 1;
0, 600; -0.564452, -0.526800, -1.012205; 0, 16, 1, 1; 38829209; 1, 0, 1; 1, 0, 0; 2, 1, 2;
0, 600; -0.566163, -0.522583, -1.013721; 0, 16, 1, 1; 38829367; 0, 1, 0; 0, 1, 0; 4, 1, 1;
0, 600; -0.820177, -0.663864, -0.787248 / -0.819399, -0.662199, -0.786849 / -0.820954, -0.665529, -0.787648; 0, 18, 1, 1; 58135945; 1, 0, 2; 0, 2, 1; 4, 1, 2/ 1, 11, 2;
0, 600; -0.820313, -0.662607, -0.793383; 0, 18, 1, 1; 58137071; 0, 1, 0; 0, 1, 0; 1, 1, 1;
0, 600; -0.987983, -1.294495, -0.128820; 0, 9, 1, 1; 88828817; 0, 1, 0; 0, 1, 0; 4, 1, 1;
0, 600; -0.995701, -1.311585, -0.121126; 0, 9, 1, 1; 88829864; 1, 0, 1; 1, 0, 0; 3, 1, 2;
1, 611; -2.657474, -0.577909, -2.599811; 0, 1, 1, 0; 99330571; 1, 0, 1; 1, 0, 0; 2, 1, 2;
1, 615; -0.176265, 0.372377, 3.377256; 0, 23, 1, 1; 230988776; 0, 1, 0; 0, 1, 0; 4, 1, 1;
0, 615; -0.182417, 0.368116, 3.356392 / -0.182352, 0.368353, 3.357100 / -0.182481, 0.367879, 3.355684; 0, 23, 1, 1; 230989326; 2, 2, 1; 1, 2, 0; 3, 1, 2/ 4, 4, 1/ 4, 5, 1;
0, 615; -0.185789, 0.370121, 3.367066; 0, 23, 1, 1; 230990036; 1, 0, 1; 0, 1, 0; 4, 1, 2;
0, 615; -0.187136, 0.373719, 3.364484; 0, 23, 1, 1; 230990251; 1, 0, 1; 0, 1, 0; 1, 1, 2;
0, 615; -0.917009, 0.865961, 3.811292; 0, 39, 1, 1; 79573191; 0, 1, 0; 0, 1, 0; 1, 1, 1;
0, 615; -0.919310, 0.864682, 3.816167; 0, 39, 1, 1; 79573338; 0, 1, 0; 0, 1, 0; 1, 1, 1;
1, 617; 3.694058, -0.220192, 3.066387; 0, 46, 1, 1; 56752572; 1, 0, 1; 0, 1, 0; 4, 1, 2;
0, 617; 3.702202, -0.223896, 3.063844; 0, 46, 1, 1; 56751534; 1, 0, 1; 1, 0, 0; 3, 1, 2;
0, 617; 3.711166, -0.221002, 3.067229 / 3.711468, -0.220967, 3.067434 / 3.710863, -0.221037, 3.067025; 0, 46, 1, 1; 56750169; 2, 1, 1; 2, 0, 0; 2, 1, 2/ 2, 2, 1;
1, 620; 0.220928, 3.836096, -3.718643; 0, 44, 1, 1; 49819795; 1, 0, 1; 0, 1, 0; 4, 1, 2;
1, 622; -3.683862, -0.923281, 0.997697; 0, 4, 1, 1; 83191508; 0, 1, 0; 0, 1, 0; 1, 1, 1;
1, 637; 1.228811, -2.878220, -3.712061; 0, 29, 1, 1; 103635540; 1, 0, 1; 0, 1, 0; 1, 1, 2;
0, 637; 1.289754, -2.912414, -3.106548; 0, 29, 1, 1; 107001947; 0, 1, 0; 0, 1, 0; 4, 1, 1;
0, 637; 1.726859, -2.940557, -3.167553; 0, 29, 1, 1; 106805301; 0, 1, 0; 1, 0, 0; 2, 1, 1;
0, 637; 2.301141, -2.483918, -3.151121; 0, 30, 1, 0; 6745576; 0, 1, 0; 1, 0, 0; 2, 1, 1;
1, 640; -3.639285, -2.294542, 2.256732; 0, 5, 1, 0; 16680856; 1, 0, 1; 1, 0, 0; 3, 1, 2;
0, 640; -3.805589, -2.444155, 2.330772; 0, 4, 1, 1; 202358268; 0, 1, 0; 0, 1, 0; 4, 1, 1;
1, 642; 2.717373, -2.668136, 3.130076 / 2.717568, -2.667980, 3.130199 / 2.717177, -2.668292, 3.129953; 0, 36, 1, 1; 56854874; 0, 2, 0; 0, 2, 0; 1, 1, 1/ 1, 2, 1;
0, 642; 2.722498, -2.672699, 3.130914; 0, 36, 1, 1; 56854902; 0, 1, 0; 1, 0, 0; 2, 1, 1;
0, 642; 2.778822, -2.766191, 3.166510; 0, 36, 1, 1; 46968681; 1, 0, 1; 0, 1, 0; 4, 1, 2;
0, 642; 3.106698, -2.811587, 3.261488; 0, 36, 1, 1; 45783335; 1, 0, 1; 0, 1, 0; 1, 1, 2;
0, 642; 3.266403, -2.718708, 2.592510; 0, 36, 1, 1; 45010063; 0, 1, 0; 0, 1, 0; 1, 1, 1;
0, 642; 3.266750, -2.717538, 2.590146; 0, 36, 1, 1; 45009983; 0, 1, 0; 0, 1, 0; 4, 1, 1;
0, 642; 3.270128, -2.719310, 2.588243; 0, 36, 1, 1; 45009819; 1, 0, 1; 0, 1, 0; 1, 1, 2;
0, 642; 3.281174, -2.721651, 2.606351; 0, 36, 1, 1; 45012181; 1, 0, 1; 0, 1, 0; 4, 1, 2;
0, 642; 3.323895, -2.657262, 2.491131; 0, 36, 1, 1; 59729801; 1, 0, 1; 0, 1, 0; 4, 1, 2;
0, 642; 3.326343, -2.656584, 2.487807; 0, 36, 1, 1; 59728745; 0, 1, 0; 0, 1, 0; 1, 1, 1;
0, 642; 3.329113, -2.653923, 2.484233; 0, 36, 1, 1; 59728581; 1, 0, 1; 0, 1, 0; 4, 1, 2;
1, 663; 2.591342, -2.432778, -3.786897; 0, 30, 1, 0; 9028206; 0, 1, 0; 1, 0, 0; 3, 1, 1;
1, 672; -2.439151, -3.620757, -0.416251; 0, 2, 1, 1; 194408885; 0, 1, 0; 0, 1, 0; 1, 1, 1;
1, 678; 2.796299, -0.659300, -0.338201; 0, 33, 1, 1; 64870719; 0, 1, 0; 0, 1, 0; 4, 1, 1;
0, 678; 2.797685, -0.659893, -0.342613; 0, 33, 1, 1; 64870735; 0, 1, 0; 0, 1, 0; 4, 1, 1;
1, 679; 2.298644, 2.339992, -1.745860; 0, 31, 1, 1; 80439695; 1, 0, 1; 0, 1, 0; 4, 1, 2;
0, 679; 2.904401, -1.313809, 0.160461; 0, 33, 1, 0; 47787386; 1, 0, 1; 0, 1, 0; 1, 1, 2;
1, 680; -3.537217, 0.320317, -3.558407; 0, 1, 1, 0; 129238165; 0, 1, 0; 1, 0, 0; 2, 1, 1;
1, 682; -0.506704, 2.794917, -2.767217; 0, 15, 1, 0; 3327846; 1, 0, 1; 0, 1, 0; 4, 1, 2;
0, 682; -1.991640, -0.321380, -1.856556 / -1.991047, -0.320368, -1.856405 / -1.992232, -0.322392, -1.856707; 0, 10, 1, 1; 117036486; 2, 1, 1; 0, 2, 0; 4, 1, 2/ 4, 6, 1;
1, 684; -0.229410, -3.714331, 0.834333; 0, 23, 1, 0; 91633914; 1, 0, 1; 0, 1, 0; 4, 1, 2;
0, 684; 0.336761, -3.568777, 0.765963; 0, 23, 1, 0; 90700239; 1, 0, 1; 0, 1, 0; 1, 1, 2;
1, 685; 2.928109, -1.105052, 1.313163; 0, 35, 1, 1; 51572987; 0, 1, 0; 1, 0, 0; 2, 1, 1;
0, 685; 3.108321, -1.522622, 0.516926; 0, 33, 1, 0; 37120093; 0, 1, 0; 0, 1, 0; 1, 1, 1;
0, 685; 3.541751, -1.123507, -0.193946; 0, 33, 1, 0; 52809400; 1, 0, 1; 0, 1, 0; 4, 1, 2;
1, 689; 0.633812, 2.513614, -0.994193; 0, 28, 1, 0; 61154839; 1, 0, 1; 0, 1, 0; 1, 1, 2;
0, 689; 0.659246, 2.539846, -0.966563; 0, 28, 1, 0; 61027320; 1, 0, 1; 0, 1, 0; 1, 1, 2;
0, 689; 0.797147, 2.644701, -0.835424; 0, 26, 1, 1; 69639824; 0, 1, 0; 0, 1, 0; 4, 1, 1;
1, 690; -0.703315, 0.409303, -1.710474; 0, 16, 1, 0; 16297086; 0, 1, 0; 1, 0, 0; 3, 1, 1;
0, 690; -0.704895, 0.409710, -1.711451; 0, 16, 1, 0; 16297164; 0, 1, 0; 1, 0, 0; 2, 1, 1;
1, 692; 2.984400, 3.399045, -0.096064; 0, 34, 1, 1; 48354076; 1, 0, 1; 0, 1, 0; 4, 1, 2;
1, 704; 3.145820, -3.711626, -0.877275; 0, 32, 1, 1; 121963080; 1, 0, 1; 0, 1, 0; 1, 1, 2;
1, 707; 0.193832, 3.214437, 3.412026; 0, 24, 1, 0; 47060797; 1, 0, 1; 0, 1, 0; 4, 1, 2;
0, 707; 0.367441, 2.911899, 3.340843; 0, 24, 1, 0; 43471762; 1, 0, 1; 1, 0, 0; 3, 1, 2;
0, 707; 2.564944, 0.969675, 3.074282; 0, 37, 1, 1; 49182700; 1, 0, 1; 0, 1, 0; 1, 1, 2;
0, 707; 3.237078, 0.822632, 3.214772; 0, 37, 1, 1; 40823939; 0, 1, 0; 0, 1, 0; 1, 1, 1;
0, 707; 3.238310, 0.820637, 3.210430 / 3.238407, 0.820739, 3.210525 / 3.238213, 0.820534, 3.210335; 0, 37, 1, 1; 40823786; 2, 1, 1; 2, 0, 0; 3, 1, 1/ 3, 2, 2;
0, 707; 3.248206, 0.827406, 3.179715 / 3.248472, 0.827852, 3.180430 / 3.247939, 0.826959, 3.178999; 0, 37, 1, 1; 40819175; 2, 1, 1; 1, 1, 0; 2, 1, 1/ 4, 4, 2;
0, 707; 3.250286, 0.837485, 3.182991; 0, 37, 1, 1; 40819359; 1, 0, 1; 0, 1, 0; 4, 1, 2;
1, 708; 2.000072, -0.368362, 2.171723; 0, 24, 1, 1; 178720230; 1, 0, 1; 0, 1, 0; 1, 1, 2;
0, 708; 2.014677, -0.373185, 2.152144; 0, 24, 1, 1; 178721974; 1, 0, 1; 0, 1, 0; 1, 1, 2;
1, 714; 1.908484, 0.509904, 3.876917; 0, 38, 1, 1; 81066493; 1, 0, 1; 1, 0, 0; 2, 1, 2;
0, 714; 1.909782, 0.510241, 3.872905; 0, 38, 1, 1; 81066658; 1, 0, 1; 1, 0, 0; 3, 1, 2;
1, 715; 1.904766, 2.605172, 0.017835; 0, 26, 1, 1; 75157290; 1, 0, 1; 0, 1, 0; 1, 1, 2;
1, 717; 2.593640, -2.470481, -2.928723; 0, 30, 1, 0; 8079248; 1, 0, 1; 1, 0, 0; 2, 1, 2;
1, 720; -1.985061, -2.955650, -2.677000; 0, 13, 1, 0; 10071399; 1, 0, 1; 0, 1, 0; 4, 1, 2;
1, 728; -0.700444, -0.106024, -1.430797 / -0.699884, -0.105270, -1.430586 / -0.701004, -0.106777, -1.431007; 0, 16, 1, 0; 34814106; 1, 0, 2; 0, 2, 1; 4, 1, 2/ 1, 7, 2;
1, 733; -1.101785, -3.322989, -0.952530; 0, 10, 1, 0; 32796229; 0, 1, 0; 0, 1, 0; 1, 1, 1;
0, 733; -3.195516, -1.591755, -0.578245; 0, 2, 1, 1; 254797459; 1, 0, 1; 0, 1, 0; 1, 1, 2;
0, 733; -3.199875, -1.586288, -0.577259; 0, 2, 1, 1; 254796352; 1, 0, 1; 0, 1, 0; 1, 1, 2;
0, 733; -3.203811, -1.594076, -0.574341 / -3.203000, -1.593857, -0.573647 / -3.204622, -1.594294, -0.575036; 0, 2, 1, 1; 254796243; 2, 1, 1; 0, 2, 0; 4, 1, 1/ 4, 6, 2;
0, 733; -3.206647, -1.608082, -0.570643; 0, 2, 1, 1; 254795851; 1, 0, 1; 1, 0, 0; 3, 1, 2;
0, 733; -3.484021, -1.441069, -0.527161; 0, 3, 1, 0; 3829700; 1, 0, 1; 1, 0, 0; 3, 1, 2;
1, 737; 2.463435, 1.149129, -2.608651; 0, 30, 1, 1; 115739171; 1, 0, 1; 0, 1, 0; 1, 1, 2;
0, 737; 2.911042, 0.505755, -1.739741; 0, 31, 1, 1; 133813221; 0, 1, 0; 0, 1, 0; 1, 1, 1;
1, 744; 1.733043, -2.442471, -2.008206; 0, 27, 1, 1; 100833554; 1, 0, 1; 0, 1, 0; 4, 1, 2;
1, 749; -0.824104, 0.790121, -1.459319; 0, 16, 1, 0; 5673270; 1, 0, 1; 0, 1, 0; 1, 1, 2;
0, 749; -1.272897, 0.960179, -1.288798; 0, 11, 1, 0; 18234425; 1, 0, 1; 0, 1, 0; 4, 1, 2;
1, 751; 3.393742, -2.145036, -2.243361; 0, 32, 1, 1; 69528991; 1, 0, 1; 0, 1, 0; 4, 1, 2;
0, 751; 3.394696, -2.144381, -2.244817 / 3.394922, -2.144069, -2.244657 / 3.394470, -2.144694, -2.244976; 0, 32, 1, 1; 69529067; 2, 1, 1; 1, 1, 0; 3, 1, 2/ 1, 3, 1;
0, 751; 3.395145, -2.144190, -2.246414; 0, 32, 1, 1; 69529143; 0, 1, 0; 0, 1, 0; 4, 1, 1;
0, 751; 3.396554, -2.137103, -2.235252; 0, 32, 1, 1; 69527842; 1, 0, 1; 1, 0, 0; 3, 1, 2;
1, 757; 2.845184, 2.304310, -2.379262; 0, 31, 1, 1; 76243220; 0, 1, 0; 0, 1, 0; 4, 1, 1;
0, 757; 3.317303, 0.808184, -1.998966; 0, 31, 1, 1; 125938975; 0, 1, 0; 0, 1, 0; 1, 1, 1;
1, 771; -0.250238, -3.367274, 1.073872; 0, 23, 1, 0; 88007993; 1, 0, 1; 0, 1, 0; 1, 1, 2;
0, 771; -0.261861, -3.490585, 1.089218; 0, 23, 1, 0; 88154076; 1, 0, 1; 0, 1, 0; 1, 1, 2;
0, 771; 0.073201, -2.799724, 0.915990; 0, 23, 1, 0; 69752552; 1, 0, 1; 0, 1, 0; 1, 1, 2;
0, 771; 0.075327, -2.799779, 0.916512; 0, 23, 1, 0; 69753597; 1, 0, 1; 0, 1, 0; 4, 1, 2;
1, 773; 1.841122, -2.659721, 1.668747; 0, 25, 1, 0; 65140464; 1, 0, 1; 0, 1, 0; 4, 1, 2;
0, 773; 2.628004, -2.040973, 1.675615; 0, 35, 1, 1; 80159302; 0, 1, 0; 0, 1, 0; 4, 1, 1;
0, 773; 3.549803, -1.564723, 1.664901; 0, 35, 1, 1; 67096877; 0, 1, 0; 0, 1, 0; 4, 1, 1;
1, 776; -0.668068, 3.549072, 1.046515; 0, 20, 1, 1; 45854785; 1, 0, 1; 1, 0, 0; 3, 1, 2;
0, 776; 2.155696, 1.144970, 2.305792; 0, 37, 1, 1; 46963390; 1, 0, 1; 0, 1, 0; 1, 1, 2;
1, 798; -2.206767, 1.148392, -2.939177; 0, 12, 1, 0; 28598763; 1, 0, 1; 1, 0, 0; 3, 1, 2;
0, 798; -2.251076, 0.864817, -2.910274 / -2.251042, 0.864892, -2.910065 / -2.251110, 0.864742, -2.910483; 0, 12, 1, 1; 39621731; 0, 3, 0; 1, 2, 0; 1, 1, 1/ 1, 2, 1/ 2, 2, 1;
0, 798; -2.251643, 0.860364, -2.913150; 0, 12, 1, 1; 39621571; 1, 0, 1; 0, 1, 0; 4, 1, 2;
0, 798; -2.254418, 0.861680, -2.910201; 0, 12, 1, 1; 39621494; 1, 0, 1; 1, 0, 0; 3, 1, 2;
0, 798; -2.342785, 1.713689, -2.964034; 0, 12, 1, 0; 10710547; 1, 0, 1; 0, 1, 0; 1, 1, 2;
1, 809; -3.247008, 0.368518, 2.487220; 0, 5, 1, 1; 93078063; 1, 0, 1; 1, 0, 0; 2, 1, 2;
1, 812; -3.275706, 0.617876, -2.925246; 0, 1, 1, 1; 139286756; 0, 1, 0; 0, 1, 0; 1, 1, 1;
1, 816; 0.095083, -0.973601, -3.525103; 0, 13, 1, 1; 120744940; 0, 1, 0; 0, 1, 0; 1, 1, 1;
0, 816; 0.111475, -0.626492, -3.744762 / 0.111476, -0.626449, -3.744744 / 0.111474, -0.626535, -3.744781; 0, 14, 1, 0; 13008740; 2, 1, 1; 0, 2, 0; 1, 1, 2/ 1, 2, 1;
0, 816; 0.114489, -0.628646, -3.747871; 0, 14, 1, 0; 13009794; 1, 0, 1; 0, 1, 0; 1, 1, 2;
1, 825; -3.523861, -0.661305, -0.152811 / -3.522998, -0.660707, -0.152402 / -3.524724, -0.661903, -0.153220; 0, 3, 1, 0; 21411135; 0, 2, 0; 0, 2, 0; 1, 1, 1/ 1, 5, 1;
0, 825; -3.525761, -0.671164, -0.143681; 0, 3, 1, 0; 21410056; 1, 0, 1; 0, 1, 0; 4, 1, 2;
1, 830; 0.677075, 0.657545, -3.723471; 0, 28, 1, 1; 178050574; 1, 0, 1; 0, 1, 0; 4, 1, 2;
1, 832; -3.273429, -2.503626, -2.855175; 0, 1, 1, 0; 40972712; 1, 0, 1; 1, 0, 0; 2, 1, 2;
0, 832; -3.578545, -2.359574, -2.847317; 0, 1, 1, 0; 51818212; 0, 1, 0; 0, 1, 0; 1, 1, 1;
1, 844; 0.027206, 3.206293, -0.825787; 0, 20, 1, 0; 28022718; 0, 1, 0; 1, 0, 0; 2, 1, 1;
0, 844; 0.397084, 1.636558, -1.842953; 0, 15, 1, 1; 85376261; 1, 0, 1; 1, 0, 0; 2, 1, 2;
1, 847; -3.623954, 3.881765, -0.161935; 0, 42, 1, 1; 49322602; 1, 0, 1; 0, 1, 0; 1, 1, 2;
1, 851; -0.695046, -2.185354, -1.744388; 0, 17, 1, 0; 1332286; 0, 1, 0; 0, 1, 0; 4, 1, 1;
1, 857; 2.508736, -2.912078, 3.733849; 0, 38, 1, 1; 66313762; 1, 0, 1; 0, 1, 0; 1, 1, 2;
0, 857; 2.599247, -2.923218, 3.356416; 0, 36, 1, 1; 49898205; 0, 1, 0; 1, 0, 0; 3, 1, 1;
0, 857; 3.100811, -2.746102, 3.222588 / 3.101506, -2.745614, 3.223385 / 3.100116, -2.746589, 3.221792; 0, 36, 1, 1; 45759368; 1, 0, 3; 1, 2, 0; 3, 1, 2/ 1, 6, 2/ 1, 7, 2;
0, 857; 3.101955, -2.736082, 3.222887; 0, 36, 1, 1; 45759315; 1, 0, 1; 1, 0, 0; 3, 1, 2;
0, 857; 3.471061, -2.654051, 2.733512; 0, 36, 1, 1; 60102968; 1, 0, 1; 0, 1, 0; 4, 1, 2;
1, 863; -1.216301, -0.502506, 3.550103; 0, 6, 1, 1; 120348003; 1, 0, 1; 0, 1, 0; 4, 1, 2;
0, 863; -1.400635, -0.510354, 3.134459; 0, 6, 1, 1; 119233730; 1, 0, 1; 0, 1, 0; 1, 1, 2;
1, 865; -2.525817, 1.004607, -0.507863; 0, 3, 1, 0; 80380627; 1, 0, 1; 0, 1, 0; 1, 1, 2;
1, 875; -0.458555, -3.870095, 2.746017; 0, 23, 1, 0; 102587474; 1, 0, 1; 0, 1, 0; 4, 1, 2;
0, 875; -1.439568, -2.150774, 1.924186; 0, 7, 1, 1; 89454363; 0, 1, 0; 1, 0, 0; 2, 1, 1;
1, 882; 1.286515, -2.903913, -0.181187; 0, 27, 1, 0; 31032012; 0, 1, 0; 0, 1, 0; 4, 1, 1;
0, 882; 2.023084, -2.328134, -0.510559; 0, 27, 1, 0; 12131575; 1, 0, 1; 0, 1, 0; 4, 1, 2;
0, 882; 2.122074, -2.208093, -0.725876 / 2.122178, -2.207354, -0.725728 / 2.121971, -2.208831, -0.726023; 0, 33, 1, 0; 24769010; 2, 1, 1; 1, 1, 0; 3, 1, 2/ 1, 7, 1;
0, 882; 2.122677, -2.206952, -0.729090 / 2.122778, -2.206910, -0.729077 / 2.122576, -2.206993, -0.729103; 0, 33, 1, 0; 24769094; 0, 2, 0; 0, 2, 0; 1, 1, 1/ 1, 2, 1;
0, 882; 2.129627, -2.207020, -0.727023 / 2.129753, -2.205449, -0.726973 / 2.129501, -2.208590, -0.727073; 0, 33, 1, 0; 24769044; 1, 0, 2; 2, 0, 0; 3, 1, 2/ 3, 10, 2;
0, 882; 2.134788, -1.903971, -2.003775; 0, 32, 1, 1; 53939718; 1, 0, 1; 0, 1, 0; 1, 1, 2;
0, 882; 2.137691, -1.886632, -2.003262; 0, 32, 1, 1; 53939353; 0, 1, 0; 0, 1, 0; 1, 1, 1;
1, 891; -3.206667, -3.200986, 1.433040; 0, 4, 1, 1; 143727715; 0, 1, 0; 0, 1, 0; 4, 1, 1;
0, 891; -3.215073, -3.181307, 1.472478; 0, 4, 1, 1; 143694010; 1, 0, 1; 0, 1, 0; 1, 1, 2;
0, 891; -3.777013, -3.096357, 1.245816; 0, 4, 1, 1; 144640191; 1, 0, 1; 1, 0, 0; 3, 1, 2;
0, 891; -3.786310, -3.096323, 1.246218; 0, 4, 1, 1; 144638993; 1, 0, 1; 0, 1, 0; 1, 1, 2;
0, 891; 0.699206, -2.449734, 1.862499; 0, 25, 1, 0; 71785568; 0, 1, 0; 0, 1, 0; 4, 1, 1;
0, 891; 0.749046, -2.434494, 1.909286; 0, 25, 1, 0; 71662220; 1, 0, 1; 1, 0, 0; 3, 1, 2;
1, 898; 0.356820, -3.367476, 1.017914; 0, 23, 1, 0; 87295326; 1, 0, 1; 0, 1, 0; 1, 1, 2;
0, 898; 0.506381, -3.504234, 1.009546; 0, 23, 1, 0; 87215535; 1, 0, 1; 0, 1, 0; 1, 1, 2;
0, 898; 0.506592, -3.498907, 1.013365 / 0.506707, -3.497673, 1.013469 / 0.506476, -3.500142, 1.013261; 0, 23, 1, 0; 87215555; 2, 1, 1; 2, 0, 0; 3, 1, 1/ 2, 9, 2;
0, 898; 0.507043, -3.502338, 1.005875; 0, 23, 1, 0; 87215520; 0, 1, 0; 1, 0, 0; 3, 1, 1;
1, 904; -2.677012, 1.389120, -2.845328; 0, 1, 1, 1; 153651480; 0, 1, 0; 1, 0, 0; 3, 1, 1;
0, 904; -2.796768, 1.395826, -2.912517; 0, 1, 1, 1; 156136716; 1, 0, 1; 0, 1, 0; 4, 1, 2;
1, 926; -0.189779, -0.490892, 2.626722; 0, 23, 1, 1; 203487185; 1, 0, 1; 0, 1, 0; 1, 1, 2;
0, 926; -0.194501, -0.499490, 2.643331; 0, 23, 1, 1; 203489434; 1, 0, 1; 1, 0, 0; 3, 1, 2;
0, 926; -0.195090, -0.496065, 2.637889; 0, 23, 1, 1; 203488523; 1, 0, 1; 0, 1, 0; 4, 1, 2;
0, 926; -0.197549, -0.488862, 2.626080; 0, 23, 1, 1; 203487212; 0, 1, 0; 0, 1, 0; 4, 1, 1;
0, 926; -0.197953, -0.489162, 2.628967 / -0.197649, -0.487979, 2.629287 / -0.198257, -0.490345, 2.628647; 0, 23, 1, 1; 203487289; 1, 0, 2; 0, 2, 0; 1, 1, 2/ 1, 8, 2;
0, 926; -0.202854, -0.491179, 2.621862; 0, 23, 1, 1; 203486254; 0, 1, 0; 0, 1, 0; 1, 1, 1;
0, 926; -0.203730, -0.495418, 2.623482 / -0.203593, -0.495417, 2.623591 / -0.203866, -0.495418, 2.623372; 0, 23, 1, 1; 203486316; 0, 2, 0; 1, 1, 0; 3, 1, 1/ 4, 2, 1;
0, 926; -0.206155, -0.487867, 2.620085; 0, 23, 1, 1; 203486192; 1, 0, 1; 0, 1, 0; 4, 1, 2;
1, 931; -3.877931, -1.108697, 1.388920; 0, 4, 1, 1; 80231804; 1, 0, 1; 0, 1, 0; 4, 1, 2;
1, 947; 1.447180, -0.971523, 1.680067; 0, 25, 1, 1; 114259178; 1, 0, 1; 0, 1, 0; 1, 1, 2;
0, 947; 1.447246, -0.969225, 1.683098; 0, 25, 1, 1; 114259340; 1, 0, 1; 0, 1, 0; 1, 1, 2;
0, 947; 1.601273, -0.337317, 1.938026; 0, 25, 1, 1; 132891312; 0, 1, 0; 1, 0, 0; 3, 1, 1;
0, 947; 1.974660, 0.566859, 3.392583; 0, 24, 1, 1; 153025322; 1, 0, 1; 0, 1, 0; 1, 1, 2;
0, 947; 1.990780, 0.567479, 3.392146; 0, 24, 1, 1; 153027720; 1, 0, 1; 1, 0, 0; 3, 1, 2;
0, 947; 1.991124, 0.556360, 3.390667; 0, 24, 1, 1; 153027556; 1, 0, 1; 0, 1, 0; 1, 1, 2;
0, 947; 2.022586, 0.538975, 3.410407; 0, 24, 1, 1; 153129141; 1, 0, 1; 1, 0, 0; 2, 1, 2;
0, 947; 2.023581, 0.559610, 3.408199; 0, 24, 1, 1; 153032143; 1, 0, 1; 0, 1, 0; 1, 1, 2;
0, 947; 2.024730, 0.568636, 3.412521; 0, 24, 1, 1; 153033001; 1, 0, 1; 0, 1, 0; 4, 1, 2;
1, 948; 1.121574, 0.703253, -3.812438; 0, 28, 1, 1; 177573661; 0, 1, 0; 1, 0, 0; 2, 1, 1;
0, 948; 2.535354, 1.521469, -0.579199; 0, 33, 1, 1; 136068265; 1, 0, 1; 0, 1, 0; 4, 1, 2;
0, 948; 3.109966, -0.026501, 3.209773; 0, 37, 1, 0; 16601459; 1, 0, 1; 0, 1, 0; 1, 1, 2;
0, 948; 3.388788, 0.196616, 2.980679; 0, 37, 1, 1; 20584990; 0, 1, 0; 0, 1, 0; 4, 1, 1;
1, 951; 2.919454, -0.343001, 2.507554; 0, 37, 1, 0; 6512073; 0, 1, 0; 0, 1, 0; 4, 1, 1;
0, 951; 3.112251, -0.208841, 1.993375 / 3.113068, -0.207576, 1.994640 / 3.111433, -0.210105, 1.992110; 0, 35, 1, 1; 27802170; 1, 0, 2; 0, 2, 0; 4, 1, 2/ 4, 11, 2;
0, 951; 3.112614, -0.206882, 1.991935; 0, 35, 1, 1; 27802181; 0, 1, 0; 1, 0, 0; 3, 1, 1;
0, 951; 3.477086, 0.057998, -2.043825; 0, 31, 1, 1; 143861057; 0, 1, 0; 0, 1, 0; 4, 1, 1;
1, 957; -3.798013, -2.047712, 3.660740; 0, 40, 1, 1; 79071808; 1, 0, 1; 0, 1, 0; 4, 1, 2;
1, 958; 1.398644, 0.967560, -2.650045; 0, 28, 1, 1; 168338393; 1, 0, 1; 0, 1, 0; 1, 1, 2;
0, 958; 2.472852, 1.277798, -2.890014; 0, 30, 1, 1; 129441276; 0, 1, 0; 0, 1, 0; 4, 1, 1;
1, 964; 0.844931, 3.353571, 1.970934 / 0.845763, 3.353635, 1.971197 / 0.844099, 3.353508, 1.970671; 0, 26, 1, 0; 39480189; 2, 2, 1; 0, 3, 0; 4, 1, 2/ 4, 2, 1/ 4, 4, 1;
0, 964; 0.956930, 3.523876, 1.917445; 0, 26, 1, 0; 39055158; 1, 0, 1; 0, 1, 0; 1, 1, 2;
0, 964; 0.957316, 3.524171, 1.914852; 0, 26, 1, 0; 39056206; 0, 1, 0; 0, 1, 0; 1, 1, 1;
0, 964; 0.958542, 3.521768, 1.913071; 0, 26, 1, 0; 39056273; 1, 0, 1; 0, 1, 0; 4, 1, 2;
0, 964; 0.960410, 3.522192, 1.910530; 0, 26, 1, 0; 39056346; 0, 1, 0; 0, 1, 0; 1, 1, 1;
1, 971; 0.494361, 3.205782, 1.879657; 0, 20, 1, 1; 54616028; 1, 0, 1; 0, 1, 0; 1, 1, 2;
0, 971; 1.264390, 0.544969, 1.308246; 0, 25, 1, 1; 158936701; 0, 1, 0; 0, 1, 0; 1, 1, 1;
0, 971; 1.936283, -3.044074, 0.393726; 0, 27, 1, 0; 37100271; 0, 1, 0; 1, 0, 0; 3, 1, 1;
0, 971; 2.003228, -2.187201, 0.445306; 0, 27, 1, 0; 16105417; 1, 0, 1; 0, 1, 0; 1, 1, 2;
1, 974; 2.972414, 2.513445, -0.091365; 0, 34, 1, 0; 21353786; 1, 0, 1; 1, 0, 0; 3, 1, 2;
0, 974; 3.193151, 2.955599, -0.194005; 0, 34, 1, 0; 32068402; 1, 0, 1; 0, 1, 0; 1, 1, 2;
0, 974; 3.692915, 3.801248, -0.582833; 0, 42, 1, 1; 58956001; 1, 0, 1; 0, 1, 0; 4, 1, 2;
1, 976; 3.721110, -2.777289, -1.728578; 0, 46, 1, 1; 135508554; 0, 1, 0; 0, 1, 0; 4, 1, 1;
1, 980; -2.189179, -0.090038, 2.190850 / -2.188885, -0.089962, 2.190930 / -2.189474, -0.090115, 2.190770; 0, 6, 1, 1; 111137141; 0, 2, 0; 1, 1, 0; 1, 1, 1/ 2, 1, 1;
0, 980; -2.246201, -0.077253, 2.172462; 0, 6, 1, 1; 111033352; 0, 1, 0; 0, 1, 0; 4, 1, 1;
0, 980; -2.262078, -0.075188, 2.163444 / -2.261925, -0.075168, 2.163636 / -2.262230, -0.075208, 2.163252; 0, 6, 1, 1; 111031132; 0, 2, 0; 1, 1, 0; 3, 1, 1/ 4, 1, 1;
0, 980; -2.269450, -0.060837, 2.169101; 0, 6, 1, 1; 111030434; 1, 0, 1; 0, 1, 0; 4, 1, 2;
0, 980; -2.274378, -0.052705, 2.157343; 0, 6, 1, 1; 111029153; 1, 0, 1; 1, 0, 0; 2, 1, 2;
1, 991; 3.533414, -2.624110, -3.094010; 0, 30, 1, 0; 13914897; 0, 1, 0; 1, 0, 0; 3, 1, 1;
0, 991; 3.549045, -2.761676, -3.469397; 0, 29, 1, 1; 166812086; 0, 1, 0; 0, 1, 0; 4, 1, 1;
1, 994; -3.519841, 3.505976, 1.545374; 0, 3, 1, 1; 159754185; 1, 0, 1; 1, 0, 0; 2, 1, 2;
0, 994; -3.848347, 2.863844, 1.133555; 0, 3, 1, 1; 173710870; 0, 1, 0; 0, 1, 0; 4, 1, 1;
1, 1000; -0.344434, 1.293768, -3.672884; 0, 14, 1, 1; 74630983; 1, 0, 1; 0, 1, 0; 4, 1, 2;
0, 1000; -0.355100, 1.274352, -3.786578; 0, 14, 1, 1; 74768212; 1, 0, 1; 0, 1, 0; 1, 1, 2;
0, 1000; -0.358082, 1.267632, -3.787924 / -0.357654, 1.267872, -3.787921 / -0.358511, 1.267391, -3.787926; 0, 14, 1, 1; 74768445; 2, 1, 1; 0, 2, 1; 4, 1, 1/ 1, 4, 2;
0, 1000; -0.359351, 1.265502, -3.782159; 0, 14, 1, 1; 74767316; 0, 1, 0; 0, 1, 0; 4, 1, 1;
0, 1000; -1.475470, 0.487824, -3.233397; 0, 12, 1, 1; 48183552; 1, 0, 1; 0, 1, 0; 1, 1, 2;
0, 1000; -1.556604, 0.395909, -3.194291; 0, 12, 1, 1; 47610646; 1, 0, 1; 0, 1, 0; 4, 1, 2;
0, 1000; -2.073268, 0.188037, -3.428462; 0, 12, 1, 1; 54649068; 0, 1, 0; 1, 0, 0; 3, 1, 1;
1, 1001; 3.553439, 3.699296, -1.606160 / 3.553490, 3.699411, -1.605779 / 3.553389, 3.699181, -1.606541; 0, 43, 1, 1; 29995799; 2, 1, 1; 0, 2, 1; 4, 1, 1/ 1, 3, 2;
0, 1001; 3.555153, 3.700818, -1.607579; 0, 43, 1, 1; 29995882; 0, 1, 0; 0, 1, 0; 4, 1, 1;
0, 1001; 3.555594, 3.705254, -1.593329 / 3.555782, 3.705372, -1.592681 / 3.555405, 3.705137, -1.593976; 0, 43, 1, 1; 29993572; 2, 2, 1; 1, 2, 1; 1, 1, 2/ 3, 1, 1/ 4, 1, 1;
0, 1001; 3.555807, 3.705100, -1.593513 / 3.556228, 3.706328, -1.592438 / 3.555386, 3.703871, -1.594589; 0, 43, 1, 1; 29993568; 2, 2, 2; 3, 1, 0; 2, 1, 2/ 3, 4, 1/ 1, 8, 2/ 2, 9, 1;
0, 1001; 3.557660, 3.702615, -1.592793; 0, 43, 1, 1; 29993493; 1, 0, 1; 0, 1, 0; 1, 1, 2;
0, 1001; 3.562278, 3.700423, -1.600810; 0, 43, 1, 1; 29994711; 0, 1, 0; 1, 0, 0; 3, 1, 1;
1, 1008; -3.025659, -3.316944, 2.893742; 0, 4, 1, 1; 179649960; 1, 0, 1; 0, 1, 0; 4, 1, 2;
1, 1011; -0.882540, 3.798907, -3.841669; 0, 44, 1, 1; 48904947; 0, 1, 0; 0, 1, 0; 1, 1, 1;
1, 1014; -2.383162, -2.796409, 3.688257; 0, 40, 1, 1; 38101208; 1, 0, 1; 0, 1, 0; 1, 1, 2;
1, 1018; -2.319585, -1.390794, 1.735003; 0, 7, 1, 1; 118623076; 1, 0, 1; 0, 1, 0; 4, 1, 2;
0, 1018; -2.474708, -2.472936, 2.828356; 0, 5, 1, 0; 6971739; 1, 0, 1; 0, 1, 0; 1, 1, 2;
0, 1018; -2.502011, -2.596777, 3.084544; 0, 5, 1, 0; 7297187; 1, 0, 1; 1, 0, 0; 2, 1, 2;
0, 1018; -2.505399, -2.596842, 3.088806; 0, 5, 1, 0; 7297333; 1, 0, 1; 0, 1, 0; 4, 1, 2;
0, 1018; -2.507473, -2.792216, 3.396591; 0, 4, 1, 1; 193578421; 1, 0, 1; 1, 0, 0; 3, 1, 2;
0, 1018; -2.579731, -0.189206, 0.690051; 0, 4, 1, 0; 49427882; 1, 0, 1; 1, 0, 0; 2, 1, 2;
0, 1018; -2.770875, 0.086259, 0.405477; 0, 3, 1, 0; 49052798; 1, 0, 1; 0, 1, 0; 1, 1, 2;
0, 1018; -2.772951, 0.086266, 0.406282 / -2.772313, 0.086569, 0.406855 / -2.773589, 0.085962, 0.405709; 0, 3, 1, 0; 49052877; 1, 0, 2; 0, 2, 1; 1, 1, 2/ 4, 1, 2;
0, 1018; -3.577446, 1.106571, -0.197688; 0, 3, 1, 0; 75539054; 1, 0, 1; 0, 1, 0; 4, 1, 2;
0, 1018; -3.706387, 1.388089, -0.456895; 0, 3, 1, 0; 90264878; 0, 1, 0; 0, 1, 0; 1, 1, 1;
0, 1018; -3.826070, 1.742582, -0.755111; 0, 3, 1, 0; 90892018; 1, 0, 1; 0, 1, 0; 1, 1, 2;
0, 1018; -3.847173, 1.741687, -0.747174; 0, 3, 1, 0; 90890575; 1, 0, 1; 0, 1, 0; 4, 1, 2;
1, 1023; 1.277870, -1.869001, 3.714397; 0, 39, 1, 0; 8095890; 0, 1, 0; 0, 1, 0; 1, 1, 1;
0, 1023; 1.754229, -2.431305, 2.301533; 0, 24, 1, 1; 249851478; 0, 1, 0; 0, 1, 0; 1, 1, 1;
1, 1025; -1.181989, 0.952921, -2.802956 / -1.181712, 0.953145, -2.802904 / -1.182266, 0.952697, -2.803008; 0, 12, 1, 0; 27306064; 1, 0, 2; 1, 1, 0; 3, 1, 2/ 4, 2, 2;
0, 1025; -3.616201, 3.401177, 1.064830; 0, 3, 1, 1; 155639993; 0, 1, 0; 1, 0, 0; 2, 1, 1;
1, 1040; -2.804225, -1.612248, 2.835069; 0, 5, 1, 0; 28703683; 1, 0, 1; 1, 0, 0; 3, 1, 2;
0, 1040; -2.808936, -1.607900, 2.842823; 0, 5, 1, 0; 28704864; 1, 0, 1; 0, 1, 0; 4, 1, 2;
0, 1040; -2.855652, -1.561985, 2.756295; 0, 5, 1, 0; 28592427; 0, 1, 0; 0, 1, 0; 1, 1, 1;
0, 1040; -3.066376, -1.391524, 2.490695; 0, 5, 1, 0; 38972211; 1, 0, 1; 0, 1, 0; 4, 1, 2;
0, 1040; -3.259601, -0.279023, 0.713263; 0, 4, 1, 0; 50372810; 0, 1, 0; 1, 0, 0; 2, 1, 1;
0, 1040; -3.503906, -0.795180, 1.739281; 0, 4, 1, 1; 73168717; 0, 1, 0; 0, 1, 0; 1, 1, 1;
0, 1040; -3.523740, 0.193036, 0.827354; 0, 4, 1, 0; 48075180; 1, 0, 1; 0, 1, 0; 1, 1, 2;
0, 1040; -3.534039, 0.202667, 0.827947; 0, 4, 1, 0; 48076431; 1, 0, 1; 0, 1, 0; 1, 1, 2;
0, 1040; -3.661386, -0.377040, 1.397474; 0, 4, 1, 1; 62061541; 0, 1, 0; 0, 1, 0; 4, 1, 1;
0, 1040; -3.744413, 0.372204, 0.967437 / -3.744189, 0.373202, 0.967646 / -3.744638, 0.371206, 0.967228; 0, 4, 1, 0; 33344106; 2, 1, 2; 0, 3, 1; 1, 1, 2/ 1, 4, 2/ 4, 7, 1;
0, 1040; -3.744608, 0.376572, 0.965871; 0, 4, 1, 0; 33344095; 1, 0, 1; 0, 1, 0; 4, 1, 2;
0, 1040; -3.749667, 0.376451, 0.967217; 0, 4, 1, 0; 33345218; 1, 0, 1; 0, 1, 0; 1, 1, 2;
1, 1056; -1.936438, 3.687617, 3.090913; 0, 41, 1, 0; 21342195; 1, 0, 1; 0, 1, 0; 4, 1, 2;
1, 1060; -0.761692, -0.532184, 3.679004; 0, 39, 1, 1; 70786362; 1, 0, 1; 1, 0, 0; 2, 1, 2;
1, 1070; -3.511460, -0.861652, -1.477406; 0, 2, 1, 0; 93955019; 0, 1, 0; 1, 0, 0; 3, 1, 1;
1, 1072; -2.323904, -3.104802, -2.454438; 0, 13, 1, 0; 10634966; 1, 0, 1; 0, 1, 0; 1, 1, 2;
0, 1072; -2.814742, -3.550306, -2.336100; 0, 2, 1, 1; 177339973; 1, 0, 1; 0, 1, 0; 1, 1, 2;
1, 1086; -2.026049, 1.857575, 2.821359; 0, 6, 1, 0; 45563218; 0, 1, 0; 0, 1, 0; 1, 1, 1;
1, 1091; 1.271365, 1.517717, -2.061374; 0, 28, 1, 0; 37436954; 1, 0, 1; 0, 1, 0; 1, 1, 2;
1, 1095; -0.841303, -0.099059, 3.822093; 0, 39, 1, 1; 71116596; 1, 0, 1; 0, 1, 0; 4, 1, 2;
0, 1095; 3.624225, -1.168175, 1.564002; 0, 46, 1, 1; 77725318; 0, 1, 0; 0, 1, 0; 4, 1, 1;
0, 1095; 3.638751, -1.172988, 1.567310 / 3.639340, -1.172640, 1.567363 / 3.638161, -1.173337, 1.567258; 0, 46, 1, 1; 77725925; 2, 1, 1; 0, 2, 1; 4, 1, 1/ 1, 6, 2;
0, 1095; 3.641763, -1.172881, 1.566283; 0, 46, 1, 1; 77725858; 1, 0, 1; 0, 1, 0; 4, 1, 2;
0, 1095; 3.642261, -1.172843, 1.567109 / 3.643292, -1.172096, 1.567347 / 3.641229, -1.173591, 1.566871; 0, 46, 1, 1; 77725934; 1, 0, 2; 0, 2, 0; 4, 1, 2/ 4, 8, 2;
1, 1096; 1.857275, -0.556687, 1.234266; 0, 25, 1, 1; 135719612; 1, 0, 1; 0, 1, 0; 4, 1, 2;
1, 1104; 0.825283, 1.877039, 1.367842; 0, 25, 1, 1; 200400793; 1, 0, 1; 0, 1, 0; 1, 1, 2;
0, 1104; 0.827030, 1.875995, 1.348183 / 0.827178, 1.876381, 1.348603 / 0.826883, 1.875609, 1.347763; 0, 25, 1, 1; 200403270; 0, 2, 0; 0, 2, 0; 4, 1, 1/ 4, 3, 1;
0, 1104; 0.848330, 2.028883, 1.687016; 0, 25, 1, 1; 200660381; 1, 0, 1; 1, 0, 0; 2, 1, 2;
1, 1106; -0.739335, 1.559873, -2.930313; 0, 14, 1, 1; 79423633; 1, 0, 1; 1, 0, 0; 3, 1, 2;
0, 1106; -0.834119, 1.442626, -2.840524; 0, 14, 1, 1; 76849647; 0, 1, 0; 0, 1, 0; 4, 1, 1;
0, 1106; -0.844929, 1.444277, -2.885078; 0, 14, 1, 1; 76855542; 1, 0, 1; 0, 1, 0; 1, 1, 2;
0, 1106; -0.846372, 1.442755, -2.888329; 0, 14, 1, 1; 76856580; 1, 0, 1; 0, 1, 0; 1, 1, 2;
0, 1106; -0.849630, 1.432345, -2.891966; 0, 14, 1, 1; 76856546; 0, 1, 0; 0, 1, 0; 4, 1, 1;
0, 1106; -0.855892, 1.407581, -2.892014; 0, 14, 1, 1; 76978179; 1, 0, 1; 1, 0, 0; 3, 1, 2;
0, 1106; -1.019481, 1.096083, -2.373784; 0, 11, 1, 0; 16847911; 1, 0, 1; 1, 0, 0; 2, 1, 2;
0, 1106; -1.349754, 0.624179, -2.055512; 0, 11, 1, 0; 12946178; 0, 1, 0; 1, 0, 0; 3, 1, 1;
0, 1106; -1.546362, -0.027230, -1.892659; 0, 10, 1, 1; 127812588; 1, 0, 1; 0, 1, 0; 4, 1, 2;
0, 1106; -2.344896, -2.512283, -0.674773; 0, 9, 1, 1; 126914289; 1, 0, 1; 0, 1, 0; 1, 1, 2;
0, 1106; 0.065661, 2.179951, -2.871456; 0, 14, 1, 1; 102083775; 1, 0, 1; 0, 1, 0; 1, 1, 2;
0, 1106; 0.066550, 2.179558, -2.880581 / 0.066589, 2.180048, -2.880346 / 0.066512, 2.179068, -2.880817; 0, 14, 1, 1; 102082571; 1, 0, 2; 0, 2, 0; 1, 1, 2/ 1, 2, 2;
0, 1106; 0.338768, 2.443308, -2.836236; 0, 14, 1, 1; 105819353; 1, 0, 1; 1, 0, 0; 2, 1, 2;
0, 1106; 0.576723, 2.670817, -2.804148; 0, 14, 1, 1; 105490831; 1, 0, 1; 0, 1, 0; 4, 1, 2;
1, 1111; -3.776138, -0.797701, -2.293222; 0, 2, 1, 0; 89387427; 1, 0, 1; 0, 1, 0; 4, 1, 2;
1, 1123; -1.973377, 3.221840, 0.968155; 0, 8, 1, 1; 80069689; 1, 0, 1; 0, 1, 0; 1, 1, 2;
1, 1124; 3.016862, -1.172135, -3.738386; 0, 30, 1, 1; 52899609; 1, 0, 1; 0, 1, 0; 1, 1, 2;
0, 1124; 3.023942, -1.171533, -3.743758; 0, 30, 1, 1; 52898507; 0, 1, 0; 1, 0, 0; 3, 1, 1;
0, 1124; 3.024314, -1.170985, -3.762884; 0, 30, 1, 1; 52896033; 1, 0, 1; 1, 0, 0; 2, 1, 2;
0, 1124; 3.024559, -1.169637, -3.751649; 0, 30, 1, 1; 52897314; 1, 0, 1; 1, 0, 0; 2, 1, 2;
0, 1124; 3.035165, -1.164365, -3.763002 / 3.035687, -1.164188, -3.762961 / 3.034644, -1.164542, -3.763043; 0, 30, 1, 1; 52895717; 1, 0, 2; 0, 2, 1; 4, 1, 2/ 1, 5, 2;
0, 1124; 3.038257, -1.162845, -3.764552; 0, 30, 1, 1; 52895653; 0, 1, 0; 0, 1, 0; 1, 1, 1;
0, 1124; 3.041196, -1.164095, -3.773580; 0, 30, 1, 1; 52894296; 1, 0, 1; 0, 1, 0; 4, 1, 2;
1, 1128; 3.204288, 2.589227, 1.267730; 0, 34, 1, 1; 84854262; 1, 0, 1; 0, 1, 0; 4, 1, 2;
0, 1128; 3.536422, 2.361769, 1.312187 / 3.536967, 2.363345, 1.312267 / 3.535878, 2.360194, 1.312107; 0, 34, 1, 1; 92554371; 2, 1, 1; 0, 2, 1; 1, 1, 1/ 4, 9, 2;
0, 1128; 3.543094, 2.345883, 1.302789; 0, 34, 1, 1; 92648594; 1, 0, 1; 0, 1, 0; 4, 1, 2;
0, 1128; 3.633651, 2.200128, 1.107912; 0, 45, 1, 1; 43872520; 0, 1, 0; 0, 1, 0; 4, 1, 1;
1, 1145; 3.660761, -3.221617, -3.803270; 0, 46, 1, 1; 138439145; 1, 0, 1; 1, 0, 0; 3, 1, 2;
1, 1148; -1.905939, 3.229074, 0.968669; 0, 8, 1, 1; 80079239; 1, 0, 1; 0, 1, 0; 4, 1, 2;
0, 1148; -1.912387, 3.229809, 0.972586 / -1.912023, 3.229845, 0.973134 / -1.912751, 3.229773, 0.972038; 0, 8, 1, 1; 80078128; 1, 0, 2; 0, 2, 0; 1, 1, 2/ 1, 3, 2;
0, 1148; -1.914771, 3.228237, 0.977025; 0, 8, 1, 1; 80077975; 0, 1, 0; 0, 1, 0; 4, 1, 1;
0, 1148; -1.925106, 3.210592, 0.940327; 0, 8, 1, 1; 80207288; 0, 1, 0; 1, 0, 0; 2, 1, 1;
0, 1148; -3.670531, 3.222121, -1.973940; 0, 1, 1, 1; 240971682; 0, 1, 0; 0, 1, 0; 4, 1, 1;
0, 1148; -3.722353, 3.220701, -2.036066; 0, 1, 1, 1; 240996980; 0, 1, 0; 1, 0, 0; 2, 1, 1;
1, 1149; 2.622640, 3.669261, 0.168897; 0, 42, 1, 1; 41640613; 1, 0, 1; 0, 1, 0; 4, 1, 2;
0, 1149; 2.655143, 3.702658, 0.155790 / 2.655395, 3.704133, 0.156082 / 2.654892, 3.701184, 0.155498; 0, 42, 1, 1; 41520760; 2, 1, 2; 0, 3, 1; 1, 1, 1/ 1, 3, 2/ 4, 8, 2;
0, 1149; 2.655923, 3.703403, 0.157331; 0, 42, 1, 1; 41520690; 0, 1, 0; 0, 1, 0; 1, 1, 1;
0, 1149; 2.659659, 3.706899, 0.146792; 0, 42, 1, 1; 41522138; 1, 0, 1; 0, 1, 0; 1, 1, 2;
0, 1149; 2.660662, 3.701937, 0.147359; 0, 42, 1, 1; 41521904; 1, 0, 1; 0, 1, 0; 1, 1, 2;
0, 1149; 2.662201, 3.704378, 0.146221; 0, 42, 1, 1; 41522127; 0, 1, 0; 1, 0, 0; 2, 1, 1;
1, 1151; 2.160260, -0.848900, 2.790558; 0, 36, 1, 1; 106758362; 1, 0, 1; 1, 0, 0; 2, 1, 2;
0, 1151; 2.167385, -0.846717, 2.791186; 0, 36, 1, 1; 106758537; 1, 0, 1; 0, 1, 0; 1, 1, 2;
0, 1151; 2.173322, -0.842548, 2.790546; 0, 36, 1, 1; 106758495; 0, 1, 0; 0, 1, 0; 1, 1, 1;
1, 1155; 0.378863, 0.967485, 1.608749 / 0.380062, 0.969111, 1.608905 / 0.377664, 0.965858, 1.608592; 0, 22, 1, 0; 6321080; 2, 1, 1; 1, 1, 0; 1, 1, 1/ 2, 11, 2;
1, 1165; -2.976855, -3.223560, -2.805200; 0, 1, 1, 0; 24069423; 1, 0, 1; 0, 1, 0; 1, 1, 2;
0, 1165; -2.980467, -3.579072, -2.288842 / -2.979745, -3.578224, -2.288815 / -2.981189, -3.579921, -2.288868; 0, 2, 1, 1; 177452582; 1, 0, 2; 0, 2, 1; 1, 1, 2/ 4, 7, 2;
0, 1165; -2.980687, -3.572474, -2.297513; 0, 2, 1, 1; 177451215; 0, 1, 0; 1, 0, 0; 2, 1, 1;
1, 1171; -0.563259, -2.794178, 0.114318; 0, 18, 1, 0; 1736907; 1, 0, 1; 0, 1, 0; 4, 1, 2;
0, 1171; -0.842805, -3.248075, 0.440407; 0, 17, 1, 1; 71125476; 0, 1, 0; 0, 1, 0; 4, 1, 1;
0, 1171; 0.329335, -1.911311, -1.738520; 0, 16, 1, 1; 87064661; 0, 1, 0; 0, 1, 0; 1, 1, 1;
1, 1195; 1.159273, 2.958912, 0.187579; 0, 26, 1, 1; 61929343; 0, 1, 0; 0, 1, 0; 4, 1, 1;
0, 1195; 1.597879, 3.277712, -0.137219; 0, 26, 1, 1; 54048228; 1, 0, 1; 0, 1, 0; 1, 1, 2;
0, 1195; 2.027538, 3.548537, -0.170901; 0, 26, 1, 0; 46212398; 1, 0, 1; 0, 1, 0; 4, 1, 2;
1, 1197; -0.450614, -3.209349, 0.110958; 0, 17, 1, 1; 71743772; 0, 1, 0; 1, 0, 0; 2, 1, 1;
0, 1197; -0.688868, -3.070641, -0.227098; 0, 17, 1, 1; 70361653; 0, 1, 0; 1, 0, 0; 3, 1, 1;
1, 1201; -0.963003, 1.724441, 1.918587; 0, 8, 1, 0; 32170657; 0, 1, 0; 0, 1, 0; 1, 1, 1;
0, 1201; -0.967407, 1.728571, 1.911723; 0, 8, 1, 0; 32169313; 1, 0, 1; 0, 1, 0; 1, 1, 2;
1, 1209; -2.955178, 0.937072, -2.899248; 0, 1, 1, 1; 150090772; 1, 0, 1; 0, 1, 0; 1, 1, 2;
1, 1216; -0.362151, 0.095372, -2.313310 / -0.362104, 0.095658, -2.313169 / -0.362198, 0.095085, -2.313450; 0, 16, 1, 0; 27811289; 2, 1, 1; 2, 0, 0; 3, 1, 2/ 2, 3, 1;
0, 1216; 1.044307, -0.051540, -2.328586; 0, 27, 1, 1; 176191752; 1, 0, 1; 0, 1, 0; 1, 1, 2;
0, 1216; 1.139633, 0.070266, -2.260151; 0, 27, 1, 1; 183124633; 1, 0, 1; 0, 1, 0; 4, 1, 2;
0, 1216; 1.347735, 0.374945, -2.044882; 0, 28, 1, 0; 1305411; 1, 0, 1; 0, 1, 0; 1, 1, 2;
1, 1233; 0.057120, 1.270302, -2.295661; 0, 15, 1, 1; 99560302; 0, 1, 0; 0, 1, 0; 1, 1, 1;
0, 1233; 0.149948, 1.174874, -2.293524; 0, 15, 1, 1; 100462102; 0, 1, 0; 1, 0, 0; 3, 1, 1;
0, 1233; 0.697915, 0.408766, -2.270427; 0, 28, 1, 0; 5113130; 1, 0, 1; 1, 0, 0; 2, 1, 2;
1, 1242; -1.831831, 3.584709, 1.339509; 0, 8, 1, 1; 92162778; 1, 0, 1; 0, 1, 0; 4, 1, 2;
1, 1245; 2.266756, -3.826573, -2.333760; 0, 32, 1, 1; 107502828; 1, 0, 1; 1, 0, 0; 2, 1, 2;
0, 1245; 2.271839, -3.822355, -2.336538; 0, 32, 1, 1; 107501861; 1, 0, 1; 0, 1, 0; 1, 1, 2;
0, 1245; 2.272384, -3.827025, -2.334652; 0, 32, 1, 1; 107501705; 1, 0, 1; 0, 1, 0; 4, 1, 2;
0, 1245; 2.278963, -3.825855, -2.335239; 0, 32, 1, 1; 107500729; 1, 0, 1; 0, 1, 0; 1, 1, 2;
1, 1246; -2.924443, 2.339480, -3.751103; 0, 1, 1, 1; 187011057; 0, 1, 0; 0, 1, 0; 4, 1, 1;
1, 1247; 0.358264, 3.377714, 0.697200; 0, 20, 1, 1; 44119153; 1, 0, 1; 1, 0, 0; 2, 1, 2;
0, 1247; 1.115447, 2.502396, 2.784855; 0, 24, 1, 0; 93334789; 0, 1, 0; 1, 0, 0; 2, 1, 1;
1, 1252; 1.886294, 0.877080, 2.887137; 0, 24, 1, 1; 146204578; 0, 1, 0; 1, 0, 0; 3, 1, 1;
0, 1252; 1.900289, 0.876472, 2.866524; 0, 24, 1, 1; 146207323; 1, 0, 1; 1, 0, 0; 3, 1, 2;
0, 1252; 1.991702, 0.670723, 2.469458; 0, 24, 1, 1; 146019242; 1, 0, 1; 0, 1, 0; 4, 1, 2;
0, 1252; 2.162193, 0.653755, 1.631803; 0, 34, 1, 1; 137364294; 1, 0, 1; 0, 1, 0; 1, 1, 2;
1, 1258; -1.634565, 2.419897, -3.866623; 0, 11, 1, 1; 124183736; 1, 0, 1; 1, 0, 0; 2, 1, 2;
1, 1260; 3.102826, 1.611911, -3.149729; 0, 30, 1, 1; 137956411; 0, 1, 0; 1, 0, 0; 3, 1, 1;
0, 1260; 3.104560, 1.604898, -3.145992; 0, 30, 1, 1; 137956524; 1, 0, 1; 0, 1, 0; 1, 1, 2;
0, 1260; 3.108391, 1.608472, -3.145010; 0, 30, 1, 1; 137956543; 1, 0, 1; 1, 0, 0; 2, 1, 2;
0, 1260; 3.109389, 1.609432, -3.142806; 0, 30, 1, 1; 137957587; 1, 0, 1; 0, 1, 0; 4, 1, 2;
0, 1260; 3.111371, 1.603353, -3.143139; 0, 30, 1, 1; 137957414; 1, 0, 1; 0, 1, 0; 4, 1, 2;
0, 1260; 3.271389, 1.475053, -2.782301 / 3.272097, 1.475459, -2.782023 / 3.270682, 1.474646, -2.782579; 0, 30, 1, 1; 125653511; 1, 0, 2; 1, 1, 0; 1, 1, 2/ 2, 5, 2;
0, 1260; 3.376306, 1.344852, -2.460062; 0, 30, 1, 1; 122947936; 1, 0, 1; 0, 1, 0; 4, 1, 2;
1, 1262; -1.402875, 1.654900, 2.058645; 0, 8, 1, 0; 35338732; 0, 1, 0; 0, 1, 0; 4, 1, 1;
0, 1262; -3.054873, 1.893165, 2.212505; 0, 5, 1, 1; 139050582; 1, 0, 1; 1, 0, 0; 2, 1, 2;
0, 1262; -3.512602, 2.061222, 2.227286; 0, 5, 1, 1; 139372773; 1, 0, 1; 0, 1, 0; 4, 1, 2;
0, 1262; 2.332499, 2.341417, 1.898271; 0, 34, 1, 1; 97687643; 1, 0, 1; 0, 1, 0; 1, 1, 2;
1, 1278; 3.541997, 2.680913, 3.695557; 0, 38, 1, 0; 37835090; 0, 1, 0; 0, 1, 0; 4, 1, 1;
1, 1281; 1.301491, -1.756505, -2.973019; 0, 29, 1, 1; 73072744; 0, 1, 0; 0, 1, 0; 1, 1, 1;
0, 1281; 1.302182, -1.424165, -3.237265; 0, 29, 1, 0; 62151535; 0, 1, 0; 0, 1, 0; 1, 1, 1;
0, 1281; 1.422852, -1.873796, -2.815362; 0, 29, 1, 1; 78259981; 1, 0, 1; 1, 0, 0; 3, 1, 2;
0, 1281; 1.426657, -1.873478, -2.806063; 0, 29, 1, 1; 78261261; 0, 1, 0; 0, 1, 0; 4, 1, 1;
0, 1281; 1.437285, -1.871270, -2.787177 / 1.437353, -1.870411, -2.787061 / 1.437217, -1.872130, -2.787293; 0, 29, 1, 1; 78263841; 1, 0, 2; 0, 2, 0; 1, 1, 2/ 1, 4, 2;
1, 1282; 3.840258, 1.878116, -0.722830; 0, 45, 1, 1; 52078747; 1, 0, 1; 0, 1, 0; 4, 1, 2;
1, 1297; -1.466471, -0.710853, -3.424203; 0, 12, 1, 1; 85248817; 1, 0, 1; 0, 1, 0; 1, 1, 2;
0, 1297; -1.621820, -0.408914, -2.959374; 0, 12, 1, 1; 76607666; 1, 0, 1; 0, 1, 0; 4, 1, 2;
0, 1297; -1.622466, -0.404273, -2.956147; 0, 12, 1, 1; 76607571; 1, 0, 1; 0, 1, 0; 1, 1, 2;
0, 1297; -1.629390, -0.373042, -2.925797; 0, 12, 1, 1; 76475738; 1, 0, 1; 1, 0, 0; 2, 1, 2;
0, 1297; -1.630999, -0.371574, -2.926980; 0, 12, 1, 1; 76475655; 0, 1, 0; 1, 0, 0; 2, 1, 1;
0, 1297; -1.633805, -0.369517, -2.923316; 0, 12, 1, 1; 76475416; 0, 1, 0; 0, 1, 0; 4, 1, 1;
1, 1298; -2.595208, -3.632932, -3.461105; 0, 1, 1, 0; 7611111; 1, 0, 1; 0, 1, 0; 1, 1, 2;
1, 1301; -1.905252, -3.697334, 0.107433 / -1.905100, -3.696945, 0.107586 / -1.905404, -3.697722, 0.107280; 0, 10, 1, 0; 9259842; 0, 3, 0; 2, 1, 0; 2, 1, 1/ 1, 2, 1/ 3, 3, 1;
0, 1301; -1.907690, -3.692852, 0.105593; 0, 10, 1, 0; 9259622; 1, 0, 1; 1, 0, 0; 2, 1, 2;
0, 1301; -1.908011, -3.701878, 0.115196; 0, 10, 1, 0; 9261026; 1, 0, 1; 0, 1, 0; 1, 1, 2;
0, 1301; -1.909060, -3.694963, 0.084575; 0, 10, 1, 0; 9256333; 0, 1, 0; 1, 0, 0; 3, 1, 1;
0, 1301; -1.986825, -3.634782, 0.129512 / -1.986294, -3.634555, 0.129837 / -1.987356, -3.635009, 0.129188; 0, 10, 1, 0; 9052364; 1, 0, 2; 1, 1, 0; 3, 1, 2/ 1, 2, 2;
1, 1305; -1.529076, -3.640105, -3.127732 / -1.528885, -3.639521, -3.126967 / -1.529267, -3.640689, -3.128496; 0, 13, 1, 1; 32767127; 2, 1, 1; 0, 2, 1; 1, 1, 1/ 4, 3, 2;
0, 1305; -1.529085, -3.639317, -3.129155; 0, 13, 1, 1; 32767048; 1, 0, 1; 0, 1, 0; 4, 1, 2;
0, 1305; -1.529287, -3.641821, -3.127367 / -1.528718, -3.641340, -3.126823 / -1.529857, -3.642302, -3.127910; 0, 13, 1, 1; 32767134; 1, 0, 2; 0, 2, 1; 1, 1, 2/ 4, 1, 2;
0, 1305; -1.533041, -3.642529, -3.123484; 0, 13, 1, 1; 32768017; 1, 0, 1; 1, 0, 0; 3, 1, 2;
0, 1305; -1.755090, -3.774924, -2.497189 / -1.754995, -3.774709, -2.497110 / -1.755185, -3.775140, -2.497269; 0, 13, 1, 1; 29476270; 2, 1, 1; 2, 0, 0; 3, 1, 2/ 3, 2, 1;
0, 1305; -1.768781, -3.773929, -2.488915; 0, 13, 1, 1; 29476131; 1, 0, 1; 0, 1, 0; 1, 1, 2;
0, 1305; -1.947205, -3.858968, -2.381008; 0, 10, 1, 0; 20865568; 0, 1, 0; 0, 1, 0; 4, 1, 1;
0, 1305; -1.949927, -3.873070, -2.383272; 0, 10, 1, 0; 20865766; 1, 0, 1; 0, 1, 0; 1, 1, 2;
0, 1305; -1.953053, -3.872551, -2.378459 / -1.952342, -3.872344, -2.378412 / -1.953763, -3.872758, -2.378506; 0, 10, 1, 0; 20866822; 2, 1, 1; 0, 2, 1; 4, 1, 2/ 1, 3, 1;
0, 1305; -1.953792, -3.860449, -2.378150; 0, 10, 1, 0; 20866692; 1, 0, 1; 1, 0, 0; 3, 1, 2;
0, 1305; -1.956297, -3.880321, -2.376103; 0, 10, 1, 0; 20867076; 1, 0, 1; 0, 1, 0; 1, 1, 2;
1, 1308; 2.893378, 1.697949, -2.856488; 0, 30, 1, 1; 136704706; 1, 0, 1; 1, 0, 0; 3, 1, 2;
0, 1308; 3.643353, 3.792026, -2.285169; 0, 43, 1, 1; 48537181; 1, 0, 1; 0, 1, 0; 4, 1, 2;
1, 1314; -0.200220, -1.603931, 1.153325; 0, 23, 1, 0; 33904575; 1, 0, 1; 0, 1, 0; 1, 1, 2;
0, 1314; 0.024785, -1.604219, 1.011378 / 0.025085, -1.603942, 1.011437 / 0.024485, -1.604496, 1.011320; 0, 23, 1, 0; 33777505; 2, 1, 1; 2, 0, 0; 3, 1, 1/ 2, 2, 2;
0, 1314; 0.032812, -1.588549, 1.007397; 0, 23, 1, 0; 33778132; 1, 0, 1; 0, 1, 0; 4, 1, 2;
0, 1314; 0.154099, -1.552794, 1.256214; 0, 23, 1, 0; 32553795; 0, 1, 0; 1, 0, 0; 2, 1, 1;
0, 1314; 0.158157, -1.558385, 1.263636 / 0.158186, -1.557783, 1.264078 / 0.158129, -1.558987, 1.263193; 0, 23, 1, 0; 32553907; 2, 1, 1; 1, 1, 0; 4, 1, 1/ 2, 6, 2;
0, 1314; 0.161541, -1.570156, 1.270825; 0, 23, 1, 0; 32554523; 0, 1, 0; 0, 1, 0; 4, 1, 1;
0, 1314; 0.167180, -1.568559, 1.274380; 0, 23, 1, 0; 32555423; 0, 1, 0; 0, 1, 0; 1, 1, 1;
0, 1314; 0.168410, -1.565334, 1.279188; 0, 23, 1, 0; 32555478; 0, 1, 0; 1, 0, 0; 3, 1, 1;
0, 1314; 0.169863, -1.724010, 1.262507 / 0.169884, -1.723779, 1.262533 / 0.169842, -1.724240, 1.262481; 0, 23, 1, 0; 32621935; 2, 1, 1; 1, 1, 0; 1, 1, 2/ 2, 2, 1;
0, 1314; 0.325106, -2.370544, 0.968148; 0, 23, 1, 0; 51446434; 1, 0, 1; 0, 1, 0; 4, 1, 2;
0, 1314; 0.329560, -2.377597, 0.964594; 0, 23, 1, 0; 51445504; 1, 0, 1; 1, 0, 0; 2, 1, 2;
1, 1317; -1.593324, -2.441919, -3.809388; 0, 13, 1, 0; 389960; 1, 0, 1; 0, 1, 0; 1, 1, 2;
0, 1317; -2.601599, -2.138852, -1.261267; 0, 2, 1, 1; 134677125; 1, 0, 1; 0, 1, 0; 4, 1, 2;
1, 1325; 2.840642, -3.854796, -0.272247; 0, 32, 1, 1; 119507786; 0, 1, 0; 1, 0, 0; 3, 1, 1;
1, 1326; -2.038786, 0.521858, -3.215737; 0, 12, 1, 1; 47339943; 1, 0, 1; 1, 0, 0; 2, 1, 2;
0, 1326; -2.062394, 0.496670, -3.247759 / -2.062272, 0.496922, -3.247436 / -2.062516, 0.496418, -3.248082; 0, 12, 1, 1; 47465725; 1, 0, 2; 0, 2, 0; 4, 1, 2/ 4, 2, 2;
1, 1327; 2.953900, -3.803481, 0.236775; 0, 32, 1, 1; 119629793; 1, 0, 1; 0, 1, 0; 1, 1, 2;
1, 1329; -3.663392, -3.655710, 1.015336; 0, 4, 1, 1; 159249903; 1, 0, 1; 0, 1, 0; 1, 1, 2;
1, 1365; 0.206797, 2.613606, -1.747687; 0, 15, 1, 1; 60012205; 0, 1, 0; 0, 1, 0; 1, 1, 1;
1, 1370; 2.272190, -0.972997, 1.873932; 0, 35, 1, 1; 47315738; 1, 0, 1; 0, 1, 0; 4, 1, 2;
0, 1370; 2.418283, 3.094486, 0.794910; 0, 34, 1, 1; 69791979; 1, 0, 1; 1, 0, 0; 2, 1, 2;
1, 1371; -0.490191, -0.035421, 3.834962; 0, 39, 1, 1; 61957817; 1, 0, 1; 0, 1, 0; 4, 1, 2;
0, 1371; -0.702007, -0.504121, 3.387710; 0, 23, 1, 1; 206017216; 0, 1, 0; 0, 1, 0; 1, 1, 1;
0, 1371; -0.704408, -0.500193, 3.385358; 0, 23, 1, 1; 206017274; 1, 0, 1; 0, 1, 0; 1, 1, 2;
0, 1371; -0.706291, -0.504316, 3.384939; 0, 23, 1, 1; 206017363; 1, 0, 1; 1, 0, 0; 2, 1, 2;
1, 1378; 2.330151, -3.027678, 3.709081; 0, 38, 1, 1; 68433134; 1, 0, 1; 0, 1, 0; 1, 1, 2;
1, 1380; 1.005277, -2.900430, 0.768279; 0, 25, 1, 0; 58758713; 1, 0, 1; 0, 1, 0; 4, 1, 2;
1, 1382; -2.207720, -0.387815, -0.473132; 0, 9, 1, 1; 58582159; 0, 1, 0; 1, 0, 0; 2, 1, 1;
1, 1386; -3.859904, 2.209877, -3.105011; 0, 1, 1, 1; 181034056; 1, 0, 1; 0, 1, 0; 4, 1, 2;
1, 1389; -1.742747, 0.395871, 1.138821; 0, 8, 1, 0; 901304; 0, 1, 0; 0, 1, 0; 4, 1, 1;
1, 1392; -3.780914, 2.031138, 0.051610; 0, 3, 1, 1; 107428788; 1, 0, 1; 0, 1, 0; 1, 1, 2;
1, 1398; -1.592388, 1.131584, 3.676295; 0, 40, 1, 0; 14561417; 1, 0, 1; 0, 1, 0; 1, 1, 2;
0, 1398; -1.595219, 1.134149, 3.679558; 0, 40, 1, 0; 14560356; 1, 0, 1; 1, 0, 0; 2, 1, 2;
0, 1398; -1.596157, 1.132927, 3.672165; 0, 40, 1, 0; 14560308; 1, 0, 1; 0, 1, 0; 4, 1, 2;
0, 1398; -2.950002, 1.734622, 3.405867; 0, 5, 1, 1; 130497598; 1, 0, 1; 0, 1, 0; 4, 1, 2;
0, 1398; -3.834857, 2.179215, 2.526878; 0, 5, 1, 1; 143483776; 0, 1, 0; 0, 1, 0; 4, 1, 1;
0, 1398; 2.190989, 2.505466, 3.143373 / 2.191268, 2.505640, 3.143610 / 2.190711, 2.505293, 3.143135; 0, 37, 1, 1; 99435422; 2, 1, 1; 1, 1, 0; 2, 1, 2/ 4, 1, 1;
1, 1408; -1.065024, -1.252328, 2.471293 / -1.064962, -1.251932, 2.471455 / -1.065087, -1.252724, 2.471131; 0, 6, 1, 1; 145230550; 2, 1, 1; 1, 1, 0; 4, 1, 1/ 2, 3, 2;
0, 1408; 0.929424, -2.012728, 2.309941; 0, 24, 1, 1; 231431026; 0, 1, 0; 1, 0, 0; 2, 1, 1;
1, 1410; -3.670436, -0.678547, 3.797787 / -3.669966, -0.678138, 3.797813 / -3.670905, -0.678957, 3.797761; 0, 40, 1, 1; 80421358; 0, 2, 0; 1, 1, 0; 2, 1, 1/ 4, 4, 1;
1, 1416; -0.529487, -0.078648, 1.311330; 0, 22, 1, 1; 40136159; 0, 1, 0; 1, 0, 0; 3, 1, 1;
1, 1422; -2.358622, 0.039729, -0.196340; 0, 9, 1, 0; 43890941; 1, 0, 1; 0, 1, 0; 1, 1, 2;
1, 1423; 2.485048, -1.405397, -2.524881; 0, 30, 1, 0; 43639367; 0, 1, 0; 1, 0, 0; 2, 1, 1;
1, 1427; 2.885672, 3.102150, -0.209231; 0, 34, 1, 1; 39338527; 1, 0, 1; 1, 0, 0; 3, 1, 2;
0, 1427; 2.897423, 3.094783, -0.211859; 0, 34, 1, 1; 39337218; 1, 0, 1; 1, 0, 0; 3, 1, 2;
1, 1444; -3.500000, -0.619839, -2.808049; 0, 1, 1, 0; 92203734; 1, 0, 1; 0, 1, 0; 4, 1, 2;
1, 1448; 3.748161, -3.829133, 1.578388; 0, 46, 1, 1; 162945172; 0, 1, 0; 0, 1, 0; 1, 1, 1;
1, 1477; -2.376614, -2.580203, -3.401804; 0, 12, 1, 1; 140355648; 0, 1, 0; 1, 0, 0; 2, 1, 1;
0, 1477; -3.188422, -2.207750, -1.478818; 0, 2, 1, 1; 135638291; 1, 0, 1; 1, 0, 0; 2, 1, 2;
0, 1477; -3.190148, -2.205068, -1.481816; 0, 2, 1, 1; 135638381; 1, 0, 1; 0, 1, 0; 1, 1, 2;
0, 1477; -3.255137, -1.989854, -1.303848; 0, 2, 1, 1; 130273967; 0, 1, 0; 0, 1, 0; 4, 1, 1;
0, 1477; -3.444277, -1.988273, -1.097074; 0, 2, 1, 1; 132222888; 0, 1, 0; 1, 0, 0; 3, 1, 1;
1, 1479; 2.030154, -3.840429, -1.108267; 0, 27, 1, 1; 62891233; 0, 1, 0; 0, 1, 0; 1, 1, 1;
1, 1488; 0.344606, 3.629652, 0.724817; 0, 42, 1, 0; 25534271; 0, 1, 0; 0, 1, 0; 4, 1, 1;
1, 1495; -0.338648, 2.812841, -2.549576; 0, 15, 1, 0; 3001999; 1, 0, 1; 0, 1, 0; 4, 1, 2;
0, 1495; -0.965999, 2.779131, -2.580162; 0, 11, 1, 1; 115806973; 1, 0, 1; 0, 1, 0; 4, 1, 2;
0, 1495; -1.482341, 2.733828, -2.834174; 0, 11, 1, 1; 116619744; 1, 0, 1; 1, 0, 0; 3, 1, 2;
0, 1495; -1.723113, 2.745588, -2.964631; 0, 11, 1, 1; 116996164; 0, 1, 0; 0, 1, 0; 1, 1, 1;
0, 1495; -1.737456, 2.736628, -2.971325; 0, 11, 1, 1; 116998641; 1, 0, 1; 1, 0, 0; 2, 1, 2;
0, 1495; -3.345396, 2.965282, -3.463973; 0, 1, 1, 1; 200881964; 0, 1, 0; 1, 0, 0; 2, 1, 1;
0, 1495; 1.013071, 2.668499, -2.192350; 0, 28, 1, 0; 62681478; 0, 1, 0; 0, 1, 0; 4, 1, 1;
1, 1498; 1.552705, 2.927429, 0.445768; 0, 26, 1, 1; 60291575; 1, 0, 1; 1, 0, 0; 3, 1, 2;
1, 1518; -0.059957, -3.052162, 1.333396; 0, 23, 1, 0; 77172360; 0, 1, 0; 0, 1, 0; 1, 1, 1;
0, 1518; 0.021405, -3.108182, 1.280554; 0, 23, 1, 0; 76982213; 1, 0, 1; 1, 0, 0; 3, 1, 2;
0, 1518; 0.235792, -3.820858, 1.089742; 0, 23, 1, 0; 93837379; 1, 0, 1; 1, 0, 0; 2, 1, 2;
0, 1518; 0.236226, -3.849985, 1.084808; 0, 23, 1, 0; 93837973; 1, 0, 1; 1, 0, 0; 2, 1, 2;
0, 1518; 0.241932, -3.821777, 1.094440; 0, 23, 1, 0; 93836352; 1, 0, 1; 1, 0, 0; 2, 1, 2;
1, 1519; -3.536476, 2.880001, -2.473381; 0, 1, 1, 1; 199993127; 1, 0, 1; 0, 1, 0; 1, 1, 2;
1, 1521; 0.967876, -0.820332, -0.129279; 0, 26, 1, 1; 171209767; 1, 0, 1; 0, 1, 0; 4, 1, 2;
0, 1521; 0.968435, -0.821760, -0.130880; 0, 26, 1, 1; 171209689; 0, 1, 0; 0, 1, 0; 1, 1, 1;
0, 1521; 0.970475, -0.822062, -0.131866 / 0.971655, -0.822014, -0.131715 / 0.969295, -0.822111, -0.132016; 0, 26, 1, 1; 171209603; 1, 0, 2; 0, 2, 1; 1, 1, 2/ 4, 6, 2;
0, 1521; 1.159742, -0.926518, 0.192347; 0, 26, 1, 1; 181810254; 1, 0, 1; 0, 1, 0; 4, 1, 2;
0, 1521; 1.176272, -0.932613, 0.207498; 0, 26, 1, 1; 181812121; 1, 0, 1; 0, 1, 0; 4, 1, 2;
0, 1521; 1.538839, -1.156156, 0.414779; 0, 26, 1, 1; 183933198; 1, 0, 1; 0, 1, 0; 4, 1, 2;
0, 1521; 1.726767, -1.276517, 0.423532; 0, 26, 1, 1; 186251595; 0, 1, 0; 0, 1, 0; 4, 1, 1;
0, 1521; 1.727060, -1.276067, 0.421114; 0, 26, 1, 1; 186250549; 1, 0, 1; 0, 1, 0; 4, 1, 2;
0, 1521; 1.947646, -1.447408, 0.373022; 0, 26, 1, 1; 186704956; 0, 1, 0; 1, 0, 0; 2, 1, 1;
1, 1523; 2.318603, -2.900495, 3.714236; 0, 38, 1, 1; 68854202; 1, 0, 1; 0, 1, 0; 1, 1, 2;
0, 1523; 2.328673, -2.901872, 3.713774 / 2.329078, -2.901715, 3.714140 / 2.328269, -2.902028, 3.713407; 0, 38, 1, 1; 68852996; 1, 0, 2; 1, 1, 0; 4, 1, 2/ 3, 3, 2;
0, 1523; 2.333848, -2.901952, 3.712645; 0, 38, 1, 1; 68851874; 0, 1, 0; 0, 1, 0; 1, 1, 1;
1, 1528; 0.954876, -0.263556, -3.573930; 0, 29, 1, 0; 28439832; 1, 0, 1; 0, 1, 0; 4, 1, 2;
0, 1528; 1.008714, -0.193018, -3.456497 / 1.009032, -0.192780, -3.456158 / 1.008395, -0.193255, -3.456837; 0, 29, 1, 0; 28155261; 0, 2, 0; 1, 1, 0; 1, 1, 1/ 3, 2, 1;
1, 1534; -0.191771, 2.965572, 3.809755; 0, 39, 1, 1; 55841424; 1, 0, 1; 0, 1, 0; 1, 1, 2;
0, 1534; -0.192280, 2.965406, 3.806622; 0, 39, 1, 1; 55841503; 1, 0, 1; 0, 1, 0; 1, 1, 2;
0, 1534; -1.091597, 3.495752, 3.637247 / -1.091377, 3.495904, 3.638086 / -1.091818, 3.495601, 3.636407; 0, 39, 1, 1; 76598046; 1, 0, 2; 1, 1, 0; 1, 1, 2/ 2, 5, 2;
1, 1535; 1.120629, -2.729117, 3.084091; 0, 24, 1, 1; 256352405; 1, 0, 1; 0, 1, 0; 4, 1, 2;
0, 1535; 1.242533, -2.965831, 3.106463 / 1.243453, -2.965143, 3.107158 / 1.241613, -2.966520, 3.105769; 0, 24, 1, 1; 257011811; 1, 0, 2; 1, 1, 0; 4, 1, 2/ 3, 8, 2;
0, 1535; 1.285479, -2.296832, 3.223046; 0, 24, 1, 1; 238766465; 0, 1, 0; 0, 1, 0; 4, 1, 1;
0, 1535; 1.884124, -1.566245, 3.572751; 0, 24, 1, 1; 221829764; 1, 0, 1; 0, 1, 0; 1, 1, 2;
1, 1539; -0.210697, 0.561580, 1.097442; 0, 22, 1, 1; 19843094; 1, 0, 1; 0, 1, 0; 4, 1, 2;
0, 1539; -0.213785, 0.566359, 1.092755; 0, 22, 1, 1; 19843344; 1, 0, 1; 0, 1, 0; 1, 1, 2;
0, 1539; -0.213789, 0.564869, 1.096645; 0, 22, 1, 1; 19843264; 0, 1, 0; 0, 1, 0; 4, 1, 1;
0, 1539; -0.224377, 0.540033, 1.322080; 0, 22, 1, 1; 21774735; 1, 0, 1; 0, 1, 0; 4, 1, 2;
0, 1539; -0.236730, 0.542849, 1.293667; 0, 22, 1, 1; 21779030; 0, 1, 0; 1, 0, 0; 3, 1, 1;
0, 1539; -0.243735, 0.544435, 1.366020; 0, 22, 1, 1; 21768344; 1, 0, 1; 0, 1, 0; 1, 1, 2;
0, 1539; -0.250210, 0.533375, 1.393255; 0, 22, 1, 1; 21764551; 1, 0, 1; 0, 1, 0; 1, 1, 2;
0, 1539; 0.469038, 0.654081, 2.155870; 0, 23, 1, 1; 236382270; 0, 1, 0; 1, 0, 0; 2, 1, 1;
1, 1548; 1.012195, -3.072154, 3.673106; 0, 39, 1, 0; 11307334; 1, 0, 1; 0, 1, 0; 1, 1, 2;
1, 1551; -1.474516, 3.187886, -3.232234; 0, 11, 1, 1; 109383548; 1, 0, 1; 1, 0, 0; 2, 1, 2;
0, 1551; -1.477335, 3.214017, -3.204032; 0, 11, 1, 1; 109380197; 1, 0, 1; 0, 1, 0; 4, 1, 2;
0, 1551; -1.478765, 3.210281, -3.201500; 0, 11, 1, 1; 109379142; 0, 1, 0; 1, 0, 0; 2, 1, 1;
0, 1551; -1.483091, 3.195978, -3.204195; 0, 11, 1, 1; 109379985; 1, 0, 1; 0, 1, 0; 1, 1, 2;
1, 1554; 3.494400, -3.542442, -1.448588; 0, 32, 1, 1; 98858575; 1, 0, 1; 0, 1, 0; 1, 1, 2;
1, 1557; -2.643681, -1.253052, -0.484449; 0, 3, 1, 0; 8455550; 1, 0, 1; 0, 1, 0; 1, 1, 2;
0, 1557; -2.646280, -1.254783, -0.480369; 0, 3, 1, 0; 8455386; 0, 1, 0; 0, 1, 0; 1, 1, 1;
0, 1557; -2.778559, -1.262097, -0.389189; 0, 3, 1, 0; 7343467; 1, 0, 1; 0, 1, 0; 4, 1, 2;
0, 1557; -2.778967, -1.259709, -0.392186 / -2.778284, -1.259502, -0.391752 / -2.779651, -1.259916, -0.392621; 0, 3, 1, 0; 7343383; 2, 1, 1; 1, 1, 0; 3, 1, 1/ 1, 2, 2;
0, 1557; -2.823622, -0.497186, -3.210627; 0, 1, 1, 0; 101619733; 1, 0, 1; 0, 1, 0; 1, 1, 2;
0, 1557; -2.923020, -0.824909, -1.984623; 0, 2, 1, 0; 90922384; 1, 0, 1; 0, 1, 0; 1, 1, 2;
1, 1559; 2.822297, -3.796912, 1.311438; 0, 36, 1, 0; 11267492; 1, 0, 1; 0, 1, 0; 1, 1, 2;
0, 1559; 2.823436, -3.800096, 1.313910; 0, 36, 1, 0; 11267480; 1, 0, 1; 0, 1, 0; 1, 1, 2;
0, 1559; 3.017620, -3.721247, 1.393695; 0, 36, 1, 0; 11123977; 1, 0, 1; 0, 1, 0; 4, 1, 2;
0, 1559; 3.073919, -3.458537, 1.122541 / 3.074456, -3.457917, 1.122600 / 3.073381, -3.459158, 1.122481; 0, 36, 1, 0; 3787994; 2, 1, 1; 0, 2, 0; 1, 1, 1/ 1, 4, 2;
0, 1559; 3.088824, -3.623423, 1.368904; 0, 36, 1, 0; 10847061; 1, 0, 1; 0, 1, 0; 1, 1, 2;
1, 1564; 2.199695, 2.032690, 3.883035; 0, 38, 1, 1; 74589979; 1, 0, 1; 0, 1, 0; 1, 1, 2;
1, 1574; -1.709162, 2.804028, 1.351439; 0, 8, 1, 1; 72436624; 1, 0, 1; 0, 1, 0; 4, 1, 2;
0, 1574; -1.709687, 2.809488, 1.351250; 0, 8, 1, 1; 72436608; 0, 1, 0; 1, 0, 0; 2, 1, 1;
0, 1574; -1.711452, 2.795691, 1.346993; 0, 8, 1, 1; 72435696; 1, 0, 1; 0, 1, 0; 1, 1, 2;
0, 1574; -1.711764, 2.809041, 1.348671; 0, 8, 1, 1; 72435567; 1, 0, 1; 0, 1, 0; 1, 1, 2;
0, 1574; -1.747308, 2.897628, 1.443410 / -1.746581, 2.897633, 1.443529 / -1.748034, 2.897622, 1.443292; 0, 8, 1, 1; 72555778; 0, 3, 0; 1, 2, 1; 4, 1, 1/ 1, 3, 1/ 2, 3, 1;
0, 1574; -1.750333, 2.912870, 1.432088; 0, 8, 1, 1; 72557990; 1, 0, 1; 0, 1, 0; 4, 1, 2;
0, 1574; -1.760030, 2.891370, 1.374268; 0, 8, 1, 1; 72648867; 0, 1, 0; 0, 1, 0; 1, 1, 1;
0, 1574; -1.775097, 2.915094, 1.286430; 0, 8, 1, 1; 72661404; 1, 0, 1; 0, 1, 0; 4, 1, 2;
0, 1574; -1.870585, 3.092764, 0.994595; 0, 8, 1, 1; 80012640; 1, 0, 1; 0, 1, 0; 4, 1, 2;
0, 1574; -1.875581, 3.098787, 0.983487; 0, 8, 1, 1; 80013599; 1, 0, 1; 0, 1, 0; 4, 1, 2;
0, 1574; -1.876898, 3.094825, 0.987991; 0, 8, 1, 1; 80013617; 1, 0, 1; 1, 0, 0; 3, 1, 2;
0, 1574; -2.134754, 3.093135, 0.451901; 0, 8, 1, 1; 112801637; 1, 0, 1; 1, 0, 0; 2, 1, 2;
0, 1574; -2.136018, 3.093201, 0.451826 / -2.135218, 3.093439, 0.451888 / -2.136818, 3.092963, 0.451764; 0, 8, 1, 1; 112801630; 2, 1, 1; 0, 2, 1; 4, 1, 2/ 1, 7, 1;
0, 1574; -2.162822, 3.084610, 0.402398; 0, 8, 1, 1; 112771587; 0, 1, 0; 0, 1, 0; 1, 1, 1;
0, 1574; -2.267858, 2.136588, -0.267410; 0, 8, 1, 1; 134988835; 1, 0, 1; 0, 1, 0; 4, 1, 2;
1, 1578; 3.430564, -2.491298, 0.332143; 0, 33, 1, 0; 15761248; 1, 0, 1; 0, 1, 0; 1, 1, 2;
0, 1578; 3.434320, -2.488158, 0.332828; 0, 33, 1, 0; 15761335; 0, 1, 0; 1, 0, 0; 2, 1, 1;
0, 1578; 3.471446, -2.452973, 0.359302; 0, 33, 1, 0; 15636205; 1, 0, 1; 0, 1, 0; 1, 1, 2;
1, 1584; -0.036079, 3.113016, 2.823579; 0, 24, 1, 0; 48005606; 0, 1, 0; 0, 1, 0; 4, 1, 1;
0, 1584; -0.037987, 3.112055, 2.830459 / -0.037782, 3.112600, 2.830655 / -0.038191, 3.111511, 2.830262; 0, 24, 1, 0; 48004477; 0, 2, 0; 1, 1, 0; 3, 1, 1/ 1, 4, 1;
0, 1584; -0.039763, 3.111876, 2.833522 / -0.038845, 3.112164, 2.833595 / -0.040681, 3.111589, 2.833449; 0, 24, 1, 0; 48004394; 1, 0, 2; 0, 2, 1; 1, 1, 2/ 4, 6, 2;
0, 1584; -0.043687, 3.101533, 2.834227; 0, 24, 1, 0; 48004211; 0, 1, 0; 0, 1, 0; 4, 1, 1;
0, 1584; -0.044383, 3.097422, 2.832124; 0, 24, 1, 0; 48004270; 0, 1, 0; 0, 1, 0; 4, 1, 1;
0, 1584; -0.056625, 2.959050, 3.100126; 0, 24, 1, 0; 39275623; 0, 1, 0; 0, 1, 0; 4, 1, 1;
0, 1584; -0.072992, 2.923943, 3.126169; 0, 24, 1, 0; 39371671; 0, 1, 0; 0, 1, 0; 4, 1, 1;
0, 1584; -0.255937, 3.374178, 2.308757; 0, 24, 1, 0; 56468975; 1, 0, 1; 1, 0, 0; 2, 1, 2;
0, 1584; -0.404343, 3.488555, 2.182307; 0, 24, 1, 0; 56056406; 1, 0, 1; 1, 0, 0; 2, 1, 2;
0, 1584; 2.428929, -1.775610, 3.731726; 0, 38, 1, 1; 65135111; 1, 0, 1; 1, 0, 0; 3, 1, 2;
0, 1584; 3.231871, 3.240471, 2.874884; 0, 38, 1, 0; 5538438; 1, 0, 1; 0, 1, 0; 4, 1, 2;
0, 1584; 3.384330, -0.197085, 3.794388; 0, 38, 1, 0; 34642788; 0, 1, 0; 0, 1, 0; 4, 1, 1;
0, 1584; 3.395135, 3.156546, 3.273553; 0, 38, 1, 0; 3299042; 1, 0, 1; 0, 1, 0; 1, 1, 2;
0, 1584; 3.623881, 0.380346, 3.798294; 0, 38, 1, 0; 25149724; 1, 0, 1; 1, 0, 0; 3, 1, 2;
0, 1584; 3.625060, 0.377412, 3.800327; 0, 38, 1, 0; 25149640; 0, 1, 0; 1, 0, 0; 2, 1, 1;
0, 1584; 3.657269, 0.389123, 3.848052; 0, 38, 1, 0; 25020276; 0, 1, 0; 0, 1, 0; 4, 1, 1;
0, 1584; 3.665798, 0.406077, 3.848998; 0, 38, 1, 0; 25022778; 1, 0, 1; 0, 1, 0; 1, 1, 2;
1, 1587; 2.648979, 1.271799, -2.853715; 0, 30, 1, 1; 129483579; 1, 0, 1; 0, 1, 0; 4, 1, 2;
1, 1589; -3.879410, 1.031462, -3.409647; 0, 1, 1, 1; 144676765; 1, 0, 1; 0, 1, 0; 1, 1, 2;
1, 1592; -1.092263, 1.992454, -0.027589; 0, 8, 1, 1; 143704252; 0, 1, 0; 1, 0, 0; 3, 1, 1;
0, 1592; -1.131025, 1.996325, 0.021707; 0, 8, 1, 1; 147152454; 0, 1, 0; 0, 1, 0; 4, 1, 1;
0, 1592; -1.165650, 1.996010, 0.069755; 0, 8, 1, 1; 147183316; 1, 0, 1; 1, 0, 0; 3, 1, 2;
0, 1592; -1.174731, 1.999134, 0.075077; 0, 8, 1, 1; 147182521; 0, 1, 0; 0, 1, 0; 1, 1, 1;
0, 1592; -2.046389, 2.343987, 1.036482; 0, 8, 1, 1; 55972982; 1, 0, 1; 0, 1, 0; 4, 1, 2;
1, 1593; -2.287169, -3.798403, -2.577066; 0, 13, 1, 1; 28512608; 1, 0, 1; 0, 1, 0; 1, 1, 2;
1, 1596; -3.324978, -0.800962, 3.514526 / -3.324517, -0.800895, 3.514590 / -3.325438, -0.801028, 3.514463; 0, 5, 1, 1; 54832838; 1, 0, 2; 1, 1, 0; 2, 1, 2/ 1, 2, 2;
0, 1596; -3.328866, -0.788326, 3.503545; 0, 5, 1, 1; 54833940; 1, 0, 1; 0, 1, 0; 1, 1, 2;
0, 1596; -3.333110, -0.789302, 3.507556; 0, 5, 1, 1; 54833693; 1, 0, 1; 0, 1, 0; 4, 1, 2;
0, 1596; -3.807642, -0.031754, 2.562929; 0, 5, 1, 1; 71328041; 0, 1, 0; 1, 0, 0; 3, 1, 1;
0, 1596; -3.808149, -0.188209, 2.855163; 0, 5, 1, 1; 71716753; 1, 0, 1; 0, 1, 0; 4, 1, 2;
0, 1596; -3.820388, -0.109882, 2.722713; 0, 5, 1, 1; 71913559; 0, 1, 0; 0, 1, 0; 1, 1, 1;
1, 1597; 2.672693, 3.385438, 0.230379; 0, 34, 1, 1; 46190610; 1, 0, 1; 0, 1, 0; 1, 1, 2;
0, 1597; 3.244546, 2.345835, -0.481010; 0, 34, 1, 0; 14530991; 0, 1, 0; 0, 1, 0; 1, 1, 1;
0, 1597; 3.409616, 2.600485, 0.273202; 0, 34, 1, 0; 17345458; 1, 0, 1; 0, 1, 0; 1, 1, 2;
0, 1597; 3.858223, 2.210607, 0.234966; 0, 45, 1, 1; 42589989; 1, 0, 1; 0, 1, 0; 4, 1, 2;
0, 1597; 3.863040, 2.204352, 0.233391; 0, 45, 1, 1; 42590048; 1, 0, 1; 1, 0, 0; 3, 1, 2;
0, 1597; 3.872550, 2.193934, 0.227549; 0, 45, 1, 1; 42590718; 1, 0, 1; 0, 1, 0; 1, 1, 2;
1, 1599; 0.498503, 3.879777, -0.210512; 0, 42, 1, 1; 54389069; 0, 1, 0; 0, 1, 0; 1, 1, 1;
1, 1605; 1.694257, -0.362136, -2.928190; 0, 29, 1, 0; 37239124; 1, 0, 1; 0, 1, 0; 4, 1, 2;
0, 1605; 2.981975, -0.199483, -2.461631; 0, 30, 1, 1; 82909270; 1, 0, 1; 0, 1, 0; 4, 1, 2;
1, 1608; -1.317848, 0.239278, -1.720518; 0, 10, 1, 1; 138397787; 1, 0, 1; 1, 0, 0; 3, 1, 2;
0, 1608; -1.904054, -0.061520, -2.042004; 0, 10, 1, 1; 129039629; 0, 1, 0; 0, 1, 0; 1, 1, 1;
0, 1608; -2.136532, -0.200431, -2.182257; 0, 10, 1, 1; 131872236; 1, 0, 1; 0, 1, 0; 4, 1, 2;
1, 1619; 1.596677, -3.036442, -2.878533; 0, 29, 1, 1; 113813841; 0, 1, 0; 0, 1, 0; 1, 1, 1;
0, 1619; 1.599921, -3.021194, -2.859645; 0, 29, 1, 1; 113810931; 1, 0, 1; 1, 0, 0; 2, 1, 2;
0, 1619; 1.626927, -2.173980, -1.725673; 0, 27, 1, 1; 113909664; 0, 1, 0; 1, 0, 0; 2, 1, 1;
0, 1619; 1.678807, -2.074998, -1.476385 / 1.679298, -2.074878, -1.476191 / 1.678315, -2.075118, -1.476580; 0, 27, 1, 1; 119862251; 2, 1, 1; 0, 2, 0; 4, 1, 1/ 4, 2, 2;
0, 1619; 1.678819, -2.077861, -1.477946; 0, 27, 1, 1; 119862262; 1, 0, 1; 0, 1, 0; 4, 1, 2;
0, 1619; 2.033494, -1.725914, -0.745595; 0, 26, 1, 1; 194282103; 1, 0, 1; 0, 1, 0; 1, 1, 2;
0, 1619; 2.167938, -0.850034, 3.164689; 0, 36, 1, 1; 107129185; 1, 0, 1; 0, 1, 0; 1, 1, 2;
1, 1621; 0.524609, -2.417073, 2.800381 / 0.525910, -2.416892, 2.801514 / 0.523308, -2.417254, 2.799249; 0, 23, 1, 1; 143672777; 1, 0, 2; 0, 2, 1; 1, 1, 2/ 4, 8, 2;
0, 1621; 0.526095, -2.420033, 2.799600; 0, 23, 1, 1; 143672856; 1, 0, 1; 0, 1, 0; 4, 1, 2;
0, 1621; 0.527042, -2.419983, 2.800320; 0, 23, 1, 1; 143672933; 1, 0, 1; 0, 1, 0; 4, 1, 2;
0, 1621; 0.669753, -2.020364, 3.487991; 0, 24, 1, 1; 223772163; 1, 0, 1; 0, 1, 0; 1, 1, 2;
0, 1621; 0.685907, -1.970419, 3.577672; 0, 24, 1, 1; 223615378; 1, 0, 1; 0, 1, 0; 4, 1, 2;
0, 1621; 0.688732, -1.975653, 3.577137; 0, 24, 1, 1; 223614340; 1, 0, 1; 0, 1, 0; 1, 1, 2;
0, 1621; 0.985224, -3.631085, 0.532410; 0, 27, 1, 1; 54038399; 1, 0, 1; 0, 1, 0; 1, 1, 2;
1, 1623; -0.471499, 0.386752, 2.190827; 0, 23, 1, 1; 229066997; 0, 1, 0; 1, 0, 0; 2, 1, 1;
0, 1623; -0.577794, 0.433386, 2.308869; 0, 23, 1, 1; 229277138; 1, 0, 1; 1, 0, 0; 3, 1, 2;
1, 1628; 1.900781, 2.979399, 1.136918; 0, 26, 1, 0; 15157657; 0, 1, 0; 0, 1, 0; 1, 1, 1;
0, 1628; 1.902360, 2.975026, 1.135861; 0, 26, 1, 0; 15157638; 0, 1, 0; 0, 1, 0; 4, 1, 1;
0, 1628; 2.054798, 1.601778, 2.254944; 0, 24, 1, 1; 124320762; 1, 0, 1; 1, 0, 0; 3, 1, 2;
0, 1628; 2.139248, 3.171615, 0.492372; 0, 34, 1, 1; 42442539; 1, 0, 1; 0, 1, 0; 4, 1, 2;
0, 1628; 2.139532, 3.177330, 0.497377; 0, 34, 1, 1; 42443502; 0, 1, 0; 1, 0, 0; 2, 1, 1;
0, 1628; 2.139839, 3.175079, 0.504084; 0, 34, 1, 1; 42443451; 0, 1, 0; 0, 1, 0; 4, 1, 1;
0, 1628; 2.143283, 3.175817, 0.503830; 0, 34, 1, 1; 42443465; 0, 1, 0; 0, 1, 0; 1, 1, 1;
0, 1628; 2.565087, 0.929157, 2.137935; 0, 37, 1, 1; 50383921; 1, 0, 1; 1, 0, 0; 3, 1, 2;
0, 1628; 2.763884, 0.806688, 2.116450; 0, 37, 1, 1; 43111369; 1, 0, 1; 0, 1, 0; 4, 1, 2;
0, 1628; 3.188847, 0.549299, 2.168249; 0, 37, 1, 1; 35798786; 0, 1, 0; 1, 0, 0; 3, 1, 1;
0, 1628; 3.207065, 0.539730, 2.169658; 0, 37, 1, 1; 35801234; 1, 0, 1; 0, 1, 0; 4, 1, 2;
0, 1628; 3.860303, 0.090075, 2.566525; 0, 46, 1, 1; 40439289; 1, 0, 1; 0, 1, 0; 4, 1, 2;
1, 1631; -3.527833, 0.699124, 3.546495; 0, 5, 1, 1; 104941679; 1, 0, 1; 0, 1, 0; 4, 1, 2;
0, 1631; -3.640233, 0.558733, 3.493869; 0, 5, 1, 1; 90370468; 0, 1, 0; 0, 1, 0; 1, 1, 1;
1, 1644; -2.921535, -3.393229, -0.573104; 0, 2, 1, 1; 198273841; 1, 0, 1; 0, 1, 0; 4, 1, 2;
0, 1644; -3.057738, -3.241274, -0.490698; 0, 2, 1, 1; 209048654; 0, 1, 0; 0, 1, 0; 1, 1, 1;
0, 1644; -3.078258, -3.229739, -0.452004; 0, 2, 1, 1; 209043171; 1, 0, 1; 0, 1, 0; 1, 1, 2;
0, 1644; -3.132860, -3.573486, -0.573205; 0, 2, 1, 1; 200863520; 1, 0, 1; 0, 1, 0; 1, 1, 2;
1, 1647; 2.325641, 0.522902, 1.598602; 0, 35, 1, 0; 7687994; 1, 0, 1; 0, 1, 0; 1, 1, 2;
0, 1647; 2.654665, 0.268036, 1.447978; 0, 35, 1, 0; 15137557; 1, 0, 1; 0, 1, 0; 1, 1, 2;
0, 1647; 2.666688, 0.256955, 1.437709; 0, 35, 1, 0; 15136493; 0, 1, 0; 1, 0, 0; 3, 1, 1;
0, 1647; 2.721957, 0.192636, 1.297209; 0, 35, 1, 0; 15779816; 1, 0, 1; 1, 0, 0; 2, 1, 2;
0, 1647; 2.722222, 0.188955, 1.289338; 0, 35, 1, 0; 15781004; 0, 1, 0; 0, 1, 0; 4, 1, 1;
0, 1647; 2.722607, 0.190264, 1.292424; 0, 35, 1, 0; 15779959; 1, 0, 1; 0, 1, 0; 1, 1, 2;
1, 1650; -2.031775, 2.922193, 0.500002; 0, 8, 1, 1; 113564012; 1, 0, 1; 0, 1, 0; 1, 1, 2;
1, 1655; 0.158330, -3.398110, -2.063114; 0, 17, 1, 1; 39525041; 0, 1, 0; 1, 0, 0; 2, 1, 1;
0, 1655; 0.163118, -3.393480, -2.071691; 0, 17, 1, 1; 39525838; 1, 0, 1; 0, 1, 0; 1, 1, 2;
1, 1661; -0.973034, -3.246467, -2.910817; 0, 13, 1, 0; 12491356; 0, 1, 0; 0, 1, 0; 4, 1, 1;
0, 1661; -1.181871, -3.573360, -2.535676; 0, 13, 1, 1; 26979690; 1, 0, 1; 0, 1, 0; 1, 1, 2;
1, 1686; -0.666336, 2.927803, -3.688837; 0, 15, 1, 0; 1223632; 1, 0, 1; 0, 1, 0; 1, 1, 2;
0, 1686; -0.764206, 2.958936, -3.791259; 0, 15, 1, 0; 1100066; 1, 0, 1; 0, 1, 0; 4, 1, 2;
0, 1686; -0.861679, 2.831005, -3.692443; 0, 15, 1, 0; 1397225; 1, 0, 1; 0, 1, 0; 1, 1, 2;
0, 1686; -0.878229, 2.825389, -3.691015; 0, 15, 1, 0; 1395937; 1, 0, 1; 0, 1, 0; 4, 1, 2;
0, 1686; -0.883719, 2.824714, -3.696125; 0, 15, 1, 0; 1395761; 1, 0, 1; 0, 1, 0; 4, 1, 2;
0, 1686; -0.924180, 2.804862, -3.721428; 0, 11, 1, 1; 122877504; 0, 1, 0; 0, 1, 0; 1, 1, 1;
0, 1686; 1.254975, 1.725639, -2.305021; 0, 28, 1, 0; 37618690; 1, 0, 1; 0, 1, 0; 1, 1, 2;
0, 1686; 1.255358, 1.727495, -2.303734; 0, 28, 1, 0; 37618617; 1, 0, 1; 0, 1, 0; 4, 1, 2;
0, 1686; 1.669086, 1.454010, -2.001252; 0, 28, 1, 0; 29904977; 1, 0, 1; 0, 1, 0; 4, 1, 2;
1, 1688; 2.435153, 2.276878, -1.293236 / 2.436314, 2.277086, -1.293052 / 2.433993, 2.276669, -1.293421; 0, 31, 1, 1; 81323308; 1, 0, 2; 1, 1, 0; 4, 1, 2/ 3, 10, 2;
0, 1688; 3.262845, 2.066896, -2.214362; 0, 31, 1, 1; 92529110; 0, 1, 0; 0, 1, 0; 1, 1, 1;
1, 1707; -1.989033, 3.577940, 2.942757; 0, 5, 1, 1; 191916572; 1, 0, 1; 0, 1, 0; 1, 1, 2;
0, 1707; -1.996258, 3.574975, 2.943550; 0, 5, 1, 1; 191916511; 1, 0, 1; 0, 1, 0; 4, 1, 2;
1, 1710; -1.168350, 2.422074, -2.642692; 0, 11, 1, 1; 130644529; 1, 0, 1; 0, 1, 0; 1, 1, 2;
0, 1710; -1.296416, 2.015826, -3.217669; 0, 12, 1, 0; 2415968; 0, 1, 0; 1, 0, 0; 3, 1, 1;
0, 1710; -1.310604, 2.021814, -3.238888; 0, 12, 1, 0; 2318344; 0, 1, 0; 0, 1, 0; 4, 1, 1;
0, 1710; -1.412012, 2.599919, -2.435549; 0, 11, 1, 1; 130744936; 0, 1, 0; 0, 1, 0; 4, 1, 1;
0, 1710; -1.426305, 2.043293, -3.421288; 0, 12, 1, 0; 1247217; 1, 0, 1; 0, 1, 0; 1, 1, 2;
0, 1710; -1.744119, 1.745934, -3.784414; 0, 12, 1, 0; 15295546; 0, 1, 0; 1, 0, 0; 3, 1, 1;
0, 1710; -1.744838, 1.745171, -3.782189; 0, 12, 1, 0; 15295466; 1, 0, 1; 0, 1, 0; 4, 1, 2;
1, 1711; -2.586634, 2.073296, 1.702246; 0, 3, 1, 1; 200562586; 0, 1, 0; 1, 0, 0; 2, 1, 1;
1, 1724; 3.622708, 2.453912, 1.403901; 0, 45, 1, 1; 31626105; 1, 0, 1; 0, 1, 0; 1, 1, 2;
0, 1724; 3.655230, 2.485516, 1.439011; 0, 45, 1, 1; 31500021; 1, 0, 1; 1, 0, 0; 3, 1, 2;
1, 1727; -0.835910, -0.242409, -0.212911 / -0.835609, -0.242371, -0.212863 / -0.836210, -0.242448, -0.212960; 0, 18, 1, 1; 76878230; 0, 2, 0; 1, 1, 0; 1, 1, 1/ 2, 2, 1;
0, 1727; -1.398398, -0.194297, -0.087079; 0, 9, 1, 1; 52284911; 1, 0, 1; 0, 1, 0; 4, 1, 2;
0, 1727; -1.408802, -0.088757, -0.043862; 0, 9, 1, 1; 52267001; 1, 0, 1; 0, 1, 0; 1, 1, 2;
1, 1728; 0.836425, -1.538641, -3.789693 / 0.837056, -1.537404, -3.789200 / 0.835795, -1.539878, -3.790186; 0, 29, 1, 1; 68074374; 1, 0, 2; 0, 2, 0; 4, 1, 2/ 4, 10, 2;
0, 1728; 0.955434, -1.445475, -3.780370; 0, 29, 1, 1; 65362990; 0, 1, 0; 0, 1, 0; 1, 1, 1;
1, 1729; 3.875140, 1.756515, -1.872986; 0, 45, 1, 1; 57975395; 1, 0, 1; 0, 1, 0; 4, 1, 2;
1, 1732; 0.699029, 3.828513, 1.754455; 0, 41, 1, 1; 66669376; 1, 0, 1; 0, 1, 0; 4, 1, 2;
0, 1732; 1.669464, 3.824647, 2.772922; 0, 41, 1, 1; 30395669; 1, 0, 1; 0, 1, 0; 4, 1, 2;
0, 1732; 1.703235, 3.690081, 0.089694; 0, 42, 1, 1; 42576264; 0, 1, 0; 1, 0, 0; 3, 1, 1;
0, 1732; 3.223229, 3.239179, -0.430733; 0, 34, 1, 0; 37217538; 1, 0, 1; 0, 1, 0; 1, 1, 2;
1, 1760; 1.538305, 3.619674, -2.556417; 0, 44, 1, 0; 14376554; 1, 0, 1; 0, 1, 0; 4, 1, 2;
0, 1760; 1.560504, 3.548063, -2.590797 / 1.561094, 3.548069, -2.590566 / 1.559914, 3.548057, -2.591027; 0, 28, 1, 1; 96656684; 2, 3, 2; 5, 0, 0; 2, 1, 1/ 3, 2, 2/ 3, 3, 1/ 3, 4, 1/ 2, 5, 2;
0, 1760; 1.671820, 2.514493, -3.199853; 0, 28, 1, 1; 126460573; 1, 0, 1; 0, 1, 0; 1, 1, 2;
0, 1760; 1.710776, 2.980439, -2.893634; 0, 28, 1, 1; 115590555; 1, 0, 1; 0, 1, 0; 4, 1, 2;
1, 1761; -2.873351, 3.378717, 1.858658; 0, 3, 1, 1; 161507951; 0, 1, 0; 0, 1, 0; 1, 1, 1;
0, 1761; -2.935385, 3.373338, 1.913691; 0, 3, 1, 1; 161481526; 1, 0, 1; 0, 1, 0; 4, 1, 2;
0, 1761; -2.938026, 3.377165, 1.918132; 0, 3, 1, 1; 161482662; 1, 0, 1; 0, 1, 0; 4, 1, 2;
0, 1761; -2.965348, 3.108107, 1.714453; 0, 3, 1, 1; 165193743; 1, 0, 1; 0, 1, 0; 4, 1, 2;
0, 1761; -3.044877, 2.970391, 1.628720; 0, 3, 1, 1; 177840748; 0, 1, 0; 0, 1, 0; 4, 1, 1;
1, 1762; -1.246711, -0.800713, -2.154640; 0, 10, 1, 1; 107028599; 1, 0, 1; 0, 1, 0; 4, 1, 2;
0, 1762; -1.270649, -0.964526, -2.298254; 0, 10, 1, 1; 103087916; 0, 1, 0; 0, 1, 0; 4, 1, 1;
0, 1762; -1.271986, -0.977795, -2.307701; 0, 10, 1, 1; 103086878; 0, 1, 0; 0, 1, 0; 1, 1, 1;
0, 1762; -1.352446, -1.433710, -2.949906; 0, 12, 1, 1; 99585596; 1, 0, 1; 1, 0, 0; 2, 1, 2;
0, 1762; -1.425328, 0.077552, -1.891224; 0, 10, 1, 1; 138815594; 1, 0, 1; 0, 1, 0; 1, 1, 2;
0, 1762; -1.426203, 0.073557, -1.897866; 0, 10, 1, 1; 138814462; 0, 1, 0; 0, 1, 0; 4, 1, 1;
0, 1762; -2.200600, -1.588676, -3.774725; 0, 12, 1, 1; 107902132; 0, 1, 0; 0, 1, 0; 4, 1, 1;
0, 1762; -2.206862, -1.593284, -3.774773; 0, 12, 1, 1; 107902101; 0, 1, 0; 0, 1, 0; 1, 1, 1;
0, 1762; -2.208544, -1.595223, -3.773697; 0, 12, 1, 1; 107902332; 1, 0, 1; 0, 1, 0; 4, 1, 2;
1, 1767; 0.759602, 3.632424, -2.363221; 0, 44, 1, 0; 2145034; 1, 0, 1; 0, 1, 0; 4, 1, 2;
0, 1767; 2.033088, 2.628783, -2.515868; 0, 28, 1, 1; 129740033; 1, 0, 1; 0, 1, 0; 4, 1, 2;
0, 1767; 2.037850, 2.630047, -2.519280; 0, 28, 1, 1; 129739115; 1, 0, 1; 0, 1, 0; 4, 1, 2;
0, 1767; 2.291105, 2.043050, -1.734579; 0, 31, 1, 1; 87998850; 1, 0, 1; 0, 1, 0; 1, 1, 2;
1, 1774; 2.670261, 3.689448, -0.732017; 0, 43, 1, 0; 9119101; 1, 0, 1; 1, 0, 0; 3, 1, 2;
1, 1780; -1.913835, -2.000888, -1.406546; 0, 10, 1, 1; 75698515; 0, 1, 0; 0, 1, 0; 4, 1, 1;
0, 1780; -1.938060, -1.992958, -1.413845; 0, 10, 1, 1; 75701975; 0, 1, 0; 0, 1, 0; 1, 1, 1;
0, 1780; -2.891701, -1.974074, -3.333971; 0, 1, 1, 0; 60534701; 1, 0, 1; 0, 1, 0; 4, 1, 2;
0, 1780; 0.332615, -1.684462, -0.090116 / 0.332907, -1.684452, -0.089441 / 0.332322, -1.684471, -0.090791; 0, 18, 1, 1; 31994848; 0, 2, 0; 0, 2, 1; 4, 1, 1/ 1, 7, 1;
0, 1780; 0.333304, -1.682361, -0.089504; 0, 18, 1, 1; 31994929; 1, 0, 1; 0, 1, 0; 4, 1, 2;
1, 1783; -1.126352, 3.827574, -2.579887; 0, 44, 1, 0; 10974936; 1, 0, 1; 1, 0, 0; 2, 1, 2;
1, 1786; -3.120641, 1.278202, 2.460981; 0, 5, 1, 1; 120820667; 1, 0, 1; 0, 1, 0; 4, 1, 2;
0, 1786; -3.121872, 1.278672, 2.460855; 0, 5, 1, 1; 120820745; 1, 0, 1; 0, 1, 0; 4, 1, 2;
0, 1786; -3.193785, 1.597677, 1.043836; 0, 3, 1, 1; 210315120; 1, 0, 1; 1, 0, 0; 3, 1, 2;
0, 1786; -3.257678, 1.308522, 0.205292; 0, 3, 1, 0; 85993861; 0, 1, 0; 0, 1, 0; 1, 1, 1;
0, 1786; -3.460036, 0.844909, -0.533878; 0, 3, 1, 0; 69631654; 1, 0, 1; 1, 0, 0; 3, 1, 2;
0, 1786; -3.510476, 0.797155, -0.635837; 0, 3, 1, 0; 69184855; 0, 1, 0; 0, 1, 0; 4, 1, 1;
0, 1786; -3.692845, 1.474335, 3.105659; 0, 5, 1, 1; 123510428; 0, 1, 0; 1, 0, 0; 2, 1, 1;
1, 1797; 1.626653, 1.164171, 1.891551; 0, 25, 1, 1; 175699026; 1, 0, 1; 0, 1, 0; 4, 1, 2;
0, 1797; 2.727424, 2.005245, 0.452776; 0, 34, 1, 0; 2811841; 1, 0, 1; 0, 1, 0; 1, 1, 2;
1, 1798; -0.215911, -0.027586, -0.954873; 0, 16, 1, 0; 37116163; 1, 0, 1; 0, 1, 0; 1, 1, 2;
0, 1798; 2.209979, -1.749553, -3.533294; 0, 30, 1, 0; 41270782; 1, 0, 1; 1, 0, 0; 3, 1, 2;
1, 1816; -1.597428, -1.087475, -2.606465; 0, 12, 1, 1; 96215947; 1, 0, 1; 0, 1, 0; 4, 1, 2;
0, 1816; 0.752266, 0.862164, 2.512530; 0, 24, 1, 1; 144382374; 0, 1, 0; 0, 1, 0; 1, 1, 1;
1, 1823; -0.922757, -1.097154, -3.413770; 0, 12, 1, 1; 91556528; 1, 0, 1; 0, 1, 0; 1, 1, 2;
0, 1823; -0.962393, -0.524395, -3.413129; 0, 12, 1, 1; 73677535; 1, 0, 1; 0, 1, 0; 1, 1, 2;
0, 1823; -0.963562, -0.550205, -3.389133; 0, 12, 1, 1; 73674373; 1, 0, 1; 0, 1, 0; 1, 1, 2;
0, 1823; 0.098452, -2.115494, -3.706724; 0, 13, 1, 1; 84283575; 0, 1, 0; 0, 1, 0; 1, 1, 1;
0, 1823; 0.105218, -2.117717, -3.706821; 0, 13, 1, 1; 84283673; 1, 0, 1; 1, 0, 0; 3, 1, 2;
0, 1823; 0.112546, -2.431863, -3.776281 / 0.112644, -2.430366, -3.775894 / 0.112448, -2.433359, -3.776668; 0, 13, 1, 1; 80333476; 0, 4, 0; 3, 1, 0; 1, 1, 1/ 2, 1, 1/ 3, 1, 1/ 2, 11, 1;
0, 1823; 0.143680, -2.614817, -3.798780; 0, 13, 1, 1; 80384783; 1, 0, 1; 0, 1, 0; 4, 1, 2;
0, 1823; 0.187632, -2.741522, -3.802192; 0, 13, 1, 1; 66267456; 1, 0, 1; 1, 0, 0; 3, 1, 2;
0, 1823; 0.375008, -2.942742, -3.794322; 0, 13, 1, 1; 66080816; 1, 0, 1; 0, 1, 0; 4, 1, 2;
0, 1823; 0.487445, -1.905667, -3.148286; 0, 13, 1, 1; 99625973; 1, 0, 1; 0, 1, 0; 1, 1, 2;
0, 1823; 1.295531, -1.311447, -0.618090; 0, 26, 1, 1; 193023812; 1, 0, 1; 1, 0, 0; 3, 1, 2;
0, 1823; 1.296971, -1.316282, -0.622024; 0, 26, 1, 1; 193022704; 1, 0, 1; 0, 1, 0; 1, 1, 2;
1, 1827; -1.306220, 3.500551, 1.875432; 0, 8, 1, 1; 89535115; 0, 1, 0; 0, 1, 0; 1, 1, 1;
0, 1827; -1.387415, 3.488322, 1.764774; 0, 8, 1, 1; 88983167; 1, 0, 1; 0, 1, 0; 1, 1, 2;
0, 1827; -1.408706, 3.556384, 1.665899 / -1.408524, 3.557665, 1.666291 / -1.408888, 3.555102, 1.665506; 0, 8, 1, 1; 88967798; 2, 1, 1; 0, 2, 1; 4, 1, 2/ 1, 8, 1;
0, 1827; -1.409975, 3.558108, 1.664703 / -1.409812, 3.558311, 1.664846 / -1.410138, 3.557905, 1.664560; 0, 8, 1, 1; 88967807; 1, 0, 2; 1, 1, 0; 3, 1, 2/ 4, 2, 2;
0, 1827; -1.427988, 3.470151, 1.722231; 0, 8, 1, 1; 89111678; 0, 1, 0; 0, 1, 0; 4, 1, 1;
0, 1827; -2.492736, 3.501264, 2.220496; 0, 5, 1, 1; 186381637; 1, 0, 1; 1, 0, 0; 3, 1, 2;
0, 1827; -2.893115, 3.427078, 2.658607; 0, 5, 1, 1; 185454869; 1, 0, 1; 0, 1, 0; 4, 1, 2;
1, 1836; 1.159046, 2.073131, 3.483487; 0, 24, 1, 1; 114849057; 1, 0, 1; 0, 1, 0; 1, 1, 2;
0, 1836; 1.159926, 2.076526, 3.482065 / 1.160049, 2.076547, 3.482107 / 1.159804, 2.076505, 3.482022; 0, 24, 1, 1; 114848817; 2, 1, 1; 2, 0, 0; 3, 1, 1/ 3, 2, 2;
0, 1836; 1.530383, 1.923894, 3.216615; 0, 24, 1, 1; 113355975; 0, 1, 0; 0, 1, 0; 1, 1, 1;
1, 1854; -2.584397, -2.944254, -0.544496; 0, 2, 1, 1; 215149542; 0, 1, 0; 1, 0, 0; 2, 1, 1;
0, 1854; -3.388759, -2.790033, -0.437795; 0, 2, 1, 1; 219867784; 1, 0, 1; 0, 1, 0; 4, 1, 2;
1, 1856; -1.709841, -2.761011, 2.660268; 0, 7, 1, 0; 5470691; 0, 1, 0; 1, 0, 0; 3, 1, 1;
1, 1858; -3.184397, -2.640851, 0.973039 / -3.184343, -2.640831, 0.973043 / -3.184451, -2.640871, 0.973035; 0, 4, 1, 1; 124069700; 2, 1, 1; 2, 0, 0; 2, 1, 2/ 2, 2, 1;
0, 1858; -3.460001, -3.108388, 1.220708; 0, 4, 1, 1; 144281968; 1, 0, 1; 0, 1, 0; 1, 1, 2;
0, 1858; -3.684883, -3.488583, 1.595468; 0, 4, 1, 1; 151654666; 1, 0, 1; 0, 1, 0; 1, 1, 2;
0, 1858; 0.368199, -1.038705, 0.822138; 0, 23, 1, 0; 18550490; 0, 1, 0; 1, 0, 0; 2, 1, 1;
1, 1860; 3.746406, 2.461088, -3.848835; 0, 45, 1, 1; 37665611; 1, 0, 1; 0, 1, 0; 1, 1, 2;
0, 1860; 3.796680, -2.786225, -0.217897; 0, 46, 1, 1; 133816068; 1, 0, 1; 0, 1, 0; 4, 1, 2;
1, 1862; -1.252530, -2.174381, -0.092462; 0, 9, 1, 1; 114622770; 1, 0, 1; 0, 1, 0; 4, 1, 2;
0, 1862; 0.511945, -3.036761, -0.206842; 0, 17, 1, 1; 77431030; 0, 1, 0; 0, 1, 0; 4, 1, 1;
0, 1862; 0.562829, -3.016851, -0.114454; 0, 17, 1, 1; 77408950; 1, 0, 1; 0, 1, 0; 1, 1, 2;
1, 1867; -2.587049, 1.658634, -1.227744; 0, 2, 1, 0; 22739469; 1, 0, 1; 0, 1, 0; 1, 1, 2;
1, 1871; -0.274428, -2.964138, -2.598130; 0, 13, 1, 1; 68371032; 0, 1, 0; 1, 0, 0; 2, 1, 1;
0, 1871; -0.274670, -2.969089, -2.594577; 0, 13, 1, 1; 68371315; 1, 0, 1; 0, 1, 0; 4, 1, 2;
0, 1871; -0.277339, -2.964879, -2.595963; 0, 13, 1, 1; 68371252; 1, 0, 1; 0, 1, 0; 1, 1, 2;
0, 1871; -1.110292, -1.539496, -3.678030; 0, 12, 1, 1; 106239492; 0, 1, 0; 1, 0, 0; 2, 1, 1;
1, 1880; -2.231335, 0.878081, 0.709660; 0, 8, 1, 0; 5064569; 0, 1, 0; 0, 1, 0; 1, 1, 1;
1, 1891; 1.517975, 0.326864, 2.855389; 0, 24, 1, 1; 156578490; 0, 1, 0; 0, 1, 0; 1, 1, 1;
0, 1891; 1.524289, 0.330270, 2.853115; 0, 24, 1, 1; 156578437; 1, 0, 1; 0, 1, 0; 1, 1, 2;
0, 1891; 1.540255, 0.337763, 2.845632; 0, 24, 1, 1; 156576935; 0, 1, 0; 0, 1, 0; 4, 1, 1;
0, 1891; 1.566985, 0.349780, 2.864017; 0, 24, 1, 1; 156449183; 1, 0, 1; 0, 1, 0; 1, 1, 2;
1, 1896; -3.813320, 0.532502, -2.439844; 0, 1, 1, 0; 127509571; 1, 0, 1; 0, 1, 0; 4, 1, 2;
1, 1904; -2.061876, 3.675314, 3.803630 / -2.061870, 3.675509, 3.804118 / -2.061881, 3.675118, 3.803141; 0, 40, 1, 1; 29829122; 0, 2, 0; 1, 1, 0; 3, 1, 1/ 4, 3, 1;
0, 1904; -3.350724, 1.870360, 3.798670 / -3.350642, 1.870396, 3.798714 / -3.350807, 1.870325, 3.798626; 0, 40, 1, 1; 69716384; 2, 1, 1; 1, 1, 0; 1, 1, 2/ 2, 1, 1;
0, 1904; -3.877488, 1.390720, 3.678110; 0, 41, 1, 0; 2102286; 1, 0, 1; 1, 0, 0; 2, 1, 2;
1, 1905; -2.924706, 3.329264, 3.644630; 0, 40, 1, 1; 49316994; 1, 0, 1; 0, 1, 0; 4, 1, 2;
0, 1905; -2.925627, 3.334344, 3.641174; 0, 40, 1, 1; 49317020; 1, 0, 1; 0, 1, 0; 4, 1, 2;
0, 1905; -2.954387, 3.199166, 3.746352; 0, 40, 1, 1; 49612359; 1, 0, 1; 1, 0, 0; 3, 1, 2;
1, 1906; -0.354250, -0.525058, -1.114834; 0, 16, 1, 1; 38771966; 1, 0, 1; 0, 1, 0; 4, 1, 2;
0, 1906; -0.356696, -0.523805, -1.114097; 0, 16, 1, 1; 38771883; 0, 1, 0; 0, 1, 0; 1, 1, 1;
0, 1906; -0.584065, -0.759243, -0.699508 / -0.583761, -0.759031, -0.698803 / -0.584368, -0.759455, -0.700212; 0, 18, 1, 1; 61518151; 2, 1, 1; 1, 1, 0; 2, 1, 1/ 1, 4, 2;
0, 1906; -0.752144, -0.920878, -0.492132; 0, 18, 1, 1; 57262009; 0, 1, 0; 1, 0, 0; 3, 1, 1;
0, 1906; -1.307038, -1.539480, 0.400427 / -1.306656, -1.538867, 0.400522 / -1.307420, -1.540093, 0.400331; 0, 9, 1, 1; 100108426; 1, 0, 2; 1, 1, 0; 1, 1, 2/ 2, 4, 2;
0, 1906; -1.311127, -1.535890, 0.404275; 0, 9, 1, 1; 100107323; 1, 0, 1; 0, 1, 0; 1, 1, 2;
0, 1906; -1.315512, -1.540166, 0.400430; 0, 9, 1, 1; 100107226; 1, 0, 1; 0, 1, 0; 1, 1, 2;
0, 1906; -1.315864, -1.537367, 0.401950; 0, 9, 1, 1; 100107237; 1, 0, 1; 0, 1, 0; 1, 1, 2;
1, 1910; 3.423830, -3.026504, -2.603548; 0, 29, 1, 1; 165258315; 1, 0, 1; 0, 1, 0; 4, 1, 2;
1, 1915; -0.355251, -3.539041, -1.953063; 0, 17, 1, 1; 40203622; 1, 0, 1; 1, 0, 0; 3, 1, 2;
1, 1919; -1.471958, -3.712242, 1.621628; 0, 7, 1, 0; 42056264; 0, 1, 0; 0, 1, 0; 4, 1, 1;
0, 1919; -1.479482, -3.703539, 1.635902; 0, 7, 1, 0; 42054057; 1, 0, 1; 0, 1, 0; 4, 1, 2;
0, 1919; -1.593874, -3.668273, 1.851282 / -1.593460, -3.668082, 1.851551 / -1.594288, -3.668464, 1.851014; 0, 7, 1, 0; 42640866; 0, 3, 0; 0, 3, 1; 4, 1, 1/ 4, 2, 1/ 1, 4, 1;
0, 1919; -1.593901, -3.665715, 1.849665; 0, 7, 1, 0; 42640875; 1, 0, 1; 0, 1, 0; 4, 1, 2;
0, 1919; -1.630672, -3.844563, 1.556158 / -1.630624, -3.844180, 1.556194 / -1.630720, -3.844946, 1.556122; 0, 7, 1, 0; 43062265; 0, 2, 0; 1, 1, 0; 1, 1, 1/ 2, 3, 1;
1, 1941; -2.682388, 2.734711, 1.021401; 0, 3, 1, 1; 175293666; 1, 0, 1; 0, 1, 0; 4, 1, 2;
1, 1946; -1.430116, -1.439233, -3.089594; 0, 12, 1, 1; 102095310; 1, 0, 1; 0, 1, 0; 1, 1, 2;
0, 1946; -1.742459, -1.422198, -3.102924; 0, 12, 1, 1; 101733477; 0, 1, 0; 0, 1, 0; 4, 1, 1;
0, 1946; -3.810755, -1.254172, -3.237376; 0, 1, 1, 0; 72864296; 1, 0, 1; 1, 0, 0; 2, 1, 2;
0, 1946; 0.363758, -0.827046, -2.596107 / 0.363855, -0.826594, -2.596089 / 0.363660, -0.827498, -2.596125; 0, 14, 1, 0; 14960324; 2, 2, 1; 2, 1, 0; 3, 1, 1/ 1, 4, 1/ 2, 4, 2;
0, 1946; 0.364658, -0.824182, -2.597573; 0, 14, 1, 0; 14960255; 1, 0, 1; 0, 1, 0; 4, 1, 2;
0, 1946; 0.371791, -0.841380, -2.603116; 0, 14, 1, 0; 14959626; 1, 0, 1; 0, 1, 0; 1, 1, 2;
0, 1946; 0.373125, -0.846208, -2.607044; 0, 14, 1, 0; 14958558; 1, 0, 1; 0, 1, 0; 1, 1, 2;
0, 1946; 0.519185, -0.813610, -2.608012; 0, 14, 1, 0; 14853878; 0, 1, 0; 0, 1, 0; 4, 1, 1;
0, 1946; 0.668551, -0.821315, -2.536476; 0, 29, 1, 0; 39808564; 1, 0, 1; 0, 1, 0; 4, 1, 2;
0, 1946; 1.708947, -1.012167, -1.956645; 0, 27, 1, 1; 150385001; 0, 1, 0; 0, 1, 0; 1, 1, 1;
0, 1946; 1.711290, -0.993947, -1.963401; 0, 27, 1, 1; 150384020; 1, 0, 1; 0, 1, 0; 1, 1, 2;
0, 1946; 1.713669, -1.006783, -1.953174; 0, 27, 1, 1; 150385175; 0, 1, 0; 0, 1, 0; 1, 1, 1;
0, 1946; 1.714462, -0.995410, -1.953498; 0, 27, 1, 1; 150385289; 1, 0, 1; 0, 1, 0; 1, 1, 2;
0, 1946; 1.743029, -0.958888, -1.942075 / 1.743823, -0.958563, -1.941848 / 1.742236, -0.959213, -1.942302; 0, 27, 1, 1; 150255928; 1, 0, 2; 2, 0, 0; 2, 1, 2/ 3, 6, 2;
0, 1946; 1.761591, -0.943467, -1.956486 / 1.761850, -0.943326, -1.955752 / 1.761331, -0.943609, -1.957221; 0, 27, 1, 1; 150123276; 1, 0, 2; 1, 1, 0; 3, 1, 2/ 1, 3, 2;
0, 1946; 1.765053, -0.942979, -1.958993; 0, 27, 1, 1; 150123211; 1, 0, 1; 0, 1, 0; 4, 1, 2;
0, 1946; 1.774654, -0.936053, -1.961299; 0, 27, 1, 1; 150122308; 0, 1, 0; 0, 1, 0; 4, 1, 1;
1, 1949; -3.741002, 0.261284, 0.410722; 0, 3, 1, 0; 52943579; 1, 0, 1; 0, 1, 0; 1, 1, 2;
0, 1949; -3.745847, 0.264703, 0.405971; 0, 3, 1, 0; 52942526; 1, 0, 1; 0, 1, 0; 4, 1, 2;
0, 1949; -3.747760, 0.264440, 0.391202; 0, 3, 1, 0; 52942625; 0, 1, 0; 0, 1, 0; 4, 1, 1;
0, 1949; -3.854112, -0.570435, -0.158519; 0, 3, 1, 0; 35976673; 1, 0, 1; 0, 1, 0; 4, 1, 2;
0, 1949; -3.854586, -0.574685, -0.159940; 0, 3, 1, 0; 35976583; 1, 0, 1; 0, 1, 0; 1, 1, 2;
1, 1953; 0.915951, -1.402414, 3.800794 / 0.916322, -1.401944, 3.800920 / 0.915579, -1.402884, 3.800668; 0, 39, 1, 0; 13632153; 1, 0, 2; 0, 2, 1; 4, 1, 2/ 1, 2, 2;
0, 1953; 0.919261, -1.412888, 3.808988; 0, 39, 1, 0; 13630980; 0, 1, 0; 1, 0, 0; 2, 1, 1;
0, 1953; 0.938653, -1.394987, 3.814437; 0, 39, 1, 0; 13633600; 1, 0, 1; 0, 1, 0; 1, 1, 2;
0, 1953; 0.950685, -1.381328, 3.834945; 0, 39, 1, 0; 13504800; 1, 0, 1; 1, 0, 0; 3, 1, 2;
0, 1953; 0.951928, -1.379248, 3.833712; 0, 39, 1, 0; 13504870; 1, 0, 1; 0, 1, 0; 4, 1, 2;
0, 1953; 0.955608, -1.382974, 3.846370; 0, 39, 1, 0; 13503947; 1, 0, 1; 0, 1, 0; 4, 1, 2;
0, 1953; 0.960610, -1.413000, 3.840230 / 0.960962, -1.412791, 3.840314 / 0.960259, -1.413209, 3.840147; 0, 39, 1, 0; 13500242; 1, 0, 2; 1, 1, 0; 3, 1, 2/ 4, 2, 2;
0, 1953; 3.637545, 3.318393, 3.091305; 0, 45, 1, 0; 10409352; 1, 0, 1; 0, 1, 0; 4, 1, 2;
0, 1953; 3.640364, 3.321014, 3.089273; 0, 45, 1, 0; 10409288; 1, 0, 1; 0, 1, 0; 1, 1, 2;
0, 1953; 3.658572, 3.369579, 3.121235; 0, 45, 1, 0; 10282706; 1, 0, 1; 0, 1, 0; 4, 1, 2;
0, 1953; 3.672058, 3.177185, 2.931221; 0, 45, 1, 0; 11712705; 1, 0, 1; 0, 1, 0; 4, 1, 2;
0, 1953; 3.673863, 3.178804, 2.925323; 0, 45, 1, 0; 11712942; 1, 0, 1; 0, 1, 0; 4, 1, 2;
0, 1953; 3.675046, 3.177078, 2.925588; 0, 45, 1, 0; 11712864; 0, 1, 0; 0, 1, 0; 4, 1, 1;
0, 1953; 3.696451, 3.186430, 2.962860 / 3.697668, 3.186556, 2.963543 / 3.695235, 3.186304, 2.962177; 0, 45, 1, 0; 11583437; 2, 1, 1; 1, 1, 0; 2, 1, 1/ 4, 9, 2;
1, 1961; -0.671165, 1.133449, 3.453077; 0, 23, 1, 1; 245295112; 1, 0, 1; 0, 1, 0; 1, 1, 2;
0, 1961; -0.672485, 1.132162, 3.451409 / -0.672065, 1.132624, 3.451511 / -0.672906, 1.131700, 3.451308; 0, 23, 1, 1; 245295105; 1, 0, 2; 0, 2, 1; 4, 1, 2/ 1, 2, 2;
0, 1961; -0.854598, 1.227175, 3.671025; 0, 39, 1, 1; 73046987; 1, 0, 1; 0, 1, 0; 4, 1, 2;
0, 1961; -0.855707, 1.227497, 3.674480; 0, 39, 1, 1; 73047066; 1, 0, 1; 1, 0, 0; 3, 1, 2;
0, 1961; -0.860653, 1.221831, 3.665651; 0, 39, 1, 1; 73045689; 1, 0, 1; 0, 1, 0; 4, 1, 2;
0, 1961; -0.861131, 1.218133, 3.666690; 0, 39, 1, 1; 73045754; 0, 1, 0; 1, 0, 0; 2, 1, 1;
1, 1962; -2.326405, 1.372384, -0.954164; 0, 11, 1, 0; 25752407; 1, 0, 1; 1, 0, 0; 2, 1, 2;
0, 1962; -2.333602, 1.374814, -0.955410; 0, 11, 1, 0; 25752453; 0, 1, 0; 0, 1, 0; 1, 1, 1;
0, 1962; -2.337749, 1.372536, -0.958474 / -2.337726, 1.372600, -0.958458 / -2.337772, 1.372471, -0.958490; 0, 11, 1, 0; 25752235; 2, 1, 1; 2, 0, 0; 2, 1, 1/ 2, 2, 2;
0, 1962; -2.969245, 1.715644, -1.031378; 0, 2, 1, 0; 23689576; 1, 0, 1; 1, 0, 0; 3, 1, 2;
1, 1964; -1.446403, 0.231219, -2.205536; 0, 10, 1, 1; 139124538; 0, 1, 0; 1, 0, 0; 2, 1, 1;
1, 1968; -0.378895, -3.840915, 1.992638; 0, 23, 1, 0; 99236981; 0, 1, 0; 0, 1, 0; 4, 1, 1;
1, 1970; 3.752929, 3.825852, -2.032865; 0, 43, 1, 1; 48033301; 1, 0, 1; 0, 1, 0; 4, 1, 2;
1, 1977; 0.883818, 2.068947, -2.160687; 0, 28, 1, 0; 41416878; 1, 0, 1; 0, 1, 0; 1, 1, 2;
1, 1982; 1.589986, 0.857954, 1.332043; 0, 25, 1, 1; 169612608; 1, 0, 1; 0, 1, 0; 1, 1, 2;
1, 1984; -2.500987, 1.092692, 1.027804; 0, 4, 1, 0; 16822505; 1, 0, 1; 0, 1, 0; 1, 1, 2;
1, 1998; -3.457076, 1.266889, 1.850044; 0, 4, 1, 0; 4905750; 1, 0, 1; 0, 1, 0; 1, 1, 2;
0, 1998; -3.472681, 1.130576, 1.861131; 0, 4, 1, 0; 21749835; 1, 0, 1; 0, 1, 0; 4, 1, 2;
0, 1998; -3.491696, 0.667108, 1.879656; 0, 4, 1, 0; 22911006; 1, 0, 1; 0, 1, 0; 4, 1, 2;
1, 1999; -3.802822, 2.979315, 2.944050; 0, 5, 1, 1; 161676298; 0, 1, 0; 0, 1, 0; 4, 1, 1;
1, 2000; -1.427531, -0.529187, -2.203301 / -1.426588, -0.529160, -2.202876 / -1.428474, -0.529214, -2.203725; 0, 10, 1, 1; 121173326; 1, 0, 2; 1, 1, 0; 2, 1, 2/ 1, 7, 2;
0, 2000; -1.437075, -0.541915, -2.211917; 0, 10, 1, 1; 121172632; 1, 0, 1; 0, 1, 0; 4, 1, 2;
0, 2000; -3.090322, -1.987272, -3.795604; 0, 1, 1, 0; 57695605; 1, 0, 1; 0, 1, 0; 4, 1, 2;
0, 2000; 0.167015, 0.571609, -1.716138; 0, 16, 1, 0; 15144160; 1, 0, 1; 0, 1, 0; 4, 1, 2;
1, 2013; -0.090967, -3.687109, -2.253850; 0, 17, 1, 1; 43465397; 0, 1, 0; 0, 1, 0; 1, 1, 1;
0, 2013; -0.243312, -3.659821, -2.275048; 0, 17, 1, 1; 43374330; 1, 0, 1; 0, 1, 0; 1, 1, 2;
0, 2013; -2.149884, -2.768291, -0.995736; 0, 10, 1, 0; 43702790; 0, 1, 0; 0, 1, 0; 4, 1, 1;
0, 2013; -2.294848, -2.491087, -0.943958; 0, 10, 1, 1; 58386803; 0, 1, 0; 0, 1, 0; 4, 1, 1;
0, 2013; -2.336327, -2.458786, -0.990045; 0, 10, 1, 1; 58482311; 0, 1, 0; 0, 1, 0; 1, 1, 1;
0, 2013; -2.416109, -2.433877, -1.055090; 0, 2, 1, 1; 149043591; 1, 0, 1; 0, 1, 0; 4, 1, 2;
0, 2013; -2.422672, -2.427684, -1.072783; 0, 2, 1, 1; 149041227; 1, 0, 1; 0, 1, 0; 1, 1, 2;
0, 2013; -2.450371, -2.439412, -1.101711; 0, 2, 1, 1; 149075926; 1, 0, 1; 0, 1, 0; 4, 1, 2;
0, 2013; 0.381341, -3.685921, -2.363959; 0, 17, 1, 1; 42754070; 0, 1, 0; 1, 0, 0; 3, 1, 1;
1, 2018; 2.469143, 1.121119, 0.404787; 0, 33, 1, 1; 116817286; 1, 0, 1; 0, 1, 0; 4, 1, 2;
1, 2032; -1.777413, 2.141643, 1.359653; 0, 8, 1, 1; 54699407; 1, 0, 1; 1, 0, 0; 2, 1, 2;
0, 2032; -1.779716, 2.140837, 1.356498; 0, 8, 1, 1; 54698367; 0, 1, 0; 1, 0, 0; 2, 1, 1;
1, 2039; -2.569920, -0.496688, 3.112559; 0, 5, 1, 1; 62386366; 0, 1, 0; 0, 1, 0; 4, 1, 1;
0, 2039; -2.589185, -0.774262, 2.376515; 0, 5, 1, 1; 60174573; 1, 0, 1; 0, 1, 0; 4, 1, 2;
0, 2039; -2.670476, -0.283506, 3.390434; 0, 5, 1, 1; 79889172; 0, 1, 0; 1, 0, 0; 3, 1, 1;
0, 2039; -2.928212, -0.789807, 1.732641; 0, 4, 1, 1; 73983108; 1, 0, 1; 0, 1, 0; 4, 1, 2;
0, 2039; -3.051742, -0.803756, 1.586141; 0, 4, 1, 1; 73530009; 1, 0, 1; 0, 1, 0; 4, 1, 2;
0, 2039; -3.145437, -1.412368, 1.889675; 0, 4, 1, 1; 93343392; 0, 1, 0; 1, 0, 0; 3, 1, 1;
0, 2039; -3.145787, -1.404831, 1.890962; 0, 4, 1, 1; 93343226; 1, 0, 1; 0, 1, 0; 4, 1, 2;
0, 2039; -3.147596, -1.407876, 1.890860 / -3.147252, -1.406264, 1.891301 / -3.147941, -1.409487, 1.890419; 0, 4, 1, 1; 93343452; 1, 0, 2; 0, 2, 1; 1, 1, 2/ 4, 10, 2;
0, 2039; -3.341016, -1.234371, 1.708210; 0, 4, 1, 1; 91092621; 1, 0, 1; 0, 1, 0; 4, 1, 2;
0, 2039; -3.345144, -1.230476, 1.709846; 0, 4, 1, 1; 91092676; 0, 1, 0; 0, 1, 0; 1, 1, 1;
0, 2039; -3.346015, -1.231424, 1.704461; 0, 4, 1, 1; 91091555; 1, 0, 1; 1, 0, 0; 2, 1, 2;
1, 2050; -0.023136, -3.326910, -1.954551; 0, 17, 1, 1; 39603626; 0, 1, 0; 0, 1, 0; 4, 1, 1;
0, 2050; -0.024013, -3.318270, -1.949882 / -0.023485, -3.318249, -1.949413 / -0.024541, -3.318290, -1.950351; 0, 17, 1, 1; 39603953; 2, 3, 1; 2, 2, 1; 4, 1, 1/ 1, 3, 1/ 2, 3, 2/ 3, 3, 1;
0, 2050; -0.024343, -3.326356, -1.958596; 0, 17, 1, 1; 39602726; 0, 1, 0; 0, 1, 0; 4, 1, 1;
0, 2050; -0.104262, -3.337279, -1.988136; 0, 17, 1, 1; 39628373; 1, 0, 1; 0, 1, 0; 4, 1, 2;
0, 2050; 0.054726, -3.524064, -1.703406 / 0.055761, -3.522969, -1.703310 / 0.053691, -3.525159, -1.703501; 0, 17, 1, 1; 38359159; 2, 1, 1; 1, 1, 0; 4, 1, 2/ 3, 10, 1;
0, 2050; 0.056195, -3.524921, -1.697159; 0, 17, 1, 1; 38360287; 0, 1, 0; 1, 0, 0; 2, 1, 1;
1, 2053; 0.741855, 2.763851, -1.128033; 0, 28, 1, 1; 75826242; 1, 0, 1; 1, 0, 0; 3, 1, 2;
0, 2053; 0.743845, 2.743240, -1.175276; 0, 28, 1, 1; 75946751; 1, 0, 1; 0, 1, 0; 4, 1, 2;
0, 2053; 0.747479, 2.766231, -1.127588; 0, 28, 1, 1; 75825110; 1, 0, 1; 0, 1, 0; 4, 1, 2;
0, 2053; 0.753577, 2.656885, -1.404350; 0, 28, 1, 0; 60502664; 0, 1, 0; 0, 1, 0; 1, 1, 1;
0, 2053; 0.754444, 2.646748, -1.437004; 0, 28, 1, 0; 60633818; 1, 0, 1; 1, 0, 0; 2, 1, 2;
1, 2055; 3.448216, -0.227536, 3.678170 / 3.448852, -0.227264, 3.678646 / 3.447580, -0.227808, 3.677694; 0, 38, 1, 0; 34785175; 0, 2, 0; 1, 1, 0; 1, 1, 1/ 3, 3, 1;
0, 2055; 3.453836, -0.227532, 3.673972; 0, 38, 1, 0; 34784137; 1, 0, 1; 1, 0, 0; 3, 1, 2;
0, 2055; 3.456279, -0.228957, 3.674075; 0, 38, 1, 0; 34784056; 1, 0, 1; 0, 1, 0; 4, 1, 2;
0, 2055; 3.477478, -0.238733, 3.652780; 0, 38, 1, 0; 34780892; 1, 0, 1; 0, 1, 0; 1, 1, 2;
0, 2055; 3.477581, -0.241407, 3.653188; 0, 38, 1, 0; 34780974; 1, 0, 1; 0, 1, 0; 4, 1, 2;
0, 2055; 3.478575, -0.098001, 3.638123; 0, 38, 1, 0; 34847519; 1, 0, 1; 0, 1, 0; 4, 1, 2;
0, 2055; 3.479545, -0.227358, 3.655534; 0, 38, 1, 0; 34780694; 1, 0, 1; 1, 0, 0; 3, 1, 2;
1, 2056; -3.268453, 0.491240, 2.521330; 0, 5, 1, 1; 93176101; 1, 0, 1; 1, 0, 0; 2, 1, 2;
0, 2056; -3.665142, 0.281533, 1.601377; 0, 4, 1, 0; 43594062; 0, 1, 0; 0, 1, 0; 1, 1, 1;
0, 2056; -3.709248, 0.191174, 1.366073; 0, 4, 1, 0; 44188386; 0, 1, 0; 0, 1, 0; 4, 1, 1;
1, 2059; 2.966120, -0.644257, 3.144665; 0, 36, 1, 1; 110523290; 0, 1, 0; 0, 1, 0; 1, 1, 1;
1, 2068; -3.107454, -2.205429, -2.579169; 0, 1, 1, 0; 48861333; 1, 0, 1; 0, 1, 0; 1, 1, 2;
1, 2073; 1.728488, 2.639764, -0.202883 / 1.728603, 2.640120, -0.202700 / 1.728373, 2.639408, -0.203066; 0, 26, 1, 1; 72127628; 2, 1, 1; 1, 1, 0; 3, 1, 1/ 1, 3, 2;
0, 2073; 1.742227, 2.633337, -0.170826; 0, 26, 1, 1; 72132044; 0, 1, 0; 1, 0, 0; 2, 1, 1;
0, 2073; 1.759822, 2.659383, -0.059491; 0, 26, 1, 1; 72016543; 0, 1, 0; 0, 1, 0; 1, 1, 1;
0, 2073; 1.776834, 2.812658, 0.517370; 0, 26, 1, 1; 60232599; 1, 0, 1; 0, 1, 0; 4, 1, 2;
0, 2073; 1.944319, 2.636627, 0.958289; 0, 26, 1, 0; 12752433; 1, 0, 1; 0, 1, 0; 4, 1, 2;
1, 2075; 0.997234, -0.162644, -0.341445; 0, 26, 1, 1; 155576332; 0, 1, 0; 0, 1, 0; 4, 1, 1;
0, 2075; 1.578465, -0.139192, -0.071162 / 1.578820, -0.138654, -0.071020 / 1.578111, -0.139730, -0.071304; 0, 26, 1, 1; 153910372; 2, 1, 1; 1, 1, 0; 1, 1, 2/ 3, 1, 1;
0, 2075; 1.767979, -0.187020, -0.078059; 0, 26, 1, 1; 153831373; 1, 0, 1; 0, 1, 0; 4, 1, 2;
0, 2075; 1.906655, -0.017560, -0.104943; 0, 26, 1, 1; 154123600; 1, 0, 1; 0, 1, 0; 1, 1, 2;
1, 2076; 2.023399, 3.831268, -0.755986; 0, 43, 1, 0; 8413893; 0, 1, 0; 0, 1, 0; 1, 1, 1;
1, 2077; 2.260669, -3.790524, -2.610558; 0, 29, 1, 1; 140141963; 0, 1, 0; 1, 0, 0; 3, 1, 1;
0, 2077; 2.265476, -3.795246, -2.608782; 0, 29, 1, 1; 140141824; 1, 0, 1; 0, 1, 0; 4, 1, 2;
0, 2077; 2.417131, -3.874733, -2.602026; 0, 29, 1, 1; 140730170; 0, 1, 0; 1, 0, 0; 3, 1, 1;
0, 2077; 2.424735, -3.864527, -2.596073; 0, 29, 1, 1; 140731106; 0, 1, 0; 0, 1, 0; 4, 1, 1;
0, 2077; 2.425465, -3.856136, -2.597304; 0, 29, 1, 1; 140731071; 0, 1, 0; 1, 0, 0; 3, 1, 1;
0, 2077; 2.428065, -3.858045, -2.597115; 0, 29, 1, 1; 140731059; 1, 0, 1; 0, 1, 0; 4, 1, 2;
1, 2078; 1.287246, 2.230417, -3.621927; 0, 28, 1, 1; 139375381; 1, 0, 1; 0, 1, 0; 4, 1, 2;
0, 2078; 2.491453, 3.282230, -3.425033; 0, 31, 1, 0; 27045954; 0, 1, 0; 0, 1, 0; 1, 1, 1;
0, 2078; 3.625011, 3.196525, -2.912533; 0, 45, 1, 0; 18661031; 1, 0, 1; 0, 1, 0; 1, 1, 2;
0, 2078; 3.626716, 3.195381, -2.913380; 0, 45, 1, 0; 18661112; 1, 0, 1; 0, 1, 0; 4, 1, 2;
0, 2078; 3.876919, 3.111020, -2.816352; 0, 45, 1, 0; 18477402; 1, 0, 1; 0, 1, 0; 4, 1, 2;
1, 2083; -2.015664, -0.635593, -3.376916; 0, 12, 1, 1; 85719586; 1, 0, 1; 0, 1, 0; 1, 1, 2;
0, 2083; -2.305555, 3.411947, -3.070538; 0, 11, 1, 1; 99807468; 0, 1, 0; 1, 0, 0; 2, 1, 1;
0, 2083; -2.527281, -1.611175, -2.978060; 0, 1, 1, 0; 63646758; 1, 0, 1; 0, 1, 0; 4, 1, 2;
1, 2086; -1.155831, -0.458409, -2.495274; 0, 12, 1, 1; 77718665; 1, 0, 1; 0, 1, 0; 4, 1, 2;
0, 2086; -1.174848, -0.437089, -2.485324; 0, 12, 1, 1; 77721805; 1, 0, 1; 0, 1, 0; 4, 1, 2;
1, 2087; -3.672892, -3.531042, 1.366707; 0, 4, 1, 1; 152160626; 1, 0, 1; 0, 1, 0; 4, 1, 2;
1, 2094; 2.249380, -1.995333, 3.407340; 0, 36, 1, 1; 71384053; 1, 0, 1; 0, 1, 0; 4, 1, 2;
0, 2094; 3.659953, -0.651314, 2.278979; 0, 46, 1, 1; 73607006; 1, 0, 1; 0, 1, 0; 4, 1, 2;
1, 2095; -0.053187, 3.526268, 1.646462; 0, 20, 1, 1; 50174371; 0, 1, 0; 0, 1, 0; 1, 1, 1;
0, 2095; -0.085193, 3.499640, 1.618147; 0, 20, 1, 1; 50301595; 0, 1, 0; 0, 1, 0; 4, 1, 1;
1, 2100; -3.189404, -2.127575, -2.578639; 0, 1, 1, 0; 48653539; 0, 1, 0; 1, 0, 0; 3, 1, 1;
1, 2112; 1.587962, 0.808059, 3.021183; 0, 24, 1, 1; 149315060; 0, 1, 0; 0, 1, 0; 1, 1, 1;
1, 2121; -3.103321, -1.285473, 2.240715 / -3.103310, -1.285137, 2.241080 / -3.103332, -1.285808, 2.240349; 0, 5, 1, 0; 38784467; 1, 0, 2; 1, 1, 0; 3, 1, 2/ 1, 3, 2;
0, 2121; -3.196037, -1.244438, 2.330101 / -3.195972, -1.244208, 2.330134 / -3.196102, -1.244669, 2.330067; 0, 5, 1, 0; 38558160; 0, 2, 0; 2, 0, 0; 2, 1, 1/ 3, 1, 1;
0, 2121; -3.506451, -1.218525, 2.536974; 0, 5, 1, 0; 37851806; 0, 1, 0; 1, 0, 0; 2, 1, 1;
1, 2125; -3.486411, -3.662336, -2.730588; 0, 1, 1, 0; 2230353; 0, 1, 0; 0, 1, 0; 4, 1, 1;
1, 2134; -0.766509, 1.886220, -2.594087 / -0.766307, 1.886914, -2.593541 / -0.766711, 1.885525, -2.594633; 0, 14, 1, 1; 94426074; 1, 0, 2; 2, 0, 0; 3, 1, 2/ 3, 6, 2;
0, 2134; -0.775533, 1.886421, -2.598903; 0, 14, 1, 1; 94427262; 1, 0, 1; 0, 1, 0; 1, 1, 2;
0, 2134; -0.776186, 1.887125, -2.599169; 0, 14, 1, 1; 94427338; 1, 0, 1; 0, 1, 0; 1, 1, 2;
1, 2143; -3.820651, -1.565102, 2.824084; 0, 5, 1, 0; 34014677; 0, 1, 0; 0, 1, 0; 1, 1, 1;
0, 2143; -3.822563, -1.557956, 2.816570; 0, 5, 1, 0; 34015776; 1, 0, 1; 0, 1, 0; 4, 1, 2;
1, 2157; -0.704585, 3.665214, 0.658142; 0, 42, 1, 0; 26858517; 0, 1, 0; 0, 1, 0; 1, 1, 1;
1, 2173; 0.502693, 1.408569, 0.953385 / 0.503348, 1.409001, 0.953833 / 0.502037, 1.408137, 0.952938; 0, 21, 1, 1; 45972229; 0, 2, 0; 1, 1, 0; 2, 1, 1/ 1, 6, 1;
0, 2173; 0.503553, 1.408098, 0.956360; 0, 21, 1, 1; 45972309; 1, 0, 1; 0, 1, 0; 4, 1, 2;
0, 2173; 0.508657, 1.403194, 0.951892; 0, 21, 1, 1; 45972030; 1, 0, 1; 0, 1, 0; 4, 1, 2;
0, 2173; 0.927934, 0.673593, 0.815554; 0, 25, 1, 1; 166988767; 1, 0, 1; 1, 0, 0; 3, 1, 2;
0, 2173; 0.958567, 0.651787, 0.809525; 0, 25, 1, 1; 166895156; 1, 0, 1; 1, 0, 0; 3, 1, 2;
1, 2177; -3.798522, 3.563797, 2.299205; 0, 5, 1, 1; 178962837; 0, 1, 0; 0, 1, 0; 4, 1, 1;
0, 2177; -3.803166, 3.562431, 2.299425; 0, 5, 1, 1; 178963042; 1, 0, 1; 0, 1, 0; 4, 1, 2;
0, 2177; -3.805393, 3.520539, 2.469373; 0, 5, 1, 1; 179424963; 0, 1, 0; 0, 1, 0; 1, 1, 1;
0, 2177; -3.815090, 3.470734, 2.664677; 0, 5, 1, 1; 179341187; 1, 0, 1; 0, 1, 0; 1, 1, 2;
1, 2179; 1.225451, 3.044803, 3.712053; 0, 39, 1, 0; 2132272; 1, 0, 1; 0, 1, 0; 1, 1, 2;
0, 2179; 1.226192, 3.045873, 3.709349; 0, 39, 1, 0; 2132190; 1, 0, 1; 0, 1, 0; 4, 1, 2;
0, 2179; 1.228359, 3.043071, 3.713391; 0, 39, 1, 0; 2132339; 0, 1, 0; 1, 0, 0; 3, 1, 1;
0, 2179; 1.233464, 3.036430, 3.719186; 0, 39, 1, 0; 2133314; 1, 0, 1; 0, 1, 0; 4, 1, 2;
0, 2179; 1.237900, 2.888280, 3.762277; 0, 39, 1, 0; 2450154; 0, 1, 0; 1, 0, 0; 3, 1, 1;
0, 2179; 1.239018, 3.018060, 3.727053; 0, 39, 1, 0; 2134155; 1, 0, 1; 0, 1, 0; 1, 1, 2;
0, 2179; 1.259419, 2.828526, 3.847447; 0, 39, 1, 0; 2346206; 0, 1, 0; 0, 1, 0; 1, 1, 1;
1, 2182; -2.892984, 1.389210, -2.661739; 0, 1, 1, 1; 156517999; 1, 0, 1; 0, 1, 0; 1, 1, 2;
0, 2182; -2.900073, 1.391868, -2.656635; 0, 1, 1, 1; 156516780; 0, 1, 0; 0, 1, 0; 4, 1, 1;
0, 2182; -3.055504, 1.744460, -2.797876; 0, 1, 1, 1; 166821943; 1, 0, 1; 0, 1, 0; 1, 1, 2;
0, 2182; -3.072044, 1.740927, -2.816281; 0, 1, 1, 1; 166819702; 0, 1, 0; 0, 1, 0; 4, 1, 1;
1, 2184; 0.134885, -3.807439, -1.691896; 0, 17, 1, 1; 46546020; 0, 1, 0; 0, 1, 0; 1, 1, 1;
1, 2188; 1.727867, -2.008538, -3.199785 / 1.728343, -2.008515, -3.199547 / 1.727391, -2.008561, -3.200024; 0, 29, 1, 1; 80372847; 0, 2, 0; 0, 2, 1; 1, 1, 1/ 4, 1, 1;
0, 2188; 2.472255, -2.930050, 0.502849; 0, 33, 1, 0; 4894451; 1, 0, 1; 0, 1, 0; 1, 1, 2;
1, 2199; 2.013333, 0.508442, -2.251871; 0, 27, 1, 1; 190345377; 1, 0, 1; 0, 1, 0; 1, 1, 2;
0, 2199; 2.014131, 0.504011, -2.247679 / 2.015067, 0.504260, -2.247652 / 2.013194, 0.503762, -2.247707; 0, 27, 1, 1; 190346408; 2, 2, 1; 1, 2, 1; 1, 1, 2/ 2, 4, 1/ 4, 5, 1;
0, 2199; 2.014847, 0.503205, -2.245534; 0, 27, 1, 1; 190346483; 1, 0, 1; 0, 1, 0; 4, 1, 2;
0, 2199; 2.170163, 0.529042, -2.500243; 0, 30, 1, 1; 97364045; 1, 0, 1; 0, 1, 0; 1, 1, 2;
0, 2199; 2.173335, 0.532104, -2.509642; 0, 30, 1, 1; 97365104; 0, 1, 0; 0, 1, 0; 1, 1, 1;
0, 2199; 3.526982, 1.253679, -3.793818; 0, 30, 1, 1; 124448956; 1, 0, 1; 0, 1, 0; 4, 1, 2;
1, 2202; -0.731721, -1.307558, -1.768405; 0, 16, 1, 1; 70486427; 1, 0, 1; 0, 1, 0; 4, 1, 2;
0, 2202; -0.735539, -1.304631, -1.771428; 0, 16, 1, 1; 70485517; 0, 1, 0; 0, 1, 0; 4, 1, 1;
0, 2202; -0.771646, -1.422931, -1.728429; 0, 16, 1, 1; 70427754; 1, 0, 1; 0, 1, 0; 4, 1, 2;
1, 2204; 0.175007, -2.753060, 3.673054; 0, 39, 1, 1; 46596480; 0, 1, 0; 1, 0, 0; 3, 1, 1;
0, 2204; 0.176750, -2.753805, 3.672694; 0, 39, 1, 1; 46596555; 1, 0, 1; 0, 1, 0; 4, 1, 2;
1, 2207; 1.107823, 0.387094, -1.093102; 0, 28, 1, 0; 3335356; 0, 1, 0; 1, 0, 0; 3, 1, 1;
0, 2207; 1.127882, 0.398927, -1.085552; 0, 28, 1, 0; 3333000; 1, 0, 1; 0, 1, 0; 1, 1, 2;
0, 2207; 1.133515, 0.407816, -1.089326; 0, 28, 1, 0; 3331981; 1, 0, 1; 0, 1, 0; 4, 1, 2;
0, 2207; 1.838811, 0.732898, -0.696593; 0, 26, 1, 1; 122357447; 1, 0, 1; 1, 0, 0; 2, 1, 2;
0, 2207; 1.863216, 0.734433, -0.679068 / 1.863757, 0.734593, -0.678721 / 1.862675, 0.734272, -0.679415; 0, 26, 1, 1; 122226981; 2, 1, 1; 0, 2, 1; 1, 1, 1/ 4, 4, 2;
1, 2209; 1.437307, 0.541025, -3.449730; 0, 29, 1, 0; 9854713; 0, 1, 0; 0, 1, 0; 1, 1, 1;
1, 2227; -0.275569, 2.428672, 3.164706 / -0.275024, 2.428709, 3.165022 / -0.276114, 2.428635, 3.164390; 0, 24, 1, 0; 29859708; 0, 2, 0; 1, 1, 0; 3, 1, 1/ 1, 3, 1;
0, 2227; -1.060778, -1.780166, 0.340496; 0, 9, 1, 1; 100067361; 0, 1, 0; 1, 0, 0; 3, 1, 1;
0, 2227; -1.477900, -3.811486, 3.507102; 0, 7, 1, 0; 31271056; 1, 0, 1; 0, 1, 0; 4, 1, 2;
0, 2227; -1.478557, -3.806384, 3.504664; 0, 7, 1, 0; 31272022; 1, 0, 1; 1, 0, 0; 3, 1, 2;
0, 2227; -1.611894, 0.809055, 0.057326; 0, 9, 1, 0; 26892575; 0, 1, 0; 0, 1, 0; 1, 1, 1;
0, 2227; -1.672545, -3.702925, 3.616544; 0, 40, 1, 1; 20440787; 1, 0, 1; 1, 0, 0; 2, 1, 2;
0, 2227; -1.710465, -0.565342, -0.557363; 0, 9, 1, 1; 59394692; 1, 0, 1; 0, 1, 0; 4, 1, 2;
0, 2227; -1.713420, -0.563164, -0.555427; 0, 9, 1, 1; 59394771; 1, 0, 1; 0, 1, 0; 4, 1, 2;
0, 2227; -2.945465, -3.717504, 3.531822; 0, 4, 1, 1; 171913335; 0, 1, 0; 0, 1, 0; 1, 1, 1;
0, 2227; -3.279613, -3.839865, 2.911259; 0, 4, 1, 1; 170947387; 0, 1, 0; 1, 0, 0; 3, 1, 1;
0, 2227; 0.232041, -3.829823, 2.246149 / 0.232052, -3.829164, 2.246230 / 0.232030, -3.830482, 2.246068; 0, 23, 1, 0; 106803314; 2, 1, 1; 1, 1, 0; 2, 1, 1/ 4, 3, 2;
0, 2227; 0.232782, -3.829835, 2.248433; 0, 23, 1, 0; 106803236; 1, 0, 1; 0, 1, 0; 4, 1, 2;
1, 2234; -1.449278, -2.635117, 3.191383; 0, 6, 1, 1; 178052554; 0, 1, 0; 1, 0, 0; 3, 1, 1;
0, 2234; -2.675306, -2.639803, 2.600487; 0, 5, 1, 0; 6787240; 1, 0, 1; 1, 0, 0; 2, 1, 2;
1, 2237; 1.390921, -3.088620, 1.633600; 0, 25, 1, 0; 50663286; 1, 0, 1; 0, 1, 0; 4, 1, 2;
0, 2237; 1.398465, -3.091551, 1.616706 / 1.398476, -3.091511, 1.616794 / 1.398454, -3.091591, 1.616618; 0, 25, 1, 0; 50660920; 2, 1, 1; 0, 2, 0; 4, 1, 2/ 4, 2, 1;
1, 2238; -0.768173, -0.652701, 1.871681; 0, 23, 1, 0; 9510476; 1, 0, 1; 0, 1, 0; 1, 1, 2;
0, 2238; -0.773866, -0.574428, 1.835690 / -0.773861, -0.574415, 1.835702 / -0.773872, -0.574441, 1.835677; 0, 22, 1, 1; 44629634; 2, 1, 1; 2, 0, 0; 2, 1, 1/ 2, 2, 2;
1, 2239; -2.054871, 0.630495, -2.283047; 0, 11, 1, 0; 9693075; 1, 0, 1; 1, 0, 0; 2, 1, 2;
0, 2239; -2.178029, 1.729393, -3.163961; 0, 12, 1, 0; 10932770; 1, 0, 1; 1, 0, 0; 2, 1, 2;
0, 2239; -2.185325, 1.406764, -2.860580; 0, 12, 1, 0; 21864171; 1, 0, 1; 0, 1, 0; 1, 1, 2;
1, 2242; -3.447418, -1.123741, -1.445868; 0, 2, 1, 0; 99944364; 1, 0, 1; 0, 1, 0; 1, 1, 2;
0, 2242; -3.476176, -0.998285, -1.484275; 0, 2, 1, 0; 99999755; 0, 1, 0; 0, 1, 0; 1, 1, 1;
0, 2242; -3.481517, -0.706167, -1.755246; 0, 2, 1, 0; 92799175; 0, 1, 0; 0, 1, 0; 1, 1, 1;
0, 2242; -3.482539, -0.703878, -1.760065; 0, 2, 1, 0; 92799100; 1, 0, 1; 0, 1, 0; 1, 1, 2;
0, 2242; -3.509639, -0.654937, -1.839487 / -3.509632, -0.654928, -1.839461 / -3.509646, -0.654946, -1.839513; 0, 2, 1, 0; 90071815; 2, 1, 1; 0, 2, 0; 1, 1, 1/ 1, 2, 2;
0, 2242; -3.510160, -0.652536, -1.841841; 0, 2, 1, 0; 90071885; 1, 0, 1; 1, 0, 0; 3, 1, 2;
0, 2242; -3.510623, -0.659045, -1.841796 / -3.509771, -0.658998, -1.841016 / -3.511475, -0.659092, -1.842575; 0, 2, 1, 0; 90070758; 1, 0, 2; 2, 0, 0; 3, 1, 2/ 3, 8, 2;
0, 2242; -3.510829, -0.655122, -1.840690 / -3.510606, -0.654968, -1.839921 / -3.511051, -0.655275, -1.841458; 0, 2, 1, 0; 90071810; 2, 1, 1; 0, 2, 1; 1, 1, 1/ 4, 4, 2;
0, 2242; -3.536374, -0.795553, -1.576856; 0, 2, 1, 0; 92702335; 1, 0, 1; 0, 1, 0; 4, 1, 2;
0, 2242; -3.544671, -0.808772, -1.553981; 0, 2, 1, 0; 92700346; 1, 0, 1; 0, 1, 0; 4, 1, 2;
0, 2242; -3.783516, -0.540738, -2.033007; 0, 2, 1, 0; 85909642; 1, 0, 1; 0, 1, 0; 1, 1, 2;
1, 2244; 0.989656, 0.848375, 0.560563; 0, 26, 1, 1; 130391892; 0, 1, 0; 0, 1, 0; 1, 1, 1;
0, 2244; 0.990069, 0.782352, 0.572833; 0, 26, 1, 1; 130382502; 1, 0, 1; 0, 1, 0; 1, 1, 2;
0, 2244; 0.990685, 0.775688, 0.574513; 0, 26, 1, 1; 130381531; 1, 0, 1; 0, 1, 0; 1, 1, 2;
0, 2244; 0.991696, 0.787849, 0.572482 / 0.991890, 0.788293, 0.572555 / 0.991503, 0.787404, 0.572410; 0, 26, 1, 1; 130383627; 0, 3, 0; 0, 3, 1; 4, 1, 1/ 4, 2, 1/ 1, 3, 1;
0, 2244; 1.040741, 1.169321, 0.683541; 0, 25, 1, 1; 177860555; 1, 0, 1; 0, 1, 0; 1, 1, 2;
0, 2244; 1.905179, 1.420085, 0.270342; 0, 26, 1, 1; 110947920; 0, 1, 0; 1, 0, 0; 2, 1, 1;
1, 2249; 1.862750, -0.074103, 0.395899; 0, 26, 1, 1; 150658650; 1, 0, 1; 0, 1, 0; 4, 1, 2;
0, 2249; 1.864210, -0.074432, 0.393915; 0, 26, 1, 1; 150658730; 1, 0, 1; 1, 0, 0; 2, 1, 2;
0, 2249; 2.751152, -0.231557, -0.408943; 0, 33, 1, 1; 83012544; 1, 0, 1; 0, 1, 0; 4, 1, 2;
1, 2257; 1.448403, -3.665934, 3.791350 / 1.448531, -3.665754, 3.791747 / 1.448276, -3.666114, 3.790952; 0, 39, 1, 0; 10220549; 1, 0, 2; 0, 2, 0; 4, 1, 2/ 4, 3, 2;
1, 2266; -0.510948, -3.350084, -2.334730 / -0.510682, -3.350005, -2.334093 / -0.511215, -3.350163, -2.335368; 0, 17, 1, 1; 41184375; 2, 3, 1; 3, 1, 0; 2, 1, 2/ 3, 4, 1/ 4, 4, 1/ 3, 5, 1;
1, 2268; 2.611935, -1.853855, -3.224320; 0, 30, 1, 0; 26441365; 1, 0, 1; 0, 1, 0; 1, 1, 2;
0, 2268; 2.807884, -1.945126, -3.341118; 0, 30, 1, 0; 27778544; 1, 0, 1; 1, 0, 0; 2, 1, 2;
0, 2268; 3.270003, -2.139741, -3.704181 / 3.270271, -2.139574, -3.703765 / 3.269736, -2.139908, -3.704597; 0, 30, 1, 0; 16570650; 2, 1, 1; 1, 1, 0; 3, 1, 1/ 1, 3, 2;
1, 2276; 3.401396, -3.145679, 3.555202; 0, 36, 1, 1; 42538569; 1, 0, 1; 0, 1, 0; 1, 1, 2;
1, 2277; 1.243163, 3.466489, 3.504324; 0, 24, 1, 0; 62602262; 1, 0, 1; 0, 1, 0; 4, 1, 2;
0, 2277; 1.246002, 3.464928, 3.503312; 0, 24, 1, 0; 62602193; 0, 1, 0; 0, 1, 0; 1, 1, 1;
0, 2277; 2.229134, 1.724613, 0.955382 / 2.229326, 1.726023, 0.956043 / 2.228941, 1.723204, 0.954720; 0, 34, 1, 1; 108869882; 1, 0, 2; 0, 2, 0; 1, 1, 2/ 1, 10, 2;
0, 2277; 2.462034, 1.385707, 0.529844; 0, 33, 1, 1; 130874239; 1, 0, 1; 0, 1, 0; 1, 1, 2;
0, 2277; 2.463508, 1.381817, 0.527786; 0, 33, 1, 1; 130873123; 1, 0, 1; 0, 1, 0; 1, 1, 2;
0, 2277; 2.661829, 0.575031, -0.415831 / 2.661865, 0.575380, -0.415661 / 2.661794, 0.574682, -0.416002; 0, 33, 1, 1; 99728901; 0, 2, 0; 1, 1, 0; 4, 1, 1/ 3, 2, 1;
1, 2278; 1.910381, -0.702279, 2.746043; 0, 24, 1, 1; 192877963; 1, 0, 1; 0, 1, 0; 1, 1, 2;
0, 2278; 3.108761, -1.541714, 2.630960; 0, 36, 1, 1; 81038145; 0, 1, 0; 0, 1, 0; 4, 1, 1;
0, 2278; 3.492940, -1.905018, 2.516953; 0, 36, 1, 1; 77661253; 0, 1, 0; 0, 1, 0; 4, 1, 1;
1, 2280; -0.039791, 3.272448, -2.191023; 0, 15, 1, 1; 45012652; 1, 0, 1; 0, 1, 0; 4, 1, 2;
0, 2280; -0.040358, 3.266084, -2.188242; 0, 15, 1, 1; 45012699; 1, 0, 1; 0, 1, 0; 4, 1, 2;
0, 2280; 0.638867, 2.766176, -2.201531; 0, 28, 1, 1; 77347907; 0, 1, 0; 0, 1, 0; 1, 1, 1;
1, 2284; -1.408367, 2.487105, 0.453868; 0, 8, 1, 1; 129676999; 0, 1, 0; 0, 1, 0; 1, 1, 1;
0, 2284; -1.410299, 2.523562, 0.265910; 0, 8, 1, 1; 128574129; 1, 0, 1; 0, 1, 0; 4, 1, 2;
1, 2286; -3.751452, 0.938157, -1.757293 / -3.750521, 0.938698, -1.756826 / -3.752382, 0.937616, -1.757760; 0, 2, 1, 0; 39226374; 2, 1, 1; 0, 2, 1; 4, 1, 1/ 1, 7, 2;
1, 2290; -2.959472, 0.489969, -3.209564; 0, 1, 1, 1; 132420791; 0, 1, 0; 1, 0, 0; 3, 1, 1;
1, 2291; -0.967964, -2.950182, -1.013494; 0, 10, 1, 1; 50997985; 1, 0, 1; 0, 1, 0; 1, 1, 2;
1, 2292; 0.793882, 1.588192, -2.001682; 0, 28, 1, 0; 40777499; 1, 0, 1; 0, 1, 0; 1, 1, 2;
1, 2293; -3.087034, 1.409106, -0.505024; 0, 3, 1, 0; 86658180; 0, 1, 0; 0, 1, 0; 1, 1, 1;
0, 2293; -3.094790, 1.414043, -0.513536; 0, 3, 1, 0; 86657010; 1, 0, 1; 1, 0, 0; 2, 1, 2;
1, 2294; -3.278702, -0.572588, 0.088984; 0, 3, 1, 0; 32008898; 0, 1, 0; 0, 1, 0; 4, 1, 1;
1, 2296; -0.147949, -1.269088, -1.741465; 0, 16, 1, 1; 69633430; 1, 0, 1; 0, 1, 0; 1, 1, 2;
1, 2305; 3.833661, -0.507369, 2.200188; 0, 46, 1, 1; 58771721; 1, 0, 1; 0, 1, 0; 1, 1, 2;
0, 2305; 3.838387, -0.522272, 2.204137; 0, 46, 1, 1; 58929465; 0, 1, 0; 1, 0, 0; 3, 1, 1;
0, 2305; 3.842151, -0.539921, 2.209645; 0, 46, 1, 1; 58928651; 0, 1, 0; 0, 1, 0; 1, 1, 1;
0, 2305; 3.842988, -1.441397, 2.008737; 0, 46, 1, 1; 91314333; 0, 1, 0; 0, 1, 0; 1, 1, 1;
0, 2305; 3.844275, -1.441289, 2.011288; 0, 46, 1, 1; 91314256; 0, 1, 0; 0, 1, 0; 4, 1, 1;
0, 2305; 3.847085, -1.445157, 2.014143; 0, 46, 1, 1; 91314184; 1, 0, 1; 0, 1, 0; 1, 1, 2;
1, 2311; 3.804676, 2.894639, -3.221577; 0, 45, 1, 0; 20775516; 1, 0, 1; 0, 1, 0; 1, 1, 2;
0, 2311; 3.815141, 2.894866, -3.231146; 0, 45, 1, 0; 20774381; 1, 0, 1; 0, 1, 0; 4, 1, 2;
1, 2312; -2.612272, 3.786952, -2.373378; 0, 44, 1, 0; 6034745; 1, 0, 1; 0, 1, 0; 4, 1, 2;
1, 2316; 0.329404, 0.390080, -3.691498; 0, 14, 1, 1; 49631108; 0, 1, 0; 1, 0, 0; 3, 1, 1;
0, 2316; 0.492394, 0.394181, -3.505712; 0, 14, 1, 1; 49777521; 0, 1, 0; 0, 1, 0; 1, 1, 1;
0, 2316; 0.494590, 0.394869, -3.509415; 0, 14, 1, 1; 49777302; 1, 0, 1; 1, 0, 0; 2, 1, 2;
0, 2316; 2.719200, 1.704397, -2.889558 / 2.719262, 1.704758, -2.889482 / 2.719138, 1.704036, -2.889634; 0, 30, 1, 1; 136737691; 0, 2, 0; 1, 1, 0; 4, 1, 1/ 3, 2, 1;
0, 2316; 2.719378, 1.704332, -2.887725; 0, 30, 1, 1; 136737615; 1, 0, 1; 1, 0, 0; 2, 1, 2;
1, 2327; 0.829207, -2.048591, 2.909692; 0, 24, 1, 1; 227394472; 1, 0, 1; 1, 0, 0; 2, 1, 2;
0, 2327; 0.950626, -2.163431, 2.834899; 0, 24, 1, 1; 237412957; 1, 0, 1; 0, 1, 0; 4, 1, 2;
1, 2328; -2.810350, 3.523696, 0.055734; 0, 3, 1, 1; 150638361; 0, 1, 0; 0, 1, 0; 1, 1, 1;
0, 2328; -2.833581, 3.498605, 0.037735; 0, 3, 1, 1; 150766231; 1, 0, 1; 1, 0, 0; 2, 1, 2;
1, 2331; -1.088402, -2.489304, 3.565496; 0, 6, 1, 1; 177186690; 1, 0, 1; 1, 0, 0; 2, 1, 2;
1, 2337; -2.235999, 0.504303, -3.280036; 0, 12, 1, 1; 47085695; 0, 1, 0; 0, 1, 0; 1, 1, 1;
0, 2337; -2.238437, 0.502969, -3.282820; 0, 12, 1, 1; 47085607; 1, 0, 1; 1, 0, 0; 2, 1, 2;
0, 2337; -2.505180, 0.802816, -3.181815; 0, 1, 1, 1; 135981120; 1, 0, 1; 1, 0, 0; 2, 1, 2;
0, 2337; -2.506074, 0.804394, -3.184248; 0, 1, 1, 1; 135981049; 0, 1, 0; 0, 1, 0; 1, 1, 1;
0, 2337; -2.512510, 0.807032, -3.185977; 0, 1, 1, 1; 135980982; 0, 1, 0; 0, 1, 0; 1, 1, 1;
1, 2341; 2.804514, 0.685851, -1.939045; 0, 31, 1, 1; 126437348; 0, 1, 0; 0, 1, 0; 4, 1, 1;
0, 2341; 2.808906, 0.578684, -1.956785; 0, 31, 1, 1; 131810812; 0, 1, 0; 0, 1, 0; 1, 1, 1;
0, 2341; 2.863797, 0.341682, -2.067322; 0, 31, 1, 1; 132104097; 1, 0, 1; 1, 0, 0; 3, 1, 2;
0, 2341; 3.023669, -0.135240, -2.195744; 0, 31, 1, 1; 147921705; 1, 0, 1; 1, 0, 0; 3, 1, 2;
0, 2341; 3.197507, -0.085374, -2.227553; 0, 31, 1, 1; 147869188; 0, 1, 0; 0, 1, 0; 1, 1, 1;
1, 2348; 3.873093, -3.214323, 0.203029 / 3.873724, -3.213760, 0.203366 / 3.872463, -3.214886, 0.202691; 0, 46, 1, 1; 143034284; 0, 2, 0; 1, 1, 0; 4, 1, 1/ 2, 6, 1;
1, 2353; 1.335143, 3.561175, -3.811278; 0, 28, 1, 1; 103340215; 1, 0, 1; 0, 1, 0; 4, 1, 2;
0, 2353; 1.336388, 3.559237, -3.810748; 0, 28, 1, 1; 103340288; 1, 0, 1; 0, 1, 0; 1, 1, 2;
1, 2356; -0.436789, 0.629284, -2.975227; 0, 14, 1, 1; 57944434; 1, 0, 1; 1, 0, 0; 3, 1, 2;
0, 2356; -0.439407, 0.628771, -2.975947; 0, 14, 1, 1; 57944508; 0, 1, 0; 1, 0, 0; 3, 1, 1;
0, 2356; -0.447056, 0.621422, -2.970915; 0, 14, 1, 1; 57945824; 1, 0, 1; 0, 1, 0; 1, 1, 2;
0, 2356; -0.447911, 0.625267, -2.976943 / -0.447313, 0.626504, -2.976034 / -0.448508, 0.624030, -2.977852; 0, 14, 1, 1; 57945850; 0, 2, 0; 0, 2, 1; 1, 1, 1/ 4, 8, 1;
0, 2356; -0.448120, 0.621472, -2.979195; 0, 14, 1, 1; 57945865; 1, 0, 1; 0, 1, 0; 4, 1, 2;
0, 2356; -0.664559, 0.649915, -2.815604; 0, 14, 1, 1; 58917975; 0, 1, 0; 0, 1, 0; 1, 1, 1;
1, 2358; -3.775235, -3.505327, 3.708478; 0, 40, 1, 1; 77147454; 0, 1, 0; 0, 1, 0; 4, 1, 1;
0, 2358; -3.799102, -3.494509, 3.724657; 0, 40, 1, 1; 77112833; 1, 0, 1; 0, 1, 0; 4, 1, 2;
1, 2359; -3.358049, 3.529470, -3.728009; 0, 1, 1, 1; 219377904; 0, 1, 0; 1, 0, 0; 2, 1, 1;
0, 2359; -3.401220, 3.185398, -3.487532; 0, 1, 1, 1; 213020169; 1, 0, 1; 0, 1, 0; 4, 1, 2;
0, 2359; -3.632209, 2.190867, -2.472645; 0, 1, 1, 1; 181550848; 1, 0, 1; 0, 1, 0; 4, 1, 2;
0, 2359; -3.800298, 1.590804, -1.926338; 0, 2, 1, 0; 17719649; 1, 0, 1; 0, 1, 0; 1, 1, 2;
1, 2361; -0.187208, -0.953012, 1.166616; 0, 23, 1, 0; 15911560; 1, 0, 1; 1, 0, 0; 2, 1, 2;
0, 2361; 1.711150, -0.953525, 0.666795; 0, 25, 1, 1; 116441336; 0, 1, 0; 1, 0, 0; 3, 1, 1;
0, 2361; 2.762896, -0.958623, 0.461264; 0, 33, 1, 0; 55609434; 1, 0, 1; 1, 0, 0; 2, 1, 2;
1, 2362; -1.385225, -0.330860, 3.211930; 0, 6, 1, 1; 119201398; 1, 0, 1; 0, 1, 0; 4, 1, 2;
1, 2371; 1.284959, 0.804960, 0.319743; 0, 26, 1, 1; 130234817; 1, 0, 1; 0, 1, 0; 1, 1, 2;
0, 2371; 1.362090, 0.810493, 0.319474; 0, 26, 1, 1; 130245784; 1, 0, 1; 1, 0, 0; 2, 1, 2;
1, 2372; 2.437731, 2.764659, -3.700828; 0, 31, 1, 0; 15787833; 0, 1, 0; 1, 0, 0; 3, 1, 1;
1, 2377; -1.778043, 3.496948, -2.039578; 0, 11, 1, 1; 92104854; 0, 1, 0; 1, 0, 0; 3, 1, 1;
1, 2380; -0.063734, 2.455053, 0.205509; 0, 20, 1, 0; 12115422; 0, 1, 0; 0, 1, 0; 4, 1, 1;
0, 2380; -0.108528, 0.653663, 0.956420; 0, 22, 1, 0; 14618748; 0, 1, 0; 0, 1, 0; 4, 1, 1;
1, 2383; 1.904257, -2.905781, -1.880702; 0, 27, 1, 1; 97285708; 1, 0, 1; 0, 1, 0; 4, 1, 2;
0, 2383; 2.265185, -1.299446, 1.544552; 0, 35, 1, 1; 61846201; 1, 0, 1; 0, 1, 0; 4, 1, 2;
0, 2383; 3.114067, -2.174988, -0.629113; 0, 33, 1, 0; 17708994; 1, 0, 1; 0, 1, 0; 1, 1, 2;
0, 2383; 3.138248, -3.563599, -2.675419 / 3.138446, -3.563363, -2.675171 / 3.138050, -3.563835, -2.675667; 0, 29, 1, 1; 151187827; 2, 1, 1; 0, 2, 0; 4, 1, 2/ 4, 2, 1;
0, 2383; 3.452845, -2.726587, -1.109350; 0, 32, 1, 1; 80302824; 1, 0, 1; 0, 1, 0; 4, 1, 2;
0, 2383; 3.673105, -3.677090, -2.593956; 0, 46, 1, 1; 157857273; 1, 0, 1; 0, 1, 0; 4, 1, 2;
0, 2383; 3.674049, -3.676046, -2.597949; 0, 46, 1, 1; 157857347; 0, 1, 0; 0, 1, 0; 4, 1, 1;
0, 2383; 3.677432, -3.671789, -2.594885; 0, 46, 1, 1; 157857174; 1, 0, 1; 0, 1, 0; 4, 1, 2;
0, 2383; 3.678340, -3.672438, -2.586652; 0, 46, 1, 1; 157855976; 1, 0, 1; 0, 1, 0; 1, 1, 2;
1, 2408; 2.160874, -1.636938, 3.547568 / 2.161019, -1.636918, 3.547738 / 2.160729, -1.636959, 3.547398; 0, 36, 1, 1; 86231009; 2, 1, 2; 2, 1, 0; 3, 1, 2/ 1, 2, 2/ 3, 2, 1;
0, 2408; 3.260253, -1.219782, 2.602705; 0, 36, 1, 1; 94331360; 1, 0, 1; 1, 0, 0; 2, 1, 2;
0, 2408; 3.266841, -1.220701, 2.599436; 0, 36, 1, 1; 94331256; 0, 1, 0; 0, 1, 0; 1, 1, 1;
0, 2408; 3.267804, -1.224248, 2.594053; 0, 36, 1, 1; 94330122; 1, 0, 1; 0, 1, 0; 1, 1, 2;
0, 2408; 3.546711, -1.127629, 2.493776; 0, 36, 1, 1; 98170774; 0, 1, 0; 0, 1, 0; 4, 1, 1;
1, 2412; -0.514037, -1.228970, -1.604297; 0, 16, 1, 1; 69883285; 1, 0, 1; 0, 1, 0; 1, 1, 2;
0, 2412; -0.584465, -1.600805, -1.361111; 0, 16, 1, 1; 77333995; 0, 1, 0; 0, 1, 0; 1, 1, 1;
0, 2412; -0.841802, -1.739493, -1.675353; 0, 16, 1, 1; 77963126; 1, 0, 1; 0, 1, 0; 4, 1, 2;
0, 2412; -1.103160, -1.712781, -1.866948 / -1.102918, -1.712345, -1.866461 / -1.103402, -1.713218, -1.867434; 0, 10, 1, 1; 85767893; 2, 1, 1; 0, 2, 1; 4, 1, 2/ 1, 3, 1;
0, 2412; -1.104230, -1.713495, -1.866964 / -1.104026, -1.712426, -1.866642 / -1.104434, -1.714563, -1.867286; 0, 10, 1, 1; 85767889; 1, 0, 2; 0, 2, 1; 1, 1, 2/ 4, 3, 2;
0, 2412; -1.528384, -1.688648, -2.196452 / -1.527380, -1.687849, -2.196161 / -1.529388, -1.689447, -2.196744; 0, 10, 1, 1; 81833935; 1, 0, 2; 2, 0, 0; 3, 1, 2/ 2, 9, 2;
0, 2412; -2.348125, -2.064231, -3.261752 / -2.347994, -2.064165, -3.261641 / -2.348255, -2.064296, -3.261863; 0, 12, 1, 1; 119159726; 2, 1, 1; 0, 2, 0; 4, 1, 2/ 4, 2, 1;
0, 2412; -2.567465, -2.028831, -3.532156; 0, 1, 1, 0; 61787637; 0, 1, 0; 0, 1, 0; 1, 1, 1;
0, 2412; -2.577320, -2.025261, -3.543751 / -2.576645, -2.024643, -3.543603 / -2.577996, -2.025880, -3.543899; 0, 1, 1, 0; 61789008; 0, 2, 0; 0, 2, 0; 4, 1, 1/ 4, 5, 1;
0, 2412; -2.579708, -2.038198, -3.547100; 0, 1, 1, 0; 61789214; 1, 0, 1; 0, 1, 0; 1, 1, 2;
0, 2412; -2.581137, -2.038566, -3.546797; 0, 1, 1, 0; 61789291; 1, 0, 1; 1, 0, 0; 3, 1, 2;
1, 2414; -2.889077, 3.210909, -3.622206; 0, 1, 1, 1; 208866571; 1, 0, 1; 1, 0, 0; 3, 1, 2;
0, 2414; -3.062213, 3.247656, -3.728375 / -3.061264, 3.247892, -3.728324 / -3.063161, 3.247420, -3.728426; 0, 1, 1, 1; 212178211; 1, 0, 2; 1, 1, 0; 3, 1, 2/ 4, 5, 2;
0, 2414; -3.233600, 3.227909, -3.793592; 0, 1, 1, 1; 212217232; 1, 0, 1; 1, 0, 0; 2, 1, 2;
0, 2414; -3.236797, 3.229434, -3.797124; 0, 1, 1, 1; 212217519; 0, 1, 0; 0, 1, 0; 1, 1, 1;
1, 2417; -3.244759, 0.631830, -0.862127; 0, 3, 1, 0; 69119512; 1, 0, 1; 0, 1, 0; 4, 1, 2;
0, 2417; -3.255433, 0.636868, -0.774006; 0, 3, 1, 0; 69094372; 1, 0, 1; 0, 1, 0; 1, 1, 2;
0, 2417; -3.257214, 0.640636, -0.733359; 0, 3, 1, 0; 69100384; 1, 0, 1; 1, 0, 0; 2, 1, 2;
1, 2418; -1.761378, -1.475178, 2.770380; 0, 6, 1, 1; 144326822; 1, 0, 1; 0, 1, 0; 4, 1, 2;
0, 2418; -1.780984, -1.476707, 2.752988; 0, 6, 1, 1; 144324179; 1, 0, 1; 0, 1, 0; 1, 1, 2;
1, 2422; -0.039356, -2.895456, -1.594717; 0, 17, 1, 0; 19913731; 1, 0, 1; 1, 0, 0; 2, 1, 2;
0, 2422; -0.499279, -1.815589, -2.780155; 0, 13, 1, 1; 93639980; 1, 0, 1; 0, 1, 0; 4, 1, 2;
0, 2422; 0.159333, -2.957471, -1.159513; 0, 17, 1, 0; 16905192; 0, 1, 0; 0, 1, 0; 1, 1, 1;
0, 2422; 0.822737, -1.257021, 1.951125; 0, 25, 1, 1; 107774973; 1, 0, 1; 1, 0, 0; 3, 1, 2;
0, 2422; 0.833327, -1.271953, 1.959084; 0, 25, 1, 1; 107776432; 0, 1, 0; 1, 0, 0; 3, 1, 1;
0, 2422; 0.833556, -1.273459, 1.962199 / 0.833713, -1.272781, 1.962332 / 0.833400, -1.274138, 1.962066; 0, 25, 1, 1; 107776503; 2, 1, 2; 2, 1, 0; 1, 1, 1/ 2, 3, 2/ 3, 4, 2;
0, 2422; 0.993230, -1.355568, 1.764636; 0, 25, 1, 1; 106977431; 0, 1, 0; 0, 1, 0; 1, 1, 1;
0, 2422; 0.996341, -1.347595, 1.756440; 0, 25, 1, 1; 106978663; 1, 0, 1; 0, 1, 0; 4, 1, 2;
0, 2422; 1.034314, -1.410154, 1.601305; 0, 25, 1, 1; 107026050; 1, 0, 1; 0, 1, 0; 4, 1, 2;
0, 2422; 1.141512, -2.152729, 2.232141; 0, 24, 1, 1; 233772278; 0, 1, 0; 0, 1, 0; 4, 1, 1;
1, 2423; -1.726159, 2.326739, -2.005242; 0, 11, 1, 0; 55978539; 0, 1, 0; 1, 0, 0; 3, 1, 1;
0, 2423; -1.742894, 1.268144, -3.160741; 0, 12, 1, 0; 20725327; 0, 1, 0; 0, 1, 0; 1, 1, 1;
0, 2423; -1.744725, 1.336926, -3.054563 / -1.744574, 1.337416, -3.053989 / -1.744876, 1.336435, -3.055137; 0, 12, 1, 0; 20707388; 0, 2, 0; 0, 2, 0; 1, 1, 1/ 1, 4, 1;
0, 2423; -1.744863, 1.257875, -3.174923; 0, 12, 1, 0; 20723136; 1, 0, 1; 0, 1, 0; 4, 1, 2;
0, 2423; -1.750415, 1.343455, -3.065116; 0, 12, 1, 0; 20708398; 1, 0, 1; 0, 1, 0; 4, 1, 2;
0, 2423; -1.757318, 1.334172, -3.089347; 0, 12, 1, 0; 20837368; 1, 0, 1; 0, 1, 0; 4, 1, 2;
0, 2423; -1.774830, 2.444304, -1.944192; 0, 11, 1, 1; 64418349; 0, 1, 0; 1, 0, 0; 2, 1, 1;
0, 2423; -1.948645, 2.726261, -1.781855; 0, 11, 1, 1; 75585770; 1, 0, 1; 0, 1, 0; 1, 1, 2;
0, 2423; -1.960424, 2.737932, -1.778624; 0, 11, 1, 1; 75587819; 1, 0, 1; 0, 1, 0; 1, 1, 2;
0, 2423; -2.913715, 3.429791, -1.838025; 0, 1, 1, 1; 227935177; 0, 1, 0; 0, 1, 0; 1, 1, 1;
0, 2423; -3.179093, 3.700736, -1.987139; 0, 43, 1, 1; 39707559; 1, 0, 1; 1, 0, 0; 2, 1, 2;
1, 2430; 1.320821, 1.695133, 2.739088; 0, 24, 1, 1; 120159332; 1, 0, 1; 0, 1, 0; 1, 1, 2;
0, 2430; 2.823790, 1.890606, 3.111406; 0, 37, 1, 1; 77867373; 0, 1, 0; 1, 0, 0; 2, 1, 1;
0, 2430; 3.374569, 2.026830, 3.487488 / 3.374961, 2.027299, 3.487574 / 3.374178, 2.026361, 3.487401; 0, 37, 1, 1; 73965337; 2, 1, 1; 0, 2, 1; 4, 1, 1/ 1, 5, 2;
0, 2430; 3.377629, 2.030321, 3.489003; 0, 37, 1, 1; 73965169; 1, 0, 1; 0, 1, 0; 1, 1, 2;
0, 2430; 3.392018, 2.056286, 3.485301; 0, 37, 1, 1; 73844353; 1, 0, 1; 0, 1, 0; 1, 1, 2;
1, 2434; 0.017421, 1.232220, 2.175830; 0, 23, 1, 1; 254847594; 1, 0, 1; 0, 1, 0; 4, 1, 2;
0, 2434; 0.021954, 1.314272, 2.012508 / 0.021994, 1.314293, 2.012556 / 0.021914, 1.314251, 2.012461; 0, 21, 1, 1; 41714671; 2, 1, 1; 1, 1, 0; 1, 1, 1/ 2, 1, 2;
0, 2434; 0.031601, 1.091188, 2.550112; 0, 23, 1, 1; 250492423; 1, 0, 1; 0, 1, 0; 4, 1, 2;
0, 2434; 0.069508, 1.058895, 2.621877; 0, 23, 1, 1; 250390408; 0, 1, 0; 1, 0, 0; 3, 1, 1;
0, 2434; 0.266191, 0.864500, 2.861987; 0, 23, 1, 1; 237245715; 1, 0, 1; 0, 1, 0; 4, 1, 2;
0, 2434; 0.434706, 0.675903, 3.053950; 0, 23, 1, 1; 235306765; 1, 0, 1; 0, 1, 0; 1, 1, 2;
0, 2434; 0.629924, -0.176304, 3.516732; 0, 24, 1, 1; 169875974; 1, 0, 1; 0, 1, 0; 1, 1, 2;
0, 2434; 1.023172, 1.738444, 1.278428; 0, 25, 1, 1; 196709389; 0, 1, 0; 0, 1, 0; 1, 1, 1;
0, 2434; 1.038974, 1.741668, 1.267021; 0, 25, 1, 1; 196711643; 1, 0, 1; 0, 1, 0; 4, 1, 2;
0, 2434; 1.046863, 1.728394, 1.262346 / 1.046998, 1.728753, 1.262569 / 1.046727, 1.728034, 1.262122; 0, 25, 1, 1; 196712318; 2, 1, 1; 1, 1, 0; 3, 1, 2/ 4, 3, 1;
0, 2434; 1.047369, 1.739470, 1.257725; 0, 25, 1, 1; 196712650; 1, 0, 1; 0, 1, 0; 1, 1, 2;
1, 2435; -1.438533, -3.150253, -0.958498; 0, 10, 1, 0; 36548715; 1, 0, 1; 0, 1, 0; 1, 1, 2;
0, 2435; -1.443825, -3.151779, -0.955743; 0, 10, 1, 0; 36548665; 1, 0, 1; 1, 0, 0; 2, 1, 2;
0, 2435; 1.054833, -1.251719, -3.528441 / 1.054855, -1.251681, -3.528436 / 1.054811, -1.251758, -3.528446; 0, 29, 1, 1; 64233996; 2, 1, 1; 2, 0, 0; 3, 1, 1/ 3, 2, 2;
0, 2435; 2.940866, 3.220882, -3.435829; 0, 31, 1, 0; 26056750; 1, 0, 1; 0, 1, 0; 1, 1, 2;
1, 2441; -1.228019, -0.025287, 3.137409; 0, 6, 1, 1; 105842638; 0, 1, 0; 0, 1, 0; 1, 1, 1;
1, 2442; -3.783906, 0.658920, 2.462970; 0, 5, 1, 1; 106429512; 1, 0, 1; 0, 1, 0; 1, 1, 2;
1, 2467; -3.191496, 2.788656, -1.335691; 0, 1, 1, 1; 249198410; 0, 1, 0; 1, 0, 0; 2, 1, 1;
1, 2473; 0.797210, 1.766177, -2.915729; 0, 28, 1, 1; 152668870; 1, 0, 1; 0, 1, 0; 1, 1, 2;
0, 2473; 0.869498, 2.659120, -3.118940; 0, 28, 1, 1; 127448330; 1, 0, 1; 0, 1, 0; 1, 1, 2;
0, 2473; 0.883584, 2.799731, -3.157358 / 0.883666, 2.799902, -3.157358 / 0.883502, 2.799561, -3.157358; 0, 28, 1, 1; 117122551; 2, 1, 1; 2, 0, 0; 2, 1, 2/ 3, 2, 1;
1, 2476; -0.747138, -2.762866, -2.928550; 0, 13, 1, 1; 72153122; 0, 1, 0; 0, 1, 0; 1, 1, 1;
0, 2476; -0.748983, -2.771393, -2.933371; 0, 13, 1, 1; 72153234; 1, 0, 1; 1, 0, 0; 3, 1, 2;
1, 2477; 2.123560, -3.865910, 1.560135; 0, 36, 1, 0; 12565248; 0, 1, 0; 0, 1, 0; 1, 1, 1;
0, 2477; 3.560620, -2.594317, 1.142312; 0, 35, 1, 1; 95508857; 0, 1, 0; 0, 1, 0; 1, 1, 1;
0, 2477; 3.856707, -1.091574, -1.015798; 0, 46, 1, 1; 80757183; 1, 0, 1; 0, 1, 0; 1, 1, 2;
0, 2477; 3.861213, -1.104317, -0.992981; 0, 46, 1, 1; 80753526; 0, 1, 0; 1, 0, 0; 3, 1, 1;
0, 2477; 3.877866, -1.096654, -1.010937; 0, 46, 1, 1; 80756453; 1, 0, 1; 0, 1, 0; 4, 1, 2;
1, 2479; -0.061401, 0.249495, -2.557346; 0, 14, 1, 1; 36853565; 1, 0, 1; 0, 1, 0; 1, 1, 2;
0, 2479; -0.507400, -0.371544, -2.135751; 0, 16, 1, 1; 45789429; 1, 0, 1; 0, 1, 0; 1, 1, 2;
0, 2479; -0.561301, -0.837218, -1.594378; 0, 16, 1, 1; 52147625; 1, 0, 1; 0, 1, 0; 4, 1, 2;
0, 2479; 0.093519, 0.616109, -2.365747; 0, 16, 1, 0; 10794385; 1, 0, 1; 1, 0, 0; 2, 1, 2;
1, 2481; 2.737965, 1.825607, 2.779056; 0, 37, 1, 1; 78448028; 1, 0, 1; 0, 1, 0; 1, 1, 2;
1, 2493; -2.975778, -0.882275, 3.363144 / -2.975589, -0.881793, 3.363237 / -2.975967, -0.882757, 3.363051; 0, 5, 1, 1; 58645479; 1, 0, 2; 1, 1, 0; 2, 1, 2/ 1, 2, 2;
0, 2493; -3.138599, -1.121965, 3.671393; 0, 40, 1, 1; 61422956; 1, 0, 1; 0, 1, 0; 1, 1, 2;
0, 2493; -3.192862, -1.218854, 3.778815; 0, 40, 1, 1; 60886003; 1, 0, 1; 0, 1, 0; 4, 1, 2;
1, 2503; -0.960959, 0.360223, 3.512565; 0, 6, 1, 1; 87354241; 1, 0, 1; 1, 0, 0; 2, 1, 2;
0, 2503; -1.877658, 2.157780, 2.308338; 0, 6, 1, 0; 39474577; 1, 0, 1; 0, 1, 0; 1, 1, 2;
1, 2507; 0.392024, -0.501567, 2.616613; 0, 23, 1, 1; 199885314; 0, 1, 0; 0, 1, 0; 1, 1, 1;
1, 2518; -0.037284, -2.728875, 2.560953; 0, 23, 1, 1; 131405521; 1, 0, 1; 1, 0, 0; 2, 1, 2;
0, 2518; 1.585559, -3.411495, 2.434621; 0, 25, 1, 0; 13594488; 0, 1, 0; 0, 1, 0; 4, 1, 1;
1, 2519; -3.256262, -0.272929, 0.702224; 0, 4, 1, 0; 50370741; 0, 1, 0; 1, 0, 0; 2, 1, 1;
0, 2519; -3.800309, -0.105684, -0.022821; 0, 3, 1, 0; 37504126; 1, 0, 1; 0, 1, 0; 4, 1, 2;
1, 2523; 3.417504, 0.927391, -0.853467; 0, 33, 1, 1; 122390989; 1, 0, 1; 0, 1, 0; 4, 1, 2;
0, 2523; 3.465229, 0.812089, -0.571340; 0, 33, 1, 1; 107205896; 0, 1, 0; 0, 1, 0; 1, 1, 1;
1, 2539; 1.545715, -2.497020, -3.778183; 0, 29, 1, 1; 102175949; 1, 0, 1; 0, 1, 0; 1, 1, 2;
1, 2547; -2.666670, -3.258133, 1.902651 / -2.666221, -3.257272, 1.902927 / -2.667119, -3.258993, 1.902376; 0, 4, 1, 1; 146850893; 2, 1, 2; 1, 2, 1; 1, 1, 1/ 3, 6, 2/ 4, 6, 2;
0, 2547; -2.669166, -3.260952, 1.904210; 0, 4, 1, 1; 146851125; 1, 0, 1; 0, 1, 0; 4, 1, 2;
0, 2547; -2.669328, -3.260107, 1.902411; 0, 4, 1, 1; 146851051; 0, 1, 0; 0, 1, 0; 1, 1, 1;
0, 2547; -2.683208, -3.267666, 1.894414; 0, 4, 1, 1; 146850072; 1, 0, 1; 0, 1, 0; 4, 1, 2;
1, 2551; 1.458911, 0.994404, -3.451992; 0, 28, 1, 1; 173641933; 1, 0, 1; 0, 1, 0; 4, 1, 2;
0, 2551; 1.472536, 0.993898, -3.465703; 0, 28, 1, 1; 173643918; 1, 0, 1; 0, 1, 0; 1, 1, 2;
0, 2551; 1.475632, 0.995826, -3.462236; 0, 28, 1, 1; 173643630; 1, 0, 1; 0, 1, 0; 1, 1, 2;
1, 2554; 2.029305, 3.221358, -2.220353; 0, 28, 1, 1; 84738958; 0, 1, 0; 0, 1, 0; 4, 1, 1;
0, 2554; 2.032448, 3.241232, -2.234511; 0, 28, 1, 1; 84737241; 0, 1, 0; 1, 0, 0; 3, 1, 1;
1, 2556; 2.456964, 3.145869, 2.624433; 0, 38, 1, 0; 8828285; 0, 1, 0; 0, 1, 0; 1, 1, 1;
0, 2556; 3.860053, 2.377116, 2.564038; 0, 45, 1, 1; 45366417; 0, 1, 0; 0, 1, 0; 1, 1, 1;
1, 2564; -0.129624, -1.895233, -1.782878; 0, 16, 1, 1; 87766811; 1, 0, 1; 0, 1, 0; 1, 1, 2;
0, 2564; -0.135647, -1.896048, -1.782403; 0, 16, 1, 1; 87765687; 0, 1, 0; 1, 0, 0; 3, 1, 1;
0, 2564; -0.154708, -1.904065, -1.762353; 0, 16, 1, 1; 87762926; 0, 1, 0; 1, 0, 0; 3, 1, 1;
0, 2564; 0.144275, -1.768976, -1.784103; 0, 16, 1, 1; 79186876; 1, 0, 1; 0, 1, 0; 4, 1, 2;
1, 2565; 1.221113, 3.335062, 2.760455; 0, 24, 1, 0; 66205257; 0, 1, 0; 0, 1, 0; 1, 1, 1;
0, 2565; 1.221293, 3.338467, 2.760224; 0, 24, 1, 0; 66205094; 1, 0, 1; 0, 1, 0; 4, 1, 2;
0, 2565; 1.223578, 3.324902, 2.761826; 0, 24, 1, 0; 66205452; 0, 1, 0; 0, 1, 0; 4, 1, 1;
1, 2573; -0.519806, 0.837723, -1.906294; 0, 16, 1, 0; 8804991; 0, 1, 0; 0, 1, 0; 4, 1, 1;
0, 2573; -0.521164, 0.837651, -1.908313 / -0.520615, 0.837779, -1.907992 / -0.521713, 0.837522, -1.908633; 0, 16, 1, 0; 8805067; 1, 0, 2; 2, 0, 0; 3, 1, 2/ 2, 4, 2;
0, 2573; -0.786410, 0.377280, -2.342882; 0, 16, 1, 0; 12830202; 0, 1, 0; 0, 1, 0; 1, 1, 1;
0, 2573; -0.823135, 0.339439, -2.381525; 0, 16, 1, 0; 12956373; 1, 0, 1; 0, 1, 0; 1, 1, 2;
0, 2573; -0.823723, 0.345002, -2.374754; 0, 16, 1, 0; 12956350; 1, 0, 1; 0, 1, 0; 1, 1, 2;
0, 2573; -0.826831, 0.343726, -2.375526; 0, 16, 1, 0; 12957396; 1, 0, 1; 0, 1, 0; 4, 1, 2;
1, 2576; -1.950443, -2.725289, 0.694359; 0, 7, 1, 1; 69141920; 0, 1, 0; 0, 1, 0; 4, 1, 1;
0, 2576; -2.143765, -2.137410, 0.529224; 0, 9, 1, 1; 119175173; 1, 0, 1; 0, 1, 0; 4, 1, 2;
0, 2576; -2.144189, -2.135399, 0.527812; 0, 9, 1, 1; 119175090; 1, 0, 1; 0, 1, 0; 1, 1, 2;
1, 2584; 2.933270, 2.502231, -3.489974 / 2.933391, 2.502471, -3.489961 / 2.933149, 2.501990, -3.489986; 0, 31, 1, 0; 8011894; 2, 1, 1; 0, 2, 0; 1, 1, 2/ 1, 2, 1;
0, 2584; 3.457701, 1.998982, -3.583086; 0, 30, 1, 1; 142124547; 1, 0, 1; 1, 0, 0; 3, 1, 2;
0, 2584; 3.639742, 2.012928, -3.742311; 0, 45, 1, 1; 55730957; 1, 0, 1; 0, 1, 0; 4, 1, 2;
0, 2584; 3.639924, 2.013070, -3.741872; 0, 45, 1, 1; 55730882; 0, 1, 0; 0, 1, 0; 1, 1, 1;
1, 2598; -0.239163, -2.801753, -0.369465; 0, 17, 1, 1; 83355512; 1, 0, 1; 0, 1, 0; 1, 1, 2;
0, 2598; 0.107703, -2.897405, -1.364394; 0, 17, 1, 0; 17713903; 1, 0, 1; 0, 1, 0; 1, 1, 2;
0, 2598; 0.110201, -2.897107, -1.360289; 0, 17, 1, 0; 17715018; 1, 0, 1; 0, 1, 0; 1, 1, 2;
0, 2598; 0.113917, -2.903720, -1.360189 / 0.114500, -2.902994, -1.360070 / 0.113333, -2.904446, -1.360308; 0, 17, 1, 0; 17714989; 2, 2, 1; 1, 2, 0; 4, 1, 2/ 4, 2, 1/ 3, 5, 1;
0, 2598; 0.167436, -2.889466, -1.390210; 0, 17, 1, 0; 17741589; 1, 0, 1; 0, 1, 0; 4, 1, 2;
1, 2603; -2.778918, -1.734025, -1.934231; 0, 2, 1, 1; 120840680; 0, 1, 0; 1, 0, 0; 3, 1, 1;
1, 2615; -0.320458, 0.694095, 1.403542 / -0.320143, 0.694247, 1.403871 / -0.320773, 0.693942, 1.403214; 0, 22, 1, 0; 12354095; 2, 1, 1; 0, 2, 0; 4, 1, 2/ 4, 2, 1;
0, 2615; 1.530117, -0.090722, 0.067885; 0, 26, 1, 1; 151503827; 0, 1, 0; 0, 1, 0; 4, 1, 1;
0, 2615; 2.228526, -0.334045, -0.514202; 0, 33, 1, 1; 78139268; 1, 0, 1; 0, 1, 0; 1, 1, 2;
1, 2623; 3.860523, 2.956983, 1.719171; 0, 45, 1, 1; 26294073; 0, 1, 0; 0, 1, 0; 4, 1, 1;
1, 2624; 2.492120, -1.235296, 2.820494; 0, 36, 1, 1; 90413904; 1, 0, 1; 0, 1, 0; 4, 1, 2;
0, 2624; 2.818063, -1.424393, 2.463467; 0, 36, 1, 1; 92029133; 1, 0, 1; 0, 1, 0; 1, 1, 2;
0, 2624; 3.054679, -1.574327, 2.195119; 0, 36, 1, 1; 80818690; 0, 1, 0; 0, 1, 0; 1, 1, 1;
0, 2624; 3.399752, -1.774010, 1.825839; 0, 35, 1, 1; 66953122; 0, 1, 0; 1, 0, 0; 3, 1, 1;
0, 2624; 3.401889, -1.775538, 1.823899 / 3.402367, -1.775121, 1.824727 / 3.401412, -1.775956, 1.823070; 0, 35, 1, 1; 66953049; 2, 1, 3; 1, 3, 1; 4, 1, 2/ 4, 3, 2/ 3, 7, 2/ 1, 9, 1;
1, 2634; -2.122141, -0.639407, 2.004962; 0, 7, 1, 1; 136091892; 1, 0, 1; 1, 0, 0; 3, 1, 2;
0, 2634; -3.873515, 0.017093, 1.334372; 0, 4, 1, 0; 44255162; 0, 1, 0; 0, 1, 0; 4, 1, 1;
1, 2638; -3.785610, 3.342283, -0.260793; 0, 3, 1, 1; 145791272; 0, 1, 0; 0, 1, 0; 4, 1, 1;
1, 2649; -3.671850, -3.247858, 0.988501; 0, 4, 1, 1; 141371352; 1, 0, 1; 1, 0, 0; 2, 1, 2;
1, 2650; 1.392215, 3.189358, 1.636954; 0, 26, 1, 0; 27983749; 1, 0, 1; 0, 1, 0; 1, 1, 2;
1, 2651; 3.514768, 0.794709, 1.979273; 0, 34, 1, 1; 135629980; 1, 0, 1; 1, 0, 0; 3, 1, 2;
1, 2655; 1.671348, -3.487450, -3.795076 / 1.671772, -3.487201, -3.793741 / 1.670923, -3.487698, -3.796411; 0, 29, 1, 1; 121060554; 1, 0, 2; 1, 1, 0; 2, 1, 2/ 1, 9, 2;
1, 2657; -2.745106, 3.574557, -3.459590 / -2.744856, 3.575671, -3.458744 / -2.745356, 3.573444, -3.460436; 0, 1, 1, 1; 222482979; 1, 0, 2; 1, 1, 0; 4, 1, 2/ 3, 8, 2;
0, 2657; -3.083622, 3.497475, -3.515734; 0, 1, 1, 1; 220216789; 1, 0, 1; 0, 1, 0; 4, 1, 2;
1, 2666; -2.264178, -3.412741, 1.826552; 0, 7, 1, 0; 49601869; 0, 1, 0; 0, 1, 0; 1, 1, 1;
0, 2666; -2.328437, -3.359871, 1.661179; 0, 7, 1, 0; 49129628; 1, 0, 1; 0, 1, 0; 1, 1, 2;
0, 2666; -2.330601, -3.359862, 1.665442; 0, 7, 1, 0; 49128513; 1, 0, 1; 0, 1, 0; 1, 1, 2;
0, 2666; -2.332018, -3.359751, 1.660960; 0, 7, 1, 0; 49129639; 1, 0, 1; 0, 1, 0; 1, 1, 2;
1, 2669; -2.244838, -1.544443, 0.401519; 0, 9, 1, 1; 101182568; 1, 0, 1; 0, 1, 0; 1, 1, 2;
0, 2669; -3.067081, -1.876679, 0.195952; 0, 2, 1, 1; 245661294; 1, 0, 1; 1, 0, 0; 2, 1, 2;
0, 2669; -3.069836, -1.878142, 0.196372; 0, 2, 1, 1; 245661361; 0, 1, 0; 0, 1, 0; 1, 1, 1;
1, 2672; 3.635227, 1.545543, 1.654744; 0, 46, 1, 0; 1058164; 1, 0, 1; 1, 0, 0; 2, 1, 2;
1, 2673; -0.475436, 1.390982, -2.067533; 0, 15, 1, 1; 97840423; 1, 0, 1; 0, 1, 0; 4, 1, 2;
0, 2673; 0.084112, 3.401809, -1.971901; 0, 15, 1, 1; 31033191; 1, 0, 1; 0, 1, 0; 4, 1, 2;
1, 2677; 3.666040, -2.027663, -1.620230; 0, 46, 1, 1; 104970907; 1, 0, 1; 0, 1, 0; 4, 1, 2;
1, 2682; -1.382625, 1.087897, -1.474884 / -1.382218, 1.088836, -1.474163 / -1.383031, 1.086959, -1.475605; 0, 11, 1, 0; 18279391; 2, 1, 1; 0, 2, 1; 4, 1, 1/ 1, 9, 2;
0, 2682; -1.397992, 1.087849, -1.464822; 0, 11, 1, 0; 18276886; 0, 1, 0; 1, 0, 0; 3, 1, 1;
0, 2682; -1.766754, 1.091338, -1.378731; 0, 11, 1, 0; 19376100; 1, 0, 1; 0, 1, 0; 4, 1, 2;
0, 2682; -2.025437, 0.795161, 1.738949 / -2.025293, 0.795647, 1.738969 / -2.025581, 0.794675, 1.738930; 0, 8, 1, 0; 7395132; 2, 1, 1; 2, 0, 0; 3, 1, 2/ 2, 2, 1;
0, 2682; -2.032747, 0.826798, 1.398122; 0, 8, 1, 0; 7724106; 1, 0, 1; 0, 1, 0; 1, 1, 2;
0, 2682; -2.243766, 1.181815, 0.106694; 0, 9, 1, 0; 14783201; 0, 1, 0; 0, 1, 0; 1, 1, 1;
0, 2682; -2.255812, 1.163591, 0.402420; 0, 9, 1, 0; 11541317; 1, 0, 1; 0, 1, 0; 1, 1, 2;
1, 2685; 3.263789, -0.045152, -1.361989; 0, 32, 1, 0; 4322160; 0, 1, 0; 0, 1, 0; 4, 1, 1;
0, 2685; 3.270404, -0.041374, -1.362138; 0, 32, 1, 0; 4322333; 1, 0, 1; 0, 1, 0; 4, 1, 2;
0, 2685; 3.272074, -0.042729, -1.362797; 0, 32, 1, 0; 4322264; 1, 0, 1; 0, 1, 0; 1, 1, 2;
0, 2685; 3.276130, -0.037002, -1.365637; 0, 32, 1, 0; 4322227; 1, 0, 1; 0, 1, 0; 1, 1, 2;
1, 2687; -3.249653, 2.600566, 2.635852; 0, 5, 1, 1; 156795756; 1, 0, 1; 0, 1, 0; 1, 1, 2;
0, 2687; -3.332761, 2.353845, 2.580472; 0, 5, 1, 1; 145808171; 1, 0, 1; 0, 1, 0; 4, 1, 2;
1, 2688; -1.129311, 2.940115, 0.749504 / -1.129197, 2.940148, 0.750057 / -1.129424, 2.940082, 0.748952; 0, 8, 1, 1; 69650907; 1, 0, 2; 0, 2, 1; 1, 1, 2/ 4, 2, 2;
0, 2688; -1.404233, 2.657236, 1.055196 / -1.403398, 2.657600, 1.055217 / -1.405069, 2.656871, 1.055175; 0, 8, 1, 1; 65569060; 2, 2, 1; 1, 2, 0; 3, 1, 1/ 1, 6, 1/ 1, 7, 2;
0, 2688; -1.461486, 2.587549, 1.602762; 0, 8, 1, 1; 65098554; 1, 0, 1; 0, 1, 0; 1, 1, 2;
0, 2688; -1.754059, 2.578688, 1.698912 / -1.753927, 2.578820, 1.699005 / -1.754191, 2.578556, 1.698820; 0, 8, 1, 1; 64043559; 0, 2, 0; 1, 1, 0; 3, 1, 1/ 4, 1, 1;
0, 2688; -2.076912, 2.743076, 1.597113; 0, 8, 1, 1; 74849956; 1, 0, 1; 0, 1, 0; 1, 1, 2;
1, 2694; -0.111864, -0.094772, 3.758823; 0, 39, 1, 1; 52467064; 1, 0, 1; 0, 1, 0; 4, 1, 2;
1, 2696; 0.033129, -0.881517, -0.181995 / 0.033224, -0.881096, -0.181565 / 0.033033, -0.881939, -0.182426; 0, 18, 1, 1; 64412937; 0, 2, 0; 0, 2, 1; 4, 1, 1/ 1, 4, 1;
0, 2696; 0.112198, -0.938629, -0.177988; 0, 18, 1, 1; 51533576; 1, 0, 1; 0, 1, 0; 1, 1, 2;
0, 2696; 0.193874, -0.977116, -0.243633; 0, 18, 1, 1; 51639404; 1, 0, 1; 1, 0, 0; 3, 1, 2;
0, 2696; 0.470931, -0.199861, -0.207693; 0, 19, 1, 0; 2980843; 1, 0, 1; 1, 0, 0; 2, 1, 2;
1, 2699; -2.301760, -3.211442, -1.369842; 0, 10, 1, 0; 40753422; 1, 0, 1; 0, 1, 0; 1, 1, 2;
1, 2706; -3.049651, -2.035135, 0.699546; 0, 4, 1, 1; 104289754; 1, 0, 1; 0, 1, 0; 1, 1, 2;
0, 2706; -3.051458, -2.031184, 0.701833; 0, 4, 1, 1; 104289666; 1, 0, 1; 0, 1, 0; 4, 1, 2;
1, 2713; 1.255250, -0.238519, 1.690339 / 1.256416, -0.238075, 1.690640 / 1.254084, -0.238964, 1.690038; 0, 25, 1, 1; 140612495; 0, 2, 0; 0, 2, 0; 1, 1, 1/ 1, 8, 1;
1, 2715; -2.315924, 3.872497, -0.990045; 0, 43, 1, 1; 18040964; 1, 0, 1; 0, 1, 0; 1, 1, 2;
1, 2716; -2.301580, 1.755350, 1.141081; 0, 8, 1, 0; 40356979; 0, 1, 0; 0, 1, 0; 1, 1, 1;
1, 2720; 0.385880, -0.738536, -0.636523; 0, 18, 1, 1; 65219981; 1, 0, 1; 1, 0, 0; 2, 1, 2;
1, 2727; 0.152661, -3.277236, 1.518298 / 0.152697, -3.276481, 1.518416 / 0.152626, -3.277991, 1.518180; 0, 23, 1, 0; 79545777; 1, 0, 2; 1, 1, 0; 2, 1, 2/ 4, 4, 2;
0, 2727; 3.688074, -0.664460, 2.758430; 0, 46, 1, 1; 74304113; 1, 0, 1; 1, 0, 0; 3, 1, 2;
1, 2730; 1.324125, 2.726083, 2.734508; 0, 24, 1, 0; 84229714; 0, 1, 0; 1, 0, 0; 3, 1, 1;
0, 2730; 2.188905, 1.179197, 2.609677; 0, 37, 1, 1; 47201144; 1, 0, 1; 0, 1, 0; 4, 1, 2;
0, 2730; 2.631464, 0.359668, 2.908594; 0, 37, 1, 1; 31554514; 0, 1, 0; 1, 0, 0; 2, 1, 1;
1, 2731; 0.153177, -2.591072, -0.511554; 0, 18, 1, 0; 10543166; 1, 0, 1; 0, 1, 0; 4, 1, 2;
1, 2733; -0.574403, 2.014256, -3.779630 / -0.573828, 2.014660, -3.779276 / -0.574978, 2.013853, -3.779984; 0, 14, 1, 1; 92816604; 2, 1, 1; 1, 1, 0; 4, 1, 1/ 3, 5, 2;
0, 2733; -0.979605, 3.362745, -2.296312; 0, 11, 1, 1; 88809147; 1, 0, 1; 0, 1, 0; 4, 1, 2;
0, 2733; -1.007035, 3.111608, -2.292689; 0, 11, 1, 1; 85417997; 0, 1, 0; 1, 0, 0; 3, 1, 1;
0, 2733; -1.008751, 3.196587, -2.300079; 0, 11, 1, 1; 85578698; 1, 0, 1; 0, 1, 0; 1, 1, 2;
0, 2733; -1.078121, 2.949006, -2.328567; 0, 11, 1, 1; 70709196; 1, 0, 1; 0, 1, 0; 1, 1, 2;
0, 2733; -1.145925, 2.879578, -2.469333; 0, 11, 1, 1; 115753259; 1, 0, 1; 1, 0, 0; 2, 1, 2;
0, 2733; -1.400849, 2.512574, -2.821021; 0, 11, 1, 1; 129680174; 1, 0, 1; 0, 1, 0; 4, 1, 2;
0, 2733; -1.401991, 2.510428, -2.819479; 0, 11, 1, 1; 129680334; 0, 1, 0; 0, 1, 0; 4, 1, 1;
0, 2733; 0.758173, -2.422509, -3.811012; 0, 29, 1, 1; 100823140; 0, 1, 0; 0, 1, 0; 1, 1, 1;
1, 2736; 0.465989, 1.832372, 2.445946; 0, 24, 1, 0; 8983881; 1, 0, 1; 1, 0, 0; 2, 1, 2;
1, 2742; -0.561487, 3.318971, -3.199303; 0, 15, 1, 1; 21930554; 1, 0, 1; 1, 0, 0; 3, 1, 2;
0, 2742; -1.108494, 2.356629, -3.144722; 0, 11, 1, 1; 137209078; 0, 1, 0; 1, 0, 0; 2, 1, 1;
0, 2742; -1.154769, 2.298189, -3.153853; 0, 11, 1, 1; 137452362; 0, 1, 0; 1, 0, 0; 3, 1, 1;
0, 2742; -2.286733, 1.024241, -3.324745; 0, 12, 1, 0; 32094580; 1, 0, 1; 0, 1, 0; 4, 1, 2;
0, 2742; -3.434806, -0.024509, -3.808668; 0, 1, 1, 0; 111264254; 1, 0, 1; 0, 1, 0; 1, 1, 2;
1, 2745; -0.842934, 0.658282, 2.215126; 0, 23, 1, 1; 243561932; 0, 1, 0; 0, 1, 0; 4, 1, 1;
0, 2745; -0.843439, 0.661724, 2.214354; 0, 23, 1, 1; 243561703; 1, 0, 1; 0, 1, 0; 1, 1, 2;
0, 2745; -0.857126, 0.635168, 2.206497; 0, 23, 1, 1; 243691815; 0, 1, 0; 1, 0, 0; 3, 1, 1;
0, 2745; -0.877851, 0.489320, 2.172558; 0, 23, 1, 1; 226023404; 1, 0, 1; 0, 1, 0; 4, 1, 2;
1, 2748; -0.221109, 2.041832, 1.633406; 0, 21, 1, 1; 25013379; 0, 1, 0; 0, 1, 0; 4, 1, 1;
0, 2748; -0.233400, 2.020453, 1.644643; 0, 21, 1, 1; 25011371; 1, 0, 1; 0, 1, 0; 4, 1, 2;
0, 2748; -0.532822, 2.450515, 2.247105; 0, 24, 1, 0; 31166783; 1, 0, 1; 1, 0, 0; 3, 1, 2;
1, 2756; -2.753681, -3.203866, -2.886483; 0, 1, 1, 0; 23850592; 1, 0, 1; 0, 1, 0; 1, 1, 2;
0, 2756; -2.755597, -3.198454, -2.887756; 0, 1, 1, 0; 23850609; 0, 1, 0; 1, 0, 0; 3, 1, 1;
1, 2757; -0.635439, -1.995811, 2.892317; 0, 23, 1, 1; 154556042; 0, 1, 0; 0, 1, 0; 4, 1, 1;
0, 2757; -0.644706, -2.004959, 2.878013; 0, 23, 1, 1; 154558186; 1, 0, 1; 0, 1, 0; 4, 1, 2;
0, 2757; -0.802005, -2.156168, 2.762990; 0, 23, 1, 1; 152785505; 1, 0, 1; 0, 1, 0; 1, 1, 2;
0, 2757; -0.805667, -2.162148, 2.752382 / -0.805494, -2.161928, 2.752814 / -0.805840, -2.162369, 2.751951; 0, 23, 1, 1; 152785209; 0, 2, 0; 0, 2, 1; 4, 1, 1/ 1, 6, 1;
0, 2757; -0.843150, -2.323468, 3.111449; 0, 23, 1, 1; 152481481; 0, 1, 0; 1, 0, 0; 3, 1, 1;
0, 2757; -2.513077, -3.516486, 2.801516; 0, 4, 1, 1; 176138784; 1, 0, 1; 0, 1, 0; 1, 1, 2;
1, 2758; 2.768461, 0.687767, 2.948836; 0, 37, 1, 1; 42300387; 1, 0, 1; 0, 1, 0; 1, 1, 2;
0, 2758; 3.330437, 0.315574, 2.498180 / 3.330866, 0.315711, 2.498546 / 3.330009, 0.315438, 2.497815; 0, 37, 1, 1; 36690374; 2, 1, 1; 0, 2, 0; 1, 1, 2/ 1, 3, 1;
0, 2758; 3.335495, 0.318735, 2.500708 / 3.336675, 0.318760, 2.501013 / 3.334315, 0.318709, 2.500403; 0, 37, 1, 1; 36690541; 2, 1, 1; 1, 1, 0; 3, 1, 1/ 4, 9, 2;
0, 2758; 3.337735, 0.326410, 2.499053; 0, 37, 1, 1; 36690505; 0, 1, 0; 0, 1, 0; 4, 1, 1;
0, 2758; 3.477077, 0.215561, 2.427185; 0, 37, 1, 1; 21167166; 1, 0, 1; 0, 1, 0; 1, 1, 2;
0, 2758; 3.686736, 0.105443, 2.288654; 0, 46, 1, 1; 40761578; 1, 0, 1; 0, 1, 0; 1, 1, 2;
1, 2817; -2.259545, 3.523326, -2.327217; 0, 11, 1, 1; 95911996; 1, 0, 1; 0, 1, 0; 4, 1, 2;
1, 2822; 3.637830, -3.499493, 1.696666; 0, 46, 1, 1; 149712850; 1, 0, 1; 0, 1, 0; 1, 1, 2;
0, 2822; 3.637916, -3.501074, 1.698542; 0, 46, 1, 1; 149712631; 1, 0, 1; 0, 1, 0; 1, 1, 2;
1, 2832; -2.225876, 3.036279, -1.767098; 0, 11, 1, 1; 79182835; 1, 0, 1; 0, 1, 0; 4, 1, 2;
0, 2832; -2.236680, 3.044927, -1.766968; 0, 11, 1, 1; 79184170; 1, 0, 1; 0, 1, 0; 1, 1, 2;
0, 2832; -2.237436, 3.044038, -1.776822; 0, 11, 1, 1; 79184277; 0, 1, 0; 0, 1, 0; 4, 1, 1;
0, 2832; -2.343747, 2.596815, -1.274202 / -2.343592, 2.596831, -1.273524 / -2.343902, 2.596799, -1.274880; 0, 11, 1, 1; 61395487; 1, 0, 2; 1, 1, 0; 3, 1, 2/ 4, 5, 2;
0, 2832; -2.430521, 2.653752, -1.331194; 0, 1, 1, 1; 253806977; 1, 0, 1; 0, 1, 0; 4, 1, 2;
0, 2832; -2.636488, 3.371390, -2.493006; 0, 1, 1, 1; 224854721; 1, 0, 1; 0, 1, 0; 1, 1, 2;
0, 2832; -2.638237, 3.369752, -2.504156; 0, 1, 1, 1; 224853437; 1, 0, 1; 0, 1, 0; 4, 1, 2;
0, 2832; -3.078624, 3.531165, -3.150757; 0, 1, 1, 1; 220455011; 0, 1, 0; 0, 1, 0; 1, 1, 1;
1, 2834; 1.444187, 0.101548, 2.184734; 0, 24, 1, 1; 161370147; 1, 0, 1; 0, 1, 0; 4, 1, 2;
1, 2836; -0.221139, 1.266868, -3.131436; 0, 14, 1, 1; 73649484; 1, 0, 1; 1, 0, 0; 2, 1, 2;
1, 2840; 1.141365, -0.839403, -1.066252; 0, 27, 1, 1; 159725124; 1, 0, 1; 0, 1, 0; 4, 1, 2;
0, 2840; 1.217789, -1.004023, -1.087952; 0, 27, 1, 1; 148977582; 0, 1, 0; 0, 1, 0; 4, 1, 1;
0, 2840; 1.218157, -1.006486, -1.071557; 0, 27, 1, 1; 148975176; 0, 1, 0; 1, 0, 0; 2, 1, 1;
0, 2840; 1.221116, -0.988897, -1.056703; 0, 27, 1, 1; 148973066; 1, 0, 1; 0, 1, 0; 4, 1, 2;
0, 2840; 1.251938, -0.838047, -1.026358; 0, 27, 1, 1; 156450087; 1, 0, 1; 0, 1, 0; 4, 1, 2;
0, 2840; 1.268097, -0.828871, -1.021022; 0, 27, 1, 1; 156450915; 1, 0, 1; 0, 1, 0; 1, 1, 2;
0, 2840; 1.450313, -0.668508, -0.988114; 0, 27, 1, 1; 156383989; 1, 0, 1; 0, 1, 0; 4, 1, 2;
0, 2840; 1.552270, -0.419477, -0.972772; 0, 27, 1, 1; 167233175; 0, 1, 0; 1, 0, 0; 2, 1, 1;
0, 2840; 1.555075, -0.420300, -0.969103 / 1.555974, -0.420195, -0.968845 / 1.554176, -0.420404, -0.969360; 0, 27, 1, 1; 167233253; 2, 1, 1; 1, 1, 0; 3, 1, 1/ 1, 7, 2;
0, 2840; 3.507036, -1.102976, -1.086098; 0, 32, 1, 0; 26375549; 1, 0, 1; 0, 1, 0; 1, 1, 2;
0, 2840; 3.531389, -1.103481, -1.086499 / 3.531493, -1.103240, -1.086471 / 3.531285, -1.103723, -1.086528; 0, 32, 1, 0; 26371946; 2, 1, 1; 0, 2, 0; 4, 1, 2/ 4, 2, 1;
1, 2841; 1.521849, 3.702349, 0.197467; 0, 42, 1, 1; 42793252; 1, 0, 1; 0, 1, 0; 4, 1, 2;
0, 2841; 1.524157, 3.701476, 0.195821; 0, 42, 1, 1; 42793027; 0, 1, 0; 1, 0, 0; 3, 1, 1;
0, 2841; 1.902612, 3.823338, 0.254686; 0, 42, 1, 1; 42188165; 1, 0, 1; 0, 1, 0; 1, 1, 2;
1, 2850; 3.191826, 3.193283, -0.456987; 0, 34, 1, 0; 37344860; 1, 0, 1; 1, 0, 0; 2, 1, 2;
0, 2850; 3.392107, 3.824862, -0.544388; 0, 42, 1, 1; 59185010; 0, 1, 0; 1, 0, 0; 2, 1, 1;
1, 2852; 1.385439, 2.953523, -0.804026; 0, 26, 1, 1; 66987385; 1, 0, 1; 0, 1, 0; 1, 1, 2;
1, 2854; -2.678597, -3.109625, -1.042718; 0, 2, 1, 1; 167331409; 1, 0, 1; 0, 1, 0; 1, 1, 2;
1, 2860; 0.673578, 3.658644, -3.389172; 0, 44, 1, 1; 39455297; 1, 0, 1; 0, 1, 0; 4, 1, 2;
0, 2860; 0.732638, 3.573202, -3.507946; 0, 28, 1, 1; 102259525; 1, 0, 1; 0, 1, 0; 4, 1, 2;
1, 2866; -0.867846, -2.360796, 1.599173; 0, 23, 1, 0; 49290828; 1, 0, 1; 0, 1, 0; 1, 1, 2;
0, 2866; -0.871035, -2.354452, 1.599901; 0, 23, 1, 0; 49290983; 1, 0, 1; 1, 0, 0; 2, 1, 2;
0, 2866; -0.871089, -2.356727, 1.595358; 0, 23, 1, 0; 49289938; 1, 0, 1; 0, 1, 0; 1, 1, 2;
0, 2866; -0.872927, -2.355371, 1.594724; 0, 23, 1, 0; 49289866; 1, 0, 1; 0, 1, 0; 4, 1, 2;
1, 2874; 3.113003, -3.801823, -3.740103; 0, 29, 1, 1; 145517474; 1, 0, 1; 1, 0, 0; 2, 1, 2;
1, 2876; 1.605604, -3.344888, 1.322406; 0, 25, 1, 0; 43613680; 1, 0, 1; 0, 1, 0; 1, 1, 2;
0, 2876; 1.610680, -3.655704, 1.473220; 0, 25, 1, 0; 31031461; 1, 0, 1; 1, 0, 0; 2, 1, 2;
0, 2876; 2.139081, -1.653047, 1.114400; 0, 35, 1, 1; 72319599; 1, 0, 1; 0, 1, 0; 4, 1, 2;
0, 2876; 2.176936, -2.039428, 1.095246; 0, 35, 1, 1; 76173139; 0, 1, 0; 0, 1, 0; 1, 1, 1;
0, 2876; 2.178526, -2.035723, 1.095794; 0, 35, 1, 1; 76173150; 0, 1, 0; 0, 1, 0; 4, 1, 1;
0, 2876; 2.265106, -0.532502, 0.972027 / 2.265271, -0.532429, 0.972310 / 2.264941, -0.532576, 0.971744; 0, 35, 1, 1; 36222707; 2, 1, 1; 1, 1, 0; 3, 1, 1/ 1, 3, 2;
1, 2877; 0.371608, -2.622068, -3.495553; 0, 13, 1, 1; 81200156; 0, 1, 0; 0, 1, 0; 1, 1, 1;
1, 2878; -2.158500, 2.465899, 0.135839; 0, 8, 1, 1; 127684918; 1, 0, 1; 0, 1, 0; 1, 1, 2;
0, 2878; -2.159193, 2.947951, -0.406271; 0, 8, 1, 1; 120020757; 1, 0, 1; 0, 1, 0; 1, 1, 2;
0, 2878; -2.520325, 1.391643, 1.232115; 0, 4, 1, 0; 9647703; 0, 1, 0; 0, 1, 0; 1, 1, 1;
1, 2885; -3.249331, -0.172751, 0.235492; 0, 3, 1, 0; 41586001; 0, 1, 0; 1, 0, 0; 3, 1, 1;
1, 2890; 3.696019, 3.196174, -1.474881; 0, 45, 1, 0; 16835907; 0, 1, 0; 0, 1, 0; 4, 1, 1;
0, 2890; 3.699327, 3.193348, -1.466892; 0, 45, 1, 0; 16836831; 1, 0, 1; 0, 1, 0; 4, 1, 2;
1, 2901; 0.244189, 3.676922, 1.966064; 0, 41, 1, 1; 56401004; 1, 0, 1; 0, 1, 0; 4, 1, 2;
1, 2906; 1.613082, 2.963841, 3.721937; 0, 38, 1, 1; 94373568; 1, 0, 1; 0, 1, 0; 4, 1, 2;
0, 2906; 1.840494, 2.850053, 3.789647; 0, 38, 1, 1; 78439991; 1, 0, 1; 1, 0, 0; 3, 1, 2;
0, 2906; 2.485240, 2.663076, 3.840833; 0, 38, 1, 1; 59797182; 0, 1, 0; 0, 1, 0; 1, 1, 1;
1, 2911; -3.392645, 1.399471, 3.686658; 0, 40, 1, 1; 70456843; 1, 0, 1; 1, 0, 0; 2, 1, 2;
0, 2911; -3.394012, 1.405794, 3.686963; 0, 40, 1, 1; 70457044; 0, 1, 0; 0, 1, 0; 4, 1, 1;
0, 2911; -3.394210, 1.395923, 3.686508; 0, 40, 1, 1; 70456711; 1, 0, 1; 1, 0, 0; 3, 1, 2;
0, 2911; -3.397541, 1.393161, 3.685105; 0, 40, 1, 1; 70456648; 1, 0, 1; 1, 0, 0; 3, 1, 2;
0, 2911; -3.404269, 1.388411, 3.700795; 0, 40, 1, 1; 70458882; 1, 0, 1; 0, 1, 0; 4, 1, 2;
0, 2911; -3.404465, 1.387665, 3.699888 / -3.403934, 1.387980, 3.700142 / -3.404997, 1.387351, 3.699635; 0, 40, 1, 1; 70458804; 2, 1, 1; 1, 1, 0; 2, 1, 1/ 4, 4, 2;
0, 2911; -3.407853, 1.395418, 3.700159; 0, 40, 1, 1; 70458854; 0, 1, 0; 0, 1, 0; 4, 1, 1;
0, 2911; -3.408888, 1.396110, 3.700825 / -3.408148, 1.396232, 3.701204 / -3.409628, 1.395988, 3.700445; 0, 40, 1, 1; 70458696; 1, 0, 2; 0, 2, 1; 4, 1, 2/ 1, 5, 2;
0, 2911; -3.414193, 1.399783, 3.700310; 0, 40, 1, 1; 70458680; 1, 0, 1; 0, 1, 0; 1, 1, 2;
1, 2923; 3.390653, -0.160169, 2.379573; 0, 37, 1, 0; 18056669; 0, 1, 0; 0, 1, 0; 4, 1, 1;
0, 2923; 3.664088, 0.224413, 1.955821; 0, 46, 1, 1; 41210255; 1, 0, 1; 0, 1, 0; 4, 1, 2;
1, 2924; 0.397847, 3.789841, -0.937703; 0, 43, 1, 1; 14823522; 1, 0, 1; 0, 1, 0; 1, 1, 2;
1, 2927; 3.546920, -3.831222, 0.402848 / 3.547159, -3.831019, 0.403571 / 3.546682, -3.831425, 0.402125; 0, 32, 1, 1; 123729662; 1, 0, 2; 1, 1, 0; 4, 1, 2/ 2, 2, 2;
0, 2927; 3.549759, -3.836852, 0.401434; 0, 32, 1, 1; 123729682; 1, 0, 1; 0, 1, 0; 1, 1, 2;
0, 2927; 3.550254, -3.835183, 0.400183 / 3.550528, -3.835159, 0.400188 / 3.549980, -3.835208, 0.400179; 0, 32, 1, 1; 123729754; 0, 2, 0; 1, 1, 0; 1, 1, 1/ 2, 1, 1;
1, 2929; -1.524131, -3.499170, 3.213789 / -1.523517, -3.498718, 3.213959 / -1.524745, -3.499623, 3.213620; 0, 7, 1, 0; 27112845; 0, 3, 0; 1, 2, 1; 1, 1, 1/ 3, 1, 1/ 4, 1, 1;
0, 2929; -1.584519, -2.198133, 2.750900 / -1.584459, -2.198074, 2.750907 / -1.584579, -2.198192, 2.750894; 0, 6, 1, 1; 171252002; 2, 1, 1; 2, 0, 0; 3, 1, 2/ 3, 2, 1;
0, 2929; -1.827930, -0.807265, 2.575884; 0, 6, 1, 1; 128277914; 0, 1, 0; 0, 1, 0; 1, 1, 1;
0, 2929; -3.128379, 1.867717, 2.152188; 0, 5, 1, 1; 139182067; 1, 0, 1; 0, 1, 0; 1, 1, 2;
1, 2947; -0.791065, 2.365933, -0.166094; 0, 19, 1, 1; 67732220; 0, 1, 0; 0, 1, 0; 4, 1, 1;
0, 2947; -1.076374, 2.599041, 0.345427; 0, 8, 1, 1; 129520206; 0, 1, 0; 1, 0, 0; 3, 1, 1;
0, 2947; 0.259833, 1.311262, -3.386208; 0, 14, 1, 1; 71392550; 1, 0, 1; 0, 1, 0; 1, 1, 2;
0, 2947; 0.352930, 1.238184, -3.583044; 0, 14, 1, 1; 70559978; 1, 0, 1; 0, 1, 0; 4, 1, 2;
1, 2948; -1.964170, -2.505390, 2.443064; 0, 7, 1, 0; 641573; 1, 0, 1; 0, 1, 0; 4, 1, 2;
0, 2948; -1.965060, -2.503211, 2.442455; 0, 7, 1, 0; 641493; 1, 0, 1; 1, 0, 0; 2, 1, 2;
1, 2964; 2.037684, 1.553142, -1.348652 / 2.039389, 1.553873, -1.347787 / 2.035979, 1.552410, -1.349517; 0, 28, 1, 0; 33002687; 2, 2, 1; 1, 2, 1; 1, 1, 1/ 2, 1, 1/ 4, 10, 2;
0, 2964; 2.039896, 1.559452, -1.366335; 0, 28, 1, 0; 33005121; 0, 1, 0; 0, 1, 0; 4, 1, 1;
0, 2964; 2.040697, 1.551594, -1.356820 / 2.041399, 1.551717, -1.356279 / 2.039995, 1.551471, -1.357361; 0, 28, 1, 0; 33003881; 2, 2, 1; 1, 2, 1; 1, 1, 1/ 2, 3, 2/ 4, 4, 1;
1, 2967; 3.493426, -3.693567, 3.357379; 0, 36, 1, 1; 24732502; 0, 1, 0; 0, 1, 0; 1, 1, 1;
1, 2968; -2.497823, -1.289858, -3.792886; 0, 1, 1, 0; 79459503; 1, 0, 1; 0, 1, 0; 1, 1, 2;
0, 2968; 2.132339, 3.142215, -0.393007; 0, 34, 1, 1; 43518520; 1, 0, 1; 0, 1, 0; 1, 1, 2;
1, 2971; -2.336138, -3.545127, 1.647512; 0, 7, 1, 0; 49166623; 1, 0, 1; 0, 1, 0; 1, 1, 2;
0, 2971; -2.336851, -3.543421, 1.648680; 0, 7, 1, 0; 49166705; 0, 1, 0; 0, 1, 0; 1, 1, 1;
1, 2974; -1.408000, -1.537692, 2.041047; 0, 7, 1, 1; 107317025; 0, 1, 0; 0, 1, 0; 1, 1, 1;
0, 2974; -2.677754, 0.449954, 2.911359; 0, 5, 1, 1; 97159546; 1, 0, 1; 0, 1, 0; 1, 1, 2;
1, 2976; -0.127921, -1.399807, 3.383798; 0, 23, 1, 1; 176860796; 1, 0, 1; 0, 1, 0; 1, 1, 2;
0, 2976; 2.034073, 0.074445, 3.095000; 0, 24, 1, 1; 167650502; 1, 0, 1; 0, 1, 0; 1, 1, 2;
0, 2976; 2.243975, 0.245777, 3.074753; 0, 37, 1, 1; 27511762; 1, 0, 1; 1, 0, 0; 3, 1, 2;
1, 2979; -0.734336, 3.066885, 3.677941; 0, 39, 1, 1; 75102685; 0, 1, 0; 0, 1, 0; 1, 1, 1;
0, 2979; -0.746184, 3.221161, 3.657787; 0, 39, 1, 1; 75033475; 0, 1, 0; 0, 1, 0; 4, 1, 1;
0, 2979; -2.305901, 2.047951, 3.362144; 0, 6, 1, 0; 49465413; 1, 0, 1; 0, 1, 0; 4, 1, 2;
1, 2983; -0.237537, 3.036439, 1.533317; 0, 20, 1, 1; 55798513; 0, 1, 0; 0, 1, 0; 4, 1, 1;
0, 2983; -1.089225, 3.272167, 1.331701; 0, 8, 1, 1; 85012264; 0, 1, 0; 0, 1, 0; 1, 1, 1;
0, 2983; 0.205100, 2.914405, 1.637644; 0, 21, 1, 0; 2064210; 1, 0, 1; 1, 0, 0; 2, 1, 2;
1, 2987; -0.185781, -3.504553, 1.364978; 0, 23, 1, 0; 86118589; 0, 1, 0; 0, 1, 0; 4, 1, 1;
0, 2987; -0.333552, -2.606111, 0.816352; 0, 23, 1, 0; 55912116; 1, 0, 1; 0, 1, 0; 4, 1, 2;
0, 2987; -0.339534, -2.590703, 0.804821; 0, 23, 1, 0; 55913745; 0, 1, 0; 1, 0, 0; 2, 1, 1;
0, 2987; -0.373899, -2.154976, 0.739709 / -0.373631, -2.154098, 0.740101 / -0.374168, -2.155854, 0.739317; 0, 23, 1, 0; 53413607; 1, 0, 2; 0, 2, 1; 4, 1, 2/ 1, 8, 2;
1, 3002; -0.359164, 0.859328, -2.601514; 0, 14, 1, 1; 57994731; 1, 0, 1; 0, 1, 0; 1, 1, 2;
0, 3002; -0.458315, 0.857642, -2.292186; 0, 16, 1, 0; 9741193; 0, 1, 0; 0, 1, 0; 4, 1, 1;
0, 3002; -1.770360, 0.755416, 1.392284; 0, 8, 1, 0; 9680327; 0, 1, 0; 1, 0, 0; 3, 1, 1;
1, 3020; -1.392837, 2.153296, -3.826271; 0, 11, 1, 1; 140630882; 1, 0, 1; 0, 1, 0; 1, 1, 2;
0, 3020; -1.393811, 2.156629, -3.822745 / -1.393623, 2.157155, -3.822240 / -1.393999, 2.156104, -3.823250; 0, 11, 1, 1; 140630971; 2, 2, 1; 2, 1, 0; 3, 1, 1/ 2, 4, 2/ 1, 5, 1;
1, 3026; -3.215237, -2.056010, -2.671281; 0, 1, 1, 0; 59395140; 1, 0, 1; 0, 1, 0; 1, 1, 2;
1, 3032; -2.777488, -2.328463, 0.439042; 0, 2, 1, 1; 235324374; 0, 1, 0; 0, 1, 0; 4, 1, 1;
0, 3032; -2.778103, -2.326479, 0.432535; 0, 2, 1, 1; 235325578; 1, 0, 1; 0, 1, 0; 4, 1, 2;
0, 3032; -2.781540, -2.314074, 0.406156 / -2.781121, -2.313825, 0.406803 / -2.781958, -2.314323, 0.405510; 0, 2, 1, 1; 235174074; 1, 0, 2; 0, 2, 0; 4, 1, 2/ 4, 4, 2;
0, 3032; -2.789285, -2.305767, 0.402421; 0, 2, 1, 1; 235175237; 1, 0, 1; 0, 1, 0; 4, 1, 2;
0, 3032; -2.907595, -2.305622, 0.458529; 0, 2, 1, 1; 235157126; 1, 0, 1; 0, 1, 0; 4, 1, 2;
0, 3032; -2.910032, -2.304673, 0.461081; 0, 2, 1, 1; 235158023; 1, 0, 1; 0, 1, 0; 4, 1, 2;
0, 3032; -2.913586, -2.306009, 0.456907; 0, 2, 1, 1; 235156970; 1, 0, 1; 0, 1, 0; 1, 1, 2;
0, 3032; -2.915047, -2.300261, 0.457385; 0, 2, 1, 1; 235156951; 0, 1, 0; 1, 0, 0; 3, 1, 1;
0, 3032; -3.058808, -3.848193, 2.241929; 0, 4, 1, 1; 170163956; 1, 0, 1; 0, 1, 0; 4, 1, 2;
0, 3032; -3.199853, -3.676026, 2.082785; 0, 4, 1, 1; 165308780; 0, 1, 0; 0, 1, 0; 1, 1, 1;
0, 3032; -3.212599, -2.004608, 0.215935; 0, 2, 1, 1; 245605293; 0, 1, 0; 0, 1, 0; 1, 1, 1;
0, 3032; -3.278602, -3.531749, 1.989957; 0, 4, 1, 1; 149348284; 1, 0, 1; 0, 1, 0; 4, 1, 2;
0, 3032; -3.520091, -3.091411, 1.736081; 0, 4, 1, 1; 145277396; 0, 1, 0; 0, 1, 0; 1, 1, 1;
1, 3034; 0.366231, -0.546902, 3.502745; 0, 23, 1, 1; 198934136; 0, 1, 0; 0, 1, 0; 4, 1, 1;
0, 3034; 0.638900, -0.563402, 3.369451; 0, 24, 1, 1; 187526131; 1, 0, 1; 0, 1, 0; 1, 1, 2;
0, 3034; 0.639978, 3.491158, 3.165173; 0, 24, 1, 0; 65090067; 0, 1, 0; 1, 0, 0; 2, 1, 1;
0, 3034; 0.641710, -0.558232, 3.372480; 0, 24, 1, 1; 187527187; 1, 0, 1; 0, 1, 0; 4, 1, 2;
0, 3034; 0.684885, -0.498610, 3.446635; 0, 24, 1, 1; 187275670; 0, 1, 0; 1, 0, 0; 2, 1, 1;
0, 3034; 0.685574, -0.494934, 3.452338; 0, 24, 1, 1; 187276781; 1, 0, 1; 0, 1, 0; 1, 1, 2;
0, 3034; 0.823328, -0.661266, 3.510893; 0, 24, 1, 1; 187703463; 1, 0, 1; 0, 1, 0; 1, 1, 2;
1, 3036; 0.836835, 3.672865, -3.430567; 0, 44, 1, 1; 39479924; 1, 0, 1; 0, 1, 0; 1, 1, 2;
1, 3039; 0.826702, -1.876655, 1.658107; 0, 25, 1, 0; 90136395; 0, 1, 0; 1, 0, 0; 3, 1, 1;
0, 3039; 1.851521, -1.894144, 1.138737; 0, 25, 1, 0; 83716889; 1, 0, 1; 0, 1, 0; 1, 1, 2;
0, 3039; 1.855227, -1.895140, 1.140034; 0, 25, 1, 0; 83716821; 1, 0, 1; 0, 1, 0; 1, 1, 2;
1, 3040; -2.454162, -0.513912, -2.906302; 0, 1, 1, 0; 99450283; 0, 1, 0; 0, 1, 0; 4, 1, 1;
0, 3040; -2.560766, -0.544175, -2.922953; 0, 1, 1, 0; 99586170; 0, 1, 0; 0, 1, 0; 4, 1, 1;
0, 3040; -2.577925, -0.548183, -2.928795; 0, 1, 1, 0; 99588551; 1, 0, 1; 0, 1, 0; 1, 1, 2;
0, 3040; -2.608064, -0.548233, -2.942369; 0, 1, 1, 0; 99593077; 1, 0, 1; 0, 1, 0; 4, 1, 2;
1, 3045; 3.147880, 0.328401, -2.662120; 0, 30, 1, 1; 101506323; 0, 1, 0; 1, 0, 0; 3, 1, 1;
1, 3051; -3.226933, -3.477512, 3.847204; 0, 40, 1, 1; 58505202; 1, 0, 1; 0, 1, 0; 1, 1, 2;
0, 3051; -3.383766, -2.797696, 3.704953; 0, 40, 1, 1; 75499281; 1, 0, 1; 0, 1, 0; 1, 1, 2;
1, 3056; -2.173128, 0.542279, 2.249222; 0, 6, 1, 1; 93014897; 1, 0, 1; 0, 1, 0; 1, 1, 2;
0, 3056; 2.153924, 2.837437, -0.054971 / 2.154233, 2.837770, -0.054612 / 2.153615, 2.837104, -0.055331; 0, 34, 1, 0; 26827385; 0, 2, 0; 1, 1, 0; 3, 1, 1/ 1, 2, 1;
0, 3056; 3.537504, 3.849546, -0.757829; 0, 43, 1, 0; 10213569; 1, 0, 1; 1, 0, 0; 3, 1, 2;
1, 3068; -1.099794, 0.516496, -1.821417 / -1.099734, 0.516668, -1.821084 / -1.099855, 0.516324, -1.821751; 0, 10, 1, 1; 142267652; 0, 2, 0; 2, 0, 0; 3, 1, 1/ 3, 3, 1;
1, 3069; -1.732749, -0.204306, 2.920983; 0, 6, 1, 1; 108180969; 1, 0, 1; 1, 0, 0; 2, 1, 2;
0, 3069; -1.733651, -0.205546, 2.924422; 0, 6, 1, 1; 108180898; 1, 0, 1; 0, 1, 0; 4, 1, 2;
0, 3069; -2.325515, 3.225360, 2.287445; 0, 6, 1, 0; 6285343; 1, 0, 1; 1, 0, 0; 2, 1, 2;
1, 3077; 3.317043, -2.195916, 2.575352; 0, 36, 1, 1; 62208162; 0, 1, 0; 0, 1, 0; 4, 1, 1;
0, 3077; 3.679197, -1.563048, 2.310123; 0, 46, 1, 1; 94842592; 1, 0, 1; 0, 1, 0; 4, 1, 2;
0, 3077; 3.679717, -1.565718, 2.303191 / 3.680750, -1.564931, 2.303357 / 3.678684, -1.566505, 2.303026; 0, 46, 1, 1; 94843798; 1, 0, 2; 0, 2, 1; 4, 1, 2/ 1, 10, 2;
1, 3089; 0.686370, -1.823263, -3.062667; 0, 29, 1, 1; 79237377; 0, 1, 0; 1, 0, 0; 2, 1, 1;
1, 3093; 2.778597, 0.061475, 0.725667; 0, 35, 1, 1; 19283466; 0, 1, 0; 0, 1, 0; 4, 1, 1;
0, 3093; 2.801171, 0.330788, 0.624394 / 2.801179, 0.330847, 0.624661 / 2.801162, 0.330730, 0.624128; 0, 35, 1, 0; 3232915; 2, 1, 1; 2, 0, 0; 2, 1, 2/ 3, 1, 1;
0, 3093; 2.804133, 0.326421, 0.642428; 0, 35, 1, 0; 3232337; 0, 1, 0; 0, 1, 0; 4, 1, 1;
0, 3093; 2.804452, 0.326962, 0.641627 / 2.804893, 0.327883, 0.641997 / 2.804011, 0.326041, 0.641258; 0, 35, 1, 0; 3232335; 1, 0, 2; 0, 2, 1; 1, 1, 2/ 4, 2, 2;
0, 3093; 2.825320, 0.201128, 0.637609; 0, 35, 1, 1; 19360238; 0, 1, 0; 0, 1, 0; 4, 1, 1;
0, 3093; 2.826052, 0.201292, 0.637719; 0, 35, 1, 1; 19360317; 1, 0, 1; 0, 1, 0; 1, 1, 2;
0, 3093; 2.830718, 0.060453, 0.676657; 0, 35, 1, 1; 19307539; 0, 1, 0; 0, 1, 0; 1, 1, 1;
0, 3093; 2.832403, 0.056817, 0.673382; 0, 35, 1, 1; 19307294; 1, 0, 1; 0, 1, 0; 1, 1, 2;
0, 3093; 2.851624, 0.354704, 0.664408; 0, 35, 1, 0; 3104700; 1, 0, 1; 0, 1, 0; 1, 1, 2;
0, 3093; 2.885922, 0.376182, 0.655301 / 2.886367, 0.376560, 0.655691 / 2.885477, 0.375804, 0.654912; 0, 35, 1, 0; 3099559; 2, 2, 1; 2, 1, 0; 3, 1, 1/ 2, 3, 1/ 4, 4, 2;
0, 3093; 2.888791, 0.376141, 0.656392; 0, 35, 1, 0; 3099483; 0, 1, 0; 1, 0, 0; 3, 1, 1;
0, 3093; 2.897520, 0.371263, 0.652577; 0, 35, 1, 0; 3098379; 0, 1, 0; 0, 1, 0; 1, 1, 1;
0, 3093; 2.901359, 0.843458, 2.176699; 0, 37, 1, 1; 43000172; 1, 0, 1; 0, 1, 0; 1, 1, 2;
0, 3093; 2.910232, 0.792515, 2.226792; 0, 37, 1, 1; 43102614; 0, 1, 0; 1, 0, 0; 2, 1, 1;
0, 3093; 2.910622, 0.790970, 2.227930; 0, 37, 1, 1; 43102688; 0, 1, 0; 0, 1, 0; 1, 1, 1;
0, 3093; 2.958988, 1.465844, 1.066340; 0, 34, 1, 1; 122046620; 1, 0, 1; 0, 1, 0; 4, 1, 2;
1, 3101; 3.233043, 0.972798, 0.104842; 0, 33, 1, 1; 120849307; 1, 0, 1; 0, 1, 0; 1, 1, 2;
0, 3101; 3.276313, 1.169677, 0.182619; 0, 33, 1, 1; 120608514; 1, 0, 1; 0, 1, 0; 1, 1, 2;
0, 3101; 3.704300, 0.960263, -1.426239; 0, 46, 1, 0; 15351131; 1, 0, 1; 0, 1, 0; 1, 1, 2;
0, 3101; 3.706275, 0.959497, -1.427312; 0, 46, 1, 0; 15350902; 1, 0, 1; 0, 1, 0; 1, 1, 2;
1, 3113; -1.818161, -2.434655, -0.461801; 0, 9, 1, 1; 126002465; 1, 0, 1; 1, 0, 0; 3, 1, 2;
1, 3115; -1.470195, -2.884151, 3.508466; 0, 7, 1, 0; 10754707; 1, 0, 1; 0, 1, 0; 4, 1, 2;
0, 3115; -1.819024, -3.034045, 3.431316; 0, 7, 1, 0; 12241341; 1, 0, 1; 0, 1, 0; 4, 1, 2;
0, 3115; -1.967862, -3.196110, 3.401679; 0, 7, 1, 0; 12346439; 1, 0, 1; 0, 1, 0; 1, 1, 2;
0, 3115; -1.969989, -3.193743, 3.397225; 0, 7, 1, 0; 12346645; 0, 1, 0; 1, 0, 0; 2, 1, 1;
0, 3115; -1.970397, -3.188748, 3.395288 / -1.970351, -3.188724, 3.395322 / -1.970443, -3.188773, 3.395255; 0, 7, 1, 0; 12346665; 2, 1, 1; 1, 1, 0; 1, 1, 1/ 2, 2, 2;
0, 3115; 0.051479, -2.296774, 2.932173; 0, 23, 1, 1; 147422468; 1, 0, 1; 0, 1, 0; 1, 1, 2;
0, 3115; 0.115208, -2.636359, 3.372473; 0, 23, 1, 1; 141349844; 1, 0, 1; 0, 1, 0; 1, 1, 2;
1, 3118; -0.186231, 0.566222, -2.261061; 0, 16, 1, 0; 11931162; 1, 0, 1; 0, 1, 0; 1, 1, 2;
0, 3118; -0.566778, 0.918452, -2.908932; 0, 14, 1, 1; 62609339; 1, 0, 1; 0, 1, 0; 1, 1, 2;
0, 3118; -0.951149, 1.131934, -2.899212; 0, 12, 1, 0; 27128390; 1, 0, 1; 0, 1, 0; 1, 1, 2;
1, 3124; 0.350377, -2.039061, -3.784929; 0, 13, 1, 1; 98841765; 0, 1, 0; 1, 0, 0; 2, 1, 1;
1, 3126; -0.236340, 2.579784, -1.273719; 0, 15, 1, 1; 57793128; 1, 0, 1; 0, 1, 0; 1, 1, 2;
0, 3126; -0.278506, 2.440737, -1.038195; 0, 15, 1, 1; 56139488; 0, 1, 0; 0, 1, 0; 1, 1, 1;
0, 3126; -0.353782, -1.100952, 1.583494; 0, 23, 1, 0; 12690076; 1, 0, 1; 0, 1, 0; 4, 1, 2;
0, 3126; -0.361709, -0.934444, 1.613893; 0, 23, 1, 0; 12634363; 1, 0, 1; 0, 1, 0; 1, 1, 2;
0, 3126; -0.396163, -1.140888, 1.251580; 0, 23, 1, 0; 13897372; 1, 0, 1; 0, 1, 0; 1, 1, 2;
0, 3126; 0.210199, -1.008063, 0.471381; 0, 18, 1, 1; 52468690; 1, 0, 1; 1, 0, 0; 3, 1, 2;
0, 3126; 0.689259, -1.466584, 0.645319; 0, 25, 1, 1; 109434684; 1, 0, 1; 1, 0, 0; 3, 1, 2;
1, 3147; -3.282886, -1.897815, -3.458490; 0, 1, 1, 0; 58252958; 1, 0, 1; 0, 1, 0; 1, 1, 2;
0, 3147; -3.856814, -1.459716, -2.926799; 0, 1, 1, 0; 73407183; 1, 0, 1; 0, 1, 0; 1, 1, 2;
1, 3154; 2.036550, 0.841646, 0.138529; 0, 26, 1, 1; 129013432; 1, 0, 1; 1, 0, 0; 2, 1, 2;
0, 3154; 2.046035, 0.844080, 0.128324; 0, 26, 1, 1; 129012184; 1, 0, 1; 1, 0, 0; 3, 1, 2;
0, 3154; 2.890867, 1.157686, -0.810868; 0, 33, 1, 1; 118467561; 0, 1, 0; 0, 1, 0; 4, 1, 1;
0, 3154; 3.479220, 1.469469, -1.386609; 0, 31, 1, 1; 104065953; 0, 1, 0; 1, 0, 0; 2, 1, 1;
0, 3154; 3.500019, 1.477105, -1.402924; 0, 31, 1, 1; 104069106; 0, 1, 0; 1, 0, 0; 2, 1, 1;
1, 3155; -3.220424, 3.340020, 3.632719; 0, 40, 1, 1; 66956102; 0, 1, 0; 0, 1, 0; 4, 1, 1;
0, 3155; -3.221117, 3.339569, 3.630724; 0, 40, 1, 1; 66956251; 1, 0, 1; 0, 1, 0; 1, 1, 2;
1, 3156; -3.173636, 0.232347, 2.150146 / -3.173526, 0.232365, 2.150383 / -3.173745, 0.232329, 2.149909; 0, 5, 1, 1; 85109992; 1, 0, 2; 1, 1, 0; 2, 1, 2/ 1, 2, 2;
0, 3156; 0.223226, 2.773388, 3.475277 / 0.223278, 2.773401, 3.475490 / 0.223175, 2.773374, 3.475065; 0, 24, 1, 0; 40199580; 2, 1, 1; 2, 0, 0; 2, 1, 2/ 2, 2, 1;
0, 3156; 0.266114, 2.804887, 3.462921; 0, 24, 1, 0; 40079714; 0, 1, 0; 1, 0, 0; 2, 1, 1;
0, 3156; 0.620982, 2.741677, 3.663346; 0, 39, 1, 0; 21205162; 1, 0, 1; 0, 1, 0; 4, 1, 2;
1, 3159; 1.863759, -0.477096, -0.352974; 0, 26, 1, 1; 161465094; 1, 0, 1; 0, 1, 0; 4, 1, 2;
0, 3159; 2.772195, -2.037900, -2.873357 / 2.772232, -2.037892, -2.873266 / 2.772158, -2.037908, -2.873449; 0, 30, 1, 0; 28643524; 2, 1, 1; 1, 1, 0; 3, 1, 1/ 4, 1, 2;
0, 3159; 3.355658, -2.646066, -3.140538; 0, 30, 1, 0; 13887947; 1, 0, 1; 0, 1, 0; 4, 1, 2;
0, 3159; 3.497316, -2.812640, -3.217663; 0, 29, 1, 1; 166576410; 1, 0, 1; 0, 1, 0; 1, 1, 2;
1, 3173; 1.238313, 3.707419, -1.311151; 0, 43, 1, 1; 26593998; 1, 0, 1; 0, 1, 0; 1, 1, 2;
0, 3173; 1.870439, 3.185905, -0.969603 / 1.870679, 3.186250, -0.969327 / 1.870200, 3.185560, -0.969879; 0, 28, 1, 1; 86234045; 0, 2, 0; 1, 1, 0; 3, 1, 1/ 4, 2, 1;
0, 3173; 1.874755, 2.923154, -1.375921; 0, 28, 1, 1; 68934791; 1, 0, 1; 0, 1, 0; 4, 1, 2;
0, 3173; 2.002060, 2.956117, -1.408359; 0, 28, 1, 1; 68789800; 1, 0, 1; 1, 0, 0; 2, 1, 2;
0, 3173; 2.004498, 2.957234, -1.404867; 0, 28, 1, 1; 68789865; 1, 0, 1; 0, 1, 0; 1, 1, 2;
0, 3173; 2.012104, 2.956811, -1.404963; 0, 28, 1, 1; 68791067; 1, 0, 1; 0, 1, 0; 1, 1, 2;
0, 3173; 2.038539, 2.963899, -1.393389 / 2.038574, 2.964140, -1.393356 / 2.038505, 2.963658, -1.393423; 0, 28, 1, 1; 68794529; 2, 1, 1; 1, 1, 0; 1, 1, 2/ 2, 1, 1;
1, 3180; -2.639451, -1.578502, 1.674315; 0, 4, 1, 1; 96287790; 0, 1, 0; 1, 0, 0; 2, 1, 1;
1, 3182; 2.062712, -0.629576, -1.373623; 0, 27, 1, 1; 153000720; 0, 1, 0; 1, 0, 0; 2, 1, 1;
0, 3182; 3.217061, 1.466170, 2.506214; 0, 37, 1, 1; 57991829; 1, 0, 1; 1, 0, 0; 2, 1, 2;
1, 3183; -2.184771, 1.997833, -3.754145; 0, 11, 1, 1; 142825269; 1, 0, 1; 0, 1, 0; 1, 1, 2;
1, 3192; -0.863592, -2.185981, 3.666059; 0, 39, 1, 1; 68704071; 0, 1, 0; 1, 0, 0; 3, 1, 1;
0, 3192; -1.879116, -2.470181, 3.761830; 0, 40, 1, 1; 22096369; 1, 0, 1; 1, 0, 0; 3, 1, 2;
1, 3195; -2.735386, -1.706274, 1.090996; 0, 4, 1, 1; 100195713; 0, 1, 0; 0, 1, 0; 1, 1, 1;
0, 3195; -2.737615, -1.702062, 1.090319 / -2.737336, -1.700448, 1.090412 / -2.737894, -1.703675, 1.090225; 0, 4, 1, 1; 100195914; 2, 1, 2; 3, 0, 0; 3, 1, 1/ 3, 2, 2/ 3, 11, 2;
0, 3195; -2.737737, -1.703879, 1.083549; 0, 4, 1, 1; 100197046; 1, 0, 1; 0, 1, 0; 4, 1, 2;
0, 3195; -2.738057, -1.706826, 1.078434; 0, 4, 1, 1; 100198027; 1, 0, 1; 0, 1, 0; 1, 1, 2;
1, 3199; -3.673131, -1.739410, -1.977772; 0, 2, 1, 1; 121926729; 1, 0, 1; 0, 1, 0; 1, 1, 2;
0, 3199; -3.678920, -1.735409, -1.975694; 0, 2, 1, 1; 121926676; 1, 0, 1; 0, 1, 0; 1, 1, 2;
1, 3201; -0.374055, -1.439900, -0.115620; 0, 18, 1, 1; 42718254; 1, 0, 1; 0, 1, 0; 4, 1, 2;
0, 3201; 1.595797, -2.587318, -1.881433; 0, 27, 1, 1; 100886185; 1, 0, 1; 0, 1, 0; 4, 1, 2;
1, 3210; 0.022541, -0.257269, -3.836800; 0, 14, 1, 1; 31285158; 1, 0, 1; 1, 0, 0; 2, 1, 2;
0, 3210; 0.022814, -0.256768, -3.834302; 0, 14, 1, 1; 31286203; 1, 0, 1; 0, 1, 0; 4, 1, 2;
1, 3217; -0.628671, 0.691439, -3.064287 / -0.628273, 0.691518, -3.063901 / -0.629068, 0.691359, -3.064674; 0, 14, 1, 1; 59149507; 1, 0, 2; 1, 1, 0; 2, 1, 2/ 4, 3, 2;
0, 3217; -0.708279, 0.054106, -2.042785; 0, 16, 1, 0; 27218749; 1, 0, 1; 0, 1, 0; 4, 1, 2;
0, 3217; -0.736703, 0.064091, -1.742243; 0, 16, 1, 0; 23983236; 1, 0, 1; 0, 1, 0; 1, 1, 2;
0, 3217; -0.774273, -0.214447, -2.905287; 0, 14, 1, 1; 25307086; 0, 1, 0; 1, 0, 0; 3, 1, 1;
0, 3217; -0.865926, -0.113654, -1.730387; 0, 16, 1, 0; 34503367; 0, 1, 0; 0, 1, 0; 4, 1, 1;
0, 3217; -0.870744, 0.758743, -0.984116; 0, 16, 1, 0; 2480771; 1, 0, 1; 1, 0, 0; 3, 1, 2;
0, 3217; -0.976215, 0.968336, -2.831394; 0, 12, 1, 0; 27240617; 0, 1, 0; 0, 1, 0; 1, 1, 1;
0, 3217; -1.774498, 2.431540, 0.422654; 0, 8, 1, 1; 130293716; 1, 0, 1; 0, 1, 0; 4, 1, 2;
0, 3217; -1.776015, 2.436003, 0.427505; 0, 8, 1, 1; 130294627; 0, 1, 0; 0, 1, 0; 4, 1, 1;
0, 3217; -1.780598, 2.434883, 0.423277; 0, 8, 1, 1; 130293738; 0, 1, 0; 1, 0, 0; 3, 1, 1;
1, 3226; -3.576225, -3.750466, -0.693165 / -3.575914, -3.750284, -0.692299 / -3.576536, -3.750647, -0.694031; 0, 2, 1, 1; 190399526; 1, 0, 2; 1, 1, 0; 3, 1, 2/ 4, 6, 2;
0, 3226; -3.577983, -3.752010, -0.694288; 0, 2, 1, 1; 190399301; 1, 0, 1; 0, 1, 0; 1, 1, 2;
0, 3226; -3.582549, -3.753881, -0.701486; 0, 2, 1, 1; 190399269; 1, 0, 1; 1, 0, 0; 2, 1, 2;
0, 3226; -3.869301, -3.442537, 0.210944; 0, 2, 1, 1; 203720701; 1, 0, 1; 0, 1, 0; 1, 1, 2;
0, 3226; -3.875176, -3.393060, 0.382761; 0, 2, 1, 1; 203341526; 0, 1, 0; 0, 1, 0; 1, 1, 1;
1, 3249; -0.159700, -0.959553, 1.261379; 0, 23, 1, 0; 14191517; 0, 1, 0; 0, 1, 0; 1, 1, 1;
0, 3249; -0.216612, -0.984206, 1.227573; 0, 23, 1, 0; 14313966; 1, 0, 1; 0, 1, 0; 1, 1, 2;
0, 3249; -0.721272, -1.235436, 1.005164; 0, 23, 1, 0; 20546124; 1, 0, 1; 0, 1, 0; 4, 1, 2;
0, 3249; -0.723205, -1.236765, 1.003145; 0, 23, 1, 0; 20546041; 1, 0, 1; 0, 1, 0; 4, 1, 2;
0, 3249; -2.721392, -2.009236, 0.218151; 0, 2, 1, 1; 246711939; 1, 0, 1; 0, 1, 0; 1, 1, 2;
0, 3249; -2.724535, -2.006902, 0.211636; 0, 2, 1, 1; 246713049; 1, 0, 1; 0, 1, 0; 4, 1, 2;
0, 3249; -3.734875, -2.624474, -0.244929; 0, 2, 1, 1; 223783010; 1, 0, 1; 0, 1, 0; 1, 1, 2;
0, 3249; 0.939955, -0.564696, 1.056702; 0, 25, 1, 1; 130659023; 1, 0, 1; 0, 1, 0; 4, 1, 2;
0, 3249; 2.082533, 1.467073, 1.106057; 0, 25, 1, 1; 189012070; 0, 1, 0; 1, 0, 0; 3, 1, 1;
0, 3249; 2.456899, 1.381423, 1.137649 / 2.457259, 1.381964, 1.137706 / 2.456539, 1.380882, 1.137592; 0, 34, 1, 1; 122593304; 0, 2, 0; 0, 2, 0; 1, 1, 1/ 1, 4, 1;
0, 3249; 2.603374, 1.112072, 1.021683; 0, 34, 1, 1; 127341818; 0, 1, 0; 0, 1, 0; 4, 1, 1;
0, 3249; 2.669867, 0.687243, 0.734007; 0, 35, 1, 0; 843895; 1, 0, 1; 0, 1, 0; 4, 1, 2;
0, 3249; 2.672044, 0.685007, 0.731883; 0, 35, 1, 0; 843967; 0, 1, 0; 0, 1, 0; 1, 1, 1;
1, 3253; 0.338808, 1.398106, -3.440477; 0, 14, 1, 1; 70491028; 0, 1, 0; 1, 0, 0; 2, 1, 1;
1, 3254; 1.539654, -2.520040, -0.405196; 0, 27, 1, 0; 23723732; 1, 0, 1; 1, 0, 0; 2, 1, 2;
1, 3256; -0.188921, 2.422039, 0.628927; 0, 21, 1, 0; 12591826; 1, 0, 1; 0, 1, 0; 1, 1, 2;
0, 3256; -0.189959, 2.424682, 0.632818; 0, 21, 1, 0; 12592043; 1, 0, 1; 0, 1, 0; 4, 1, 2;
1, 3271; -2.257894, 1.901043, 1.007127; 0, 8, 1, 0; 41505030; 1, 0, 1; 0, 1, 0; 4, 1, 2;
0, 3271; -2.259751, 1.895608, 1.012438; 0, 8, 1, 0; 41505066; 1, 0, 1; 0, 1, 0; 4, 1, 2;
1, 3273; 2.821916, -1.087470, -1.701787; 0, 32, 1, 0; 29267779; 1, 0, 1; 0, 1, 0; 1, 1, 2;
0, 3273; 2.836485, -1.087416, -1.697428 / 2.836661, -1.087272, -1.697369 / 2.836309, -1.087561, -1.697487; 0, 32, 1, 0; 29265364; 0, 2, 0; 1, 1, 0; 4, 1, 1/ 3, 2, 1;
1, 3278; -2.298975, -1.113262, 1.099865; 0, 7, 1, 1; 120323261; 0, 1, 0; 1, 0, 0; 2, 1, 1;
1, 3283; -0.277258, -3.865405, 0.388318; 0, 17, 1, 1; 56848928; 1, 0, 1; 0, 1, 0; 1, 1, 2;
0, 3283; -0.277429, -3.871794, 0.384778; 0, 17, 1, 1; 56848827; 1, 0, 1; 0, 1, 0; 1, 1, 2;
0, 3283; -0.283608, -3.866688, 0.383917; 0, 17, 1, 1; 56848792; 1, 0, 1; 1, 0, 0; 2, 1, 2;
0, 3283; -0.510262, -3.686174, 0.339652; 0, 17, 1, 1; 53555280; 1, 0, 1; 0, 1, 0; 1, 1, 2;
0, 3283; -0.512031, -3.684995, 0.337577; 0, 17, 1, 1; 53555196; 1, 0, 1; 0, 1, 0; 1, 1, 2;
0, 3283; -0.658770, -3.658924, 0.396917; 0, 17, 1, 1; 53047449; 1, 0, 1; 0, 1, 0; 4, 1, 2;
0, 3283; -0.659078, -3.660091, 0.397737; 0, 17, 1, 1; 53047523; 1, 0, 1; 0, 1, 0; 4, 1, 2;
0, 3283; -0.799039, -3.636250, 0.440301; 0, 17, 1, 1; 52971236; 1, 0, 1; 0, 1, 0; 4, 1, 2;
0, 3283; -0.917672, -3.628146, 0.455514 / -0.916687, -3.627253, 0.455584 / -0.918658, -3.629040, 0.455444; 0, 10, 1, 0; 7564883; 2, 1, 1; 2, 0, 0; 3, 1, 2/ 2, 9, 1;
0, 3283; -0.925118, -3.630796, 0.456332; 0, 10, 1, 0; 7564915; 1, 0, 1; 1, 0, 0; 3, 1, 2;
0, 3283; -0.989547, -3.709860, 0.464494; 0, 10, 1, 0; 7827561; 1, 0, 1; 1, 0, 0; 2, 1, 2;
1, 3289; -2.332008, 1.922896, 2.940115 / -2.331902, 1.923394, 2.940366 / -2.332114, 1.922399, 2.939865; 0, 6, 1, 0; 45905238; 1, 0, 2; 0, 2, 1; 4, 1, 2/ 1, 2, 2;
0, 3289; -2.341382, 1.934648, 2.930175 / -2.341003, 1.935023, 2.930716 / -2.341761, 1.934272, 2.929633; 0, 6, 1, 0; 45907028; 2, 1, 1; 0, 2, 0; 1, 1, 1/ 1, 3, 2;
0, 3289; -2.345898, 1.939149, 2.925194 / -2.345555, 1.939915, 2.925401 / -2.346240, 1.938383, 2.924987; 0, 6, 1, 0; 45907166; 2, 2, 1; 0, 3, 1; 1, 1, 1/ 1, 2, 2/ 4, 2, 1;
0, 3289; -2.346254, 1.938567, 2.925565 / -2.345937, 1.938768, 2.925970 / -2.346570, 1.938366, 2.925159; 0, 6, 1, 0; 45907168; 2, 1, 1; 0, 2, 1; 4, 1, 1/ 1, 3, 2;
1, 3290; 2.449707, 1.133346, 2.804818; 0, 37, 1, 1; 49497595; 1, 0, 1; 0, 1, 0; 1, 1, 2;
1, 3293; -1.739537, 2.601375, 0.521566; 0, 8, 1, 1; 130156591; 0, 1, 0; 0, 1, 0; 1, 1, 1;
0, 3293; -2.214280, 3.254504, 1.296817 / -2.214205, 3.254978, 1.297520 / -2.214354, 3.254030, 1.296115; 0, 8, 1, 1; 77787381; 2, 1, 1; 1, 1, 0; 2, 1, 2/ 1, 5, 1;
0, 3293; -2.215225, 3.261619, 1.301041; 0, 8, 1, 1; 77787231; 1, 0, 1; 1, 0, 0; 3, 1, 2;
1, 3294; 3.428061, -1.396720, 2.185572; 0, 36, 1, 1; 95146865; 0, 1, 0; 0, 1, 0; 4, 1, 1;
1, 3303; -2.598279, -1.330104, -2.737939; 0, 1, 1, 0; 80340911; 0, 1, 0; 0, 1, 0; 4, 1, 1;
0, 3303; -2.659438, -1.288956, -2.530667; 0, 1, 1, 0; 80929610; 1, 0, 1; 0, 1, 0; 1, 1, 2;
0, 3303; -2.659815, -1.287782, -2.532287; 0, 1, 1, 0; 80929684; 0, 1, 0; 0, 1, 0; 4, 1, 1;
0, 3303; -2.676018, -1.286251, -2.566706 / -2.675331, -1.285968, -2.566448 / -2.676705, -1.286534, -2.566963; 0, 1, 1, 0; 80934353; 1, 0, 3; 2, 1, 0; 3, 1, 2/ 2, 2, 2/ 4, 4, 2;
0, 3303; -2.676292, -1.285567, -2.563327; 0, 1, 1, 0; 80934201; 1, 0, 1; 0, 1, 0; 1, 1, 2;
0, 3303; -2.677913, -1.287886, -2.564919; 0, 1, 1, 0; 80934270; 1, 0, 1; 1, 0, 0; 2, 1, 2;
0, 3303; -3.166481, -1.516513, -3.206323; 0, 1, 1, 0; 67339560; 1, 0, 1; 0, 1, 0; 4, 1, 2;
0, 3303; -3.168051, -1.517557, -3.204568; 0, 1, 1, 0; 67339487; 1, 0, 1; 0, 1, 0; 4, 1, 2;
0, 3303; -3.792557, -1.223710, -2.865153; 0, 1, 1, 0; 73132019; 1, 0, 1; 1, 0, 0; 3, 1, 2;
0, 3303; -3.798721, -1.224312, -2.859532; 0, 1, 1, 0; 73130920; 0, 1, 0; 1, 0, 0; 3, 1, 1;
1, 3314; 0.439647, 0.035504, 3.334345; 0, 23, 1, 1; 217067641; 1, 0, 1; 0, 1, 0; 1, 1, 2;
0, 3314; 1.274624, 0.052656, 3.692675; 0, 39, 1, 0; 5598559; 1, 0, 1; 0, 1, 0; 4, 1, 2;
1, 3315; 2.588202, 3.792794, 0.991631; 0, 42, 1, 0; 19697578; 1, 0, 1; 1, 0, 0; 3, 1, 2;
1, 3318; 1.258373, 2.731153, 3.646129; 0, 39, 1, 0; 2519399; 1, 0, 1; 1, 0, 0; 3, 1, 2;
0, 3318; 1.679348, 1.695972, 1.844418; 0, 25, 1, 1; 193967568; 1, 0, 1; 1, 0, 0; 2, 1, 2;
1, 3319; 1.823975, -0.182438, 2.588027; 0, 24, 1, 1; 175275398; 0, 1, 0; 1, 0, 0; 2, 1, 1;
1, 3326; -0.923088, -0.318914, -0.113295; 0, 9, 1, 1; 60129796; 1, 0, 1; 0, 1, 0; 4, 1, 2;
0, 3326; -0.925155, -0.317612, -0.125637; 0, 9, 1, 1; 60127482; 1, 0, 1; 0, 1, 0; 1, 1, 2;
0, 3326; -0.928200, -0.324387, -0.107435; 0, 9, 1, 1; 60129914; 1, 0, 1; 0, 1, 0; 1, 1, 2;
0, 3326; -0.928388, -0.324772, -0.110307 / -0.927295, -0.324430, -0.109647 / -0.929481, -0.325114, -0.110967; 0, 9, 1, 1; 60129833; 1, 0, 2; 1, 1, 0; 3, 1, 2/ 4, 6, 2;
0, 3326; -0.935941, -0.335845, -0.123543 / -0.935556, -0.335465, -0.123153 / -0.936326, -0.336225, -0.123932; 0, 9, 1, 1; 60128042; 0, 2, 0; 0, 2, 0; 4, 1, 1/ 4, 4, 1;
0, 3326; -0.938541, -0.329804, -0.121481; 0, 9, 1, 1; 60127919; 1, 0, 1; 0, 1, 0; 4, 1, 2;
0, 3326; -3.743894, 1.276531, -2.044170; 0, 2, 1, 0; 31904206; 1, 0, 1; 0, 1, 0; 4, 1, 2;
0, 3326; -3.808457, 1.122894, -2.033111; 0, 2, 1, 0; 35784817; 1, 0, 1; 0, 1, 0; 4, 1, 2;
1, 3334; -3.234609, 1.880001, 0.137093; 0, 3, 1, 1; 103884975; 1, 0, 1; 0, 1, 0; 1, 1, 2;
0, 3334; 1.064097, 0.679669, 2.766396; 0, 24, 1, 1; 147462972; 1, 0, 1; 0, 1, 0; 1, 1, 2;
1, 3335; -1.408916, -1.591352, 0.265295; 0, 9, 1, 1; 99066127; 1, 0, 1; 0, 1, 0; 4, 1, 2;
1, 3342; -3.090325, -3.627657, 2.207681 / -3.089694, -3.627228, 2.208982 / -3.090955, -3.628087, 2.206380; 0, 4, 1, 1; 169950647; 2, 1, 1; 0, 2, 1; 4, 1, 1/ 1, 11, 2;
0, 3342; -3.484714, -3.677214, 3.074402; 0, 4, 1, 1; 168628394; 1, 0, 1; 0, 1, 0; 1, 1, 2;
1, 3344; 2.163218, -3.219702, 3.160872; 0, 36, 1, 1; 35128581; 1, 0, 1; 0, 1, 0; 4, 1, 2;
0, 3344; 2.164336, -3.220441, 3.160733 / 2.164515, -3.220000, 3.160896 / 2.164158, -3.220883, 3.160571; 0, 36, 1, 1; 35128577; 2, 1, 1; 0, 2, 1; 4, 1, 1/ 1, 3, 2;
1, 3345; -3.549962, 2.540609, -2.766195; 0, 1, 1, 1; 195667351; 0, 1, 0; 1, 0, 0; 2, 1, 1;
0, 3345; -3.805548, 2.765212, -2.649357; 0, 1, 1, 1; 199672877; 0, 1, 0; 0, 1, 0; 1, 1, 1;
1, 3369; 2.479734, -0.064143, 2.229389 / 2.479966, -0.062902, 2.229560 / 2.479502, -0.065384, 2.229218; 0, 37, 1, 0; 14213547; 1, 0, 2; 0, 2, 1; 4, 1, 2/ 1, 8, 2;
0, 3369; 2.480329, -0.065877, 2.223351; 0, 37, 1, 0; 14214680; 1, 0, 1; 0, 1, 0; 1, 1, 2;
0, 3369; 3.213105, 0.191415, 3.079572; 0, 37, 1, 1; 22935569; 1, 0, 1; 0, 1, 0; 4, 1, 2;
1, 3377; -0.326394, 0.704997, 3.233023; 0, 23, 1, 1; 241310236; 1, 0, 1; 0, 1, 0; 1, 1, 2;
1, 3390; 2.802293, -0.874983, 1.239026 / 2.802361, -0.874666, 1.239146 / 2.802225, -0.875300, 1.238906; 0, 35, 1, 1; 42833222; 1, 0, 2; 0, 2, 0; 4, 1, 2/ 4, 2, 2;
0, 3390; 2.813084, -0.870800, 1.236855; 0, 35, 1, 1; 42831121; 1, 0, 1; 0, 1, 0; 1, 1, 2;
0, 3390; 2.939407, -0.652909, 1.380535; 0, 35, 1, 1; 42619409; 0, 1, 0; 0, 1, 0; 4, 1, 1;
0, 3390; 2.959277, -0.641885, 1.447895; 0, 35, 1, 1; 42497745; 1, 0, 1; 0, 1, 0; 4, 1, 2;
0, 3390; 3.124308, -0.205200, 1.911775; 0, 35, 1, 1; 27827464; 1, 0, 1; 0, 1, 0; 4, 1, 2;
0, 3390; 3.328510, 0.042811, 2.176622 / 3.328580, 0.042939, 2.176863 / 3.328439, 0.042683, 2.176381; 0, 37, 1, 1; 21567460; 1, 0, 2; 2, 0, 0; 3, 1, 2/ 3, 2, 2;
0, 3390; 3.377016, 0.373099, 3.176570 / 3.377162, 0.373184, 3.176602 / 3.376869, 0.373013, 3.176538; 0, 37, 1, 1; 37290779; 2, 1, 1; 2, 0, 0; 2, 1, 1/ 3, 1, 2;
0, 3390; 3.441076, 0.273532, 2.796344; 0, 37, 1, 1; 20540715; 1, 0, 1; 0, 1, 0; 4, 1, 2;
0, 3390; 3.444528, 0.270491, 2.791980; 0, 37, 1, 1; 20541632; 1, 0, 1; 0, 1, 0; 4, 1, 2;
0, 3390; 3.446835, 0.275962, 2.796050; 0, 37, 1, 1; 20541835; 1, 0, 1; 0, 1, 0; 1, 1, 2;
0, 3390; 3.447030, 0.278436, 2.797627 / 3.447404, 0.278875, 2.797940 / 3.446656, 0.277997, 2.797315; 0, 37, 1, 1; 20541824; 2, 2, 1; 2, 1, 0; 1, 1, 2/ 3, 1, 1/ 3, 3, 1;
0, 3390; 3.448433, 0.279519, 2.798480; 0, 37, 1, 1; 20541899; 0, 1, 0; 0, 1, 0; 1, 1, 1;
1, 3402; -3.489096, 1.472291, 3.784206; 0, 40, 1, 1; 70245062; 0, 1, 0; 0, 1, 0; 4, 1, 1;
0, 3402; -3.498127, 1.463902, 3.783070; 0, 40, 1, 1; 70245239; 0, 1, 0; 0, 1, 0; 1, 1, 1;
0, 3402; -3.841063, 1.135211, 3.486745; 0, 5, 1, 1; 108525714; 0, 1, 0; 0, 1, 0; 4, 1, 1;
1, 3403; -1.398174, -3.704490, 3.324626; 0, 7, 1, 0; 31237028; 1, 0, 1; 1, 0, 0; 3, 1, 2;
0, 3403; -1.601367, -3.660550, 3.078512; 0, 7, 1, 0; 32560185; 1, 0, 1; 0, 1, 0; 4, 1, 2;
0, 3403; -2.014300, -3.695231, 2.717130; 0, 7, 1, 0; 34114811; 1, 0, 1; 0, 1, 0; 1, 1, 2;
1, 3404; 3.629917, 3.370609, 1.989427; 0, 45, 1, 0; 8948335; 1, 0, 1; 0, 1, 0; 4, 1, 2;
1, 3412; -1.259971, 0.230908, 1.114279; 0, 7, 1, 1; 162503910; 0, 1, 0; 0, 1, 0; 1, 1, 1;
0, 3412; -1.463848, -0.104422, 1.063335; 0, 7, 1, 1; 149330121; 0, 1, 0; 1, 0, 0; 3, 1, 1;
0, 3412; -2.310978, -1.353600, 0.864927 / -2.309216, -1.353309, 0.865385 / -2.312741, -1.353892, 0.864469; 0, 7, 1, 1; 119577651; 0, 4, 0; 2, 2, 1; 2, 1, 1/ 4, 1, 1/ 2, 10, 1/ 1, 11, 1;
0, 3412; -2.906759, -2.143621, 0.806402; 0, 4, 1, 1; 120641872; 0, 1, 0; 0, 1, 0; 4, 1, 1;
0, 3412; -2.908901, -2.137764, 0.799355; 0, 4, 1, 1; 120643021; 1, 0, 1; 0, 1, 0; 4, 1, 2;
0, 3412; -3.815096, -3.097091, 0.639026; 0, 4, 1, 1; 141034325; 1, 0, 1; 0, 1, 0; 1, 1, 2;
1, 3417; 3.056496, 2.948110, 2.800884; 0, 38, 1, 0; 177875; 1, 0, 1; 0, 1, 0; 4, 1, 2;
0, 3417; 3.662125, 2.580760, 3.229892; 0, 45, 1, 1; 29353116; 0, 1, 0; 0, 1, 0; 4, 1, 1;
1, 3424; 0.126440, 0.052216, -2.638579; 0, 14, 1, 1; 36588288; 1, 0, 1; 1, 0, 0; 2, 1, 2;
0, 3424; 0.126680, 0.053939, -2.633297; 0, 14, 1, 1; 36588458; 1, 0, 1; 0, 1, 0; 1, 1, 2;
0, 3424; 2.874963, 0.080037, 1.260865; 0, 35, 1, 0; 15701788; 0, 1, 0; 0, 1, 0; 4, 1, 1;
1, 3427; 2.498438, -2.746087, -0.178182; 0, 33, 1, 0; 4013778; 1, 0, 1; 1, 0, 0; 3, 1, 2;
0, 3427; 2.511829, -2.723466, -0.159582; 0, 33, 1, 0; 4010976; 0, 1, 0; 0, 1, 0; 1, 1, 1;
0, 3427; 2.727581, -2.381341, 0.106950; 0, 33, 1, 0; 20131488; 1, 0, 1; 0, 1, 0; 4, 1, 2;
0, 3427; 2.727946, -2.375572, 0.107411; 0, 33, 1, 0; 20131514; 0, 1, 0; 0, 1, 0; 1, 1, 1;
1, 3428; 2.806032, 1.932176, 3.881326; 0, 38, 1, 1; 55855677; 0, 1, 0; 1, 0, 0; 2, 1, 1;
1, 3431; -3.497908, 0.392340, -0.143808; 0, 3, 1, 0; 57317241; 1, 0, 1; 0, 1, 0; 4, 1, 2;
0, 3431; 2.628020, -1.122927, 0.156494 / 2.629097, -1.122771, 0.157043 / 2.626942, -1.123084, 0.155944; 0, 33, 1, 1; 58562073; 2, 2, 1; 0, 3, 0; 4, 1, 1/ 4, 2, 1/ 4, 8, 2;
0, 3431; 2.628105, -1.122342, 0.157541; 0, 33, 1, 1; 58562002; 1, 0, 1; 0, 1, 0; 1, 1, 2;
1, 3437; -3.203969, -3.788185, 2.235660; 0, 4, 1, 1; 169994263; 1, 0, 1; 0, 1, 0; 4, 1, 2;
0, 3437; -3.206538, -3.787748, 2.234189; 0, 4, 1, 1; 169994194; 0, 1, 0; 1, 0, 0; 3, 1, 1;
0, 3437; -3.362706, -3.848762, 1.983185; 0, 4, 1, 1; 165837969; 1, 0, 1; 0, 1, 0; 1, 1, 2;
1, 3438; -0.246755, 1.996759, -1.872147; 0, 15, 1, 1; 79395575; 1, 0, 1; 0, 1, 0; 4, 1, 2;
0, 3438; -0.969648, 2.064331, -2.594820; 0, 12, 1, 0; 5433325; 0, 1, 0; 1, 0, 0; 3, 1, 1;
0, 3438; -1.567900, -3.499389, -3.195009; 0, 13, 1, 1; 23851912; 0, 1, 0; 0, 1, 0; 1, 1, 1;
0, 3438; -1.853436, 0.696019, -3.509836; 0, 12, 1, 0; 36450101; 1, 0, 1; 0, 1, 0; 4, 1, 2;
0, 3438; -1.970269, -0.333756, -3.808512; 0, 12, 1, 1; 71299248; 1, 0, 1; 0, 1, 0; 4, 1, 2;
1, 3443; 3.485904, 3.500237, -2.524011; 0, 31, 1, 0; 39149479; 1, 0, 1; 0, 1, 0; 1, 1, 2;
1, 3449; 3.566949, 3.874779, -0.991499; 0, 43, 1, 0; 11172442; 0, 1, 0; 0, 1, 0; 1, 1, 1;
1, 3450; 2.243012, -1.236819, 1.312561; 0, 35, 1, 1; 61221172; 1, 0, 1; 0, 1, 0; 1, 1, 2;
0, 3450; 2.249887, -1.242561, 1.306886 / 2.250050, -1.241928, 1.307622 / 2.249723, -1.243194, 1.306149; 0, 35, 1, 1; 61222393; 2, 1, 1; 1, 1, 0; 4, 1, 1/ 3, 8, 2;
0, 3450; 2.605251, -0.361408, 1.257526; 0, 35, 1, 1; 33280827; 0, 1, 0; 0, 1, 0; 4, 1, 1;
0, 3450; 2.605312, -0.352419, 1.259620; 0, 35, 1, 1; 33281006; 0, 1, 0; 1, 0, 0; 2, 1, 1;
0, 3450; 2.606453, -0.362324, 1.257197; 0, 35, 1, 1; 33280906; 1, 0, 1; 0, 1, 0; 1, 1, 2;
0, 3450; 2.607859, -0.369188, 1.253507 / 2.608167, -0.368669, 1.253643 / 2.607550, -0.369707, 1.253372; 0, 35, 1, 1; 33280936; 1, 0, 2; 1, 1, 0; 4, 1, 2/ 2, 3, 2;
1, 3465; -0.721046, -2.727965, 2.207916; 0, 23, 1, 1; 135385928; 1, 0, 1; 0, 1, 0; 4, 1, 2;
0, 3465; -1.695489, -1.769227, 2.436805; 0, 6, 1, 1; 151552316; 1, 0, 1; 0, 1, 0; 4, 1, 2;
0, 3465; -1.921792, -1.572545, 2.462806; 0, 6, 1, 1; 150997046; 1, 0, 1; 1, 0, 0; 2, 1, 2;
0, 3465; -1.924866, -1.576742, 2.467527; 0, 6, 1, 1; 150996817; 1, 0, 1; 0, 1, 0; 1, 1, 2;
0, 3465; -1.942556, -1.551384, 2.464570; 0, 6, 1, 1; 150993974; 1, 0, 1; 0, 1, 0; 4, 1, 2;
0, 3465; -1.943118, -1.552203, 2.462267; 0, 6, 1, 1; 150993891; 1, 0, 1; 1, 0, 0; 2, 1, 2;
1, 3469; -2.603998, -3.835493, -3.849385 / -2.603663, -3.833945, -3.848998 / -2.604333, -3.837041, -3.849772; 0, 1, 1, 0; 7432797; 1, 0, 2; 2, 0, 0; 2, 1, 2/ 3, 11, 2;
1, 3471; -0.067191, -2.647256, -3.092822; 0, 13, 1, 1; 77994537; 1, 0, 1; 0, 1, 0; 4, 1, 2;
0, 3471; -0.864770, -3.844622, -2.786202; 0, 13, 1, 1; 38826468; 1, 0, 1; 1, 0, 0; 2, 1, 2;
0, 3471; 0.384953, -2.322353, -2.937832; 0, 13, 1, 1; 83033940; 0, 1, 0; 1, 0, 0; 2, 1, 1;
0, 3471; 0.385478, -2.319912, -2.933214; 0, 13, 1, 1; 83033770; 0, 1, 0; 0, 1, 0; 4, 1, 1;
0, 3471; 1.099969, -1.306686, -2.330991; 0, 27, 1, 1; 140294107; 1, 0, 1; 0, 1, 0; 4, 1, 2;
0, 3471; 1.108539, -1.293676, -2.318068 / 1.108694, -1.293454, -2.317367 / 1.108385, -1.293898, -2.318770; 0, 27, 1, 1; 140295928; 2, 1, 1; 0, 2, 1; 4, 1, 1/ 1, 2, 2;
0, 3471; 1.110939, -1.294368, -2.314266 / 1.111127, -1.294074, -2.313929 / 1.110751, -1.294661, -2.314602; 0, 27, 1, 1; 140296820; 2, 1, 1; 0, 2, 0; 1, 1, 2/ 1, 2, 1;
0, 3471; 1.121452, -1.229440, -2.308771; 0, 27, 1, 1; 140072431; 1, 0, 1; 0, 1, 0; 4, 1, 2;
0, 3471; 1.141693, -1.087803, -2.296751 / 1.141767, -1.087444, -2.296189 / 1.141620, -1.088162, -2.297312; 0, 27, 1, 1; 146970884; 0, 2, 0; 0, 2, 1; 4, 1, 1/ 1, 5, 1;
0, 3471; 3.511004, 0.366210, -1.721362; 0, 31, 1, 1; 133056605; 0, 1, 0; 0, 1, 0; 1, 1, 1;
1, 3477; -0.487158, 0.537611, -0.028804; 0, 19, 1, 0; 15550347; 0, 1, 0; 0, 1, 0; 1, 1, 1;
1, 3480; 1.727350, 3.848565, -0.410657; 0, 42, 1, 1; 61340799; 1, 0, 1; 0, 1, 0; 4, 1, 2;
0, 3480; 1.759345, 3.876760, -0.391271; 0, 42, 1, 1; 61212493; 0, 1, 0; 0, 1, 0; 4, 1, 1;
1, 3490; -1.041208, 2.681105, -3.209873; 0, 11, 1, 1; 126743150; 1, 0, 1; 0, 1, 0; 1, 1, 2;
0, 3490; -1.425095, 2.773943, -3.170384; 0, 11, 1, 1; 119003742; 1, 0, 1; 0, 1, 0; 1, 1, 2;
0, 3490; -1.542957, 2.806575, -3.150808; 0, 11, 1, 1; 118561979; 1, 0, 1; 0, 1, 0; 1, 1, 2;
0, 3490; -3.044778, 3.268455, -1.314223; 0, 1, 1, 1; 236529079; 1, 0, 1; 0, 1, 0; 4, 1, 2;
0, 3490; -3.719763, 3.087367, 0.391148; 0, 3, 1, 1; 143019795; 1, 0, 1; 0, 1, 0; 4, 1, 2;
0, 3490; -3.723542, 3.094425, 0.386143; 0, 3, 1, 1; 143019769; 1, 0, 1; 0, 1, 0; 1, 1, 2;
0, 3490; -3.728452, 3.095087, 0.390812; 0, 3, 1, 1; 143020826; 1, 0, 1; 0, 1, 0; 4, 1, 2;
0, 3490; -3.833573, 3.149164, 0.246733 / -3.833422, 3.149609, 0.247321 / -3.833723, 3.148720, 0.246145; 0, 3, 1, 1; 143468858; 1, 0, 2; 0, 2, 1; 4, 1, 2/ 1, 3, 2;
0, 3490; -3.878339, 3.164286, 0.205593; 0, 3, 1, 1; 143601700; 0, 1, 0; 0, 1, 0; 1, 1, 1;
0, 3490; -3.883596, 3.166074, 0.199682; 0, 3, 1, 1; 143601751; 0, 1, 0; 1, 0, 0; 2, 1, 1;
1, 3491; 1.585174, 0.017550, 0.934924; 0, 25, 1, 1; 152275589; 0, 1, 0; 0, 1, 0; 1, 1, 1;
1, 3498; -1.879513, -0.233556, -3.147864; 0, 12, 1, 1; 65403003; 0, 1, 0; 0, 1, 0; 4, 1, 1;
1, 3499; 3.365161, -3.374291, 3.432703; 0, 36, 1, 1; 25013624; 1, 0, 1; 0, 1, 0; 4, 1, 2;
0, 3499; 3.374239, -3.376177, 3.444790; 0, 36, 1, 1; 25011347; 0, 1, 0; 0, 1, 0; 4, 1, 1;
1, 3503; -3.510641, -2.308407, 3.784262; 0, 40, 1, 1; 74600736; 0, 1, 0; 0, 1, 0; 4, 1, 1;
1, 3504; -3.322661, -1.693404, -1.063119; 0, 2, 1, 1; 115323495; 1, 0, 1; 1, 0, 0; 2, 1, 2;
0, 3504; -3.322675, -1.690268, -1.065108; 0, 2, 1, 1; 115323559; 1, 0, 1; 0, 1, 0; 1, 1, 2;
0, 3504; -3.325539, -1.687719, -1.064984; 0, 2, 1, 1; 115323548; 1, 0, 1; 0, 1, 0; 4, 1, 2;
0, 3504; -3.328104, -1.688940, -1.069480; 0, 2, 1, 1; 115324662; 0, 1, 0; 0, 1, 0; 4, 1, 1;
0, 3504; -3.504651, -1.235497, -0.684490; 0, 3, 1, 0; 4000636; 1, 0, 1; 0, 1, 0; 4, 1, 2;
1, 3512; -0.321032, -3.211593, 3.475338; 0, 23, 1, 0; 119637945; 1, 0, 1; 0, 1, 0; 4, 1, 2;
0, 3512; -0.351338, -3.241188, 3.486458; 0, 23, 1, 0; 119757772; 0, 1, 0; 0, 1, 0; 1, 1, 1;
0, 3512; 0.225367, -2.886500, 3.094971; 0, 23, 1, 0; 129693388; 0, 1, 0; 1, 0, 0; 3, 1, 1;
0, 3512; 2.507410, -0.157783, 1.475563; 0, 35, 1, 1; 24896898; 1, 0, 1; 1, 0, 0; 3, 1, 2;
0, 3512; 3.650480, 1.135739, 1.405979; 0, 46, 1, 0; 18523202; 0, 1, 0; 0, 1, 0; 1, 1, 1;
1, 3517; -0.125655, 0.582634, 2.498677; 0, 23, 1, 1; 229705575; 1, 0, 1; 0, 1, 0; 4, 1, 2;
0, 3517; -0.126292, 0.580073, 2.500199; 0, 23, 1, 1; 229705658; 1, 0, 1; 0, 1, 0; 1, 1, 2;
0, 3517; -0.205508, -3.505356, 0.491877; 0, 17, 1, 1; 64161920; 0, 1, 0; 0, 1, 0; 1, 1, 1;
0, 3517; -0.208361, -3.498948, 0.499912; 0, 17, 1, 1; 64162923; 0, 1, 0; 0, 1, 0; 1, 1, 1;
0, 3517; -0.396785, 0.961173, 2.452492; 0, 23, 1, 1; 246817291; 0, 1, 0; 0, 1, 0; 1, 1, 1;
0, 3517; -0.396894, 0.958747, 2.451485; 0, 23, 1, 1; 246817372; 0, 1, 0; 0, 1, 0; 1, 1, 1;
0, 3517; -1.124600, -1.870117, 1.908701; 0, 7, 1, 1; 93057020; 1, 0, 1; 0, 1, 0; 1, 1, 2;
1, 3524; 2.180026, -2.765655, 0.986842; 0, 35, 1, 1; 108179555; 0, 1, 0; 0, 1, 0; 1, 1, 1;
1, 3527; -3.428867, -2.135178, 1.612314; 0, 4, 1, 1; 115224767; 1, 0, 1; 0, 1, 0; 1, 1, 2;
0, 3527; -3.493188, -2.190002, 1.766009; 0, 4, 1, 1; 115266628; 1, 0, 1; 0, 1, 0; 4, 1, 2;
0, 3527; -3.493781, -2.191021, 1.770033; 0, 4, 1, 1; 115266642; 0, 1, 0; 0, 1, 0; 4, 1, 1;
0, 3527; -3.542446, -2.331070, 2.005029; 0, 4, 1, 1; 112894850; 0, 1, 0; 0, 1, 0; 1, 1, 1;
0, 3527; -3.547112, -2.331673, 2.004666; 0, 4, 1, 1; 112894862; 1, 0, 1; 0, 1, 0; 4, 1, 2;
0, 3527; -3.828637, -1.266533, -0.444540; 0, 3, 1, 0; 1249912; 1, 0, 1; 0, 1, 0; 1, 1, 2;
0, 3527; -3.836743, -1.271718, -0.472673; 0, 3, 1, 0; 1253922; 1, 0, 1; 0, 1, 0; 1, 1, 2;
1, 3531; 0.658041, -0.698377, -0.562495; 0, 26, 1, 1; 174150717; 1, 0, 1; 0, 1, 0; 1, 1, 2;
0, 3531; 1.313267, 2.023233, -3.836279; 0, 28, 1, 1; 141267535; 1, 0, 1; 0, 1, 0; 4, 1, 2;
1, 3532; 0.362540, -2.923060, 1.328359; 0, 23, 1, 0; 68963862; 0, 1, 0; 0, 1, 0; 1, 1, 1;
0, 3532; 1.182047, -1.838017, 1.438723; 0, 25, 1, 0; 88576777; 1, 0, 1; 0, 1, 0; 4, 1, 2;
1, 3538; 2.737534, 3.101244, 1.399797; 0, 34, 1, 1; 66552712; 0, 1, 0; 1, 0, 0; 2, 1, 1;
0, 3538; 3.183724, 3.064106, 0.980483; 0, 34, 1, 1; 67900274; 1, 0, 1; 0, 1, 0; 4, 1, 2;
1, 3542; 3.542514, 2.161259, -0.687488; 0, 34, 1, 0; 15354104; 0, 1, 0; 0, 1, 0; 4, 1, 1;
1, 3544; 0.685746, 3.747332, -2.133936; 0, 44, 1, 0; 1857667; 1, 0, 1; 0, 1, 0; 4, 1, 2;
0, 3544; 1.393725, 3.388847, -2.602520 / 1.394221, 3.389860, -2.602175 / 1.393229, 3.387835, -2.602864; 0, 28, 1, 1; 96217497; 0, 2, 0; 0, 2, 0; 4, 1, 1/ 4, 5, 1;
0, 3544; 1.394341, 3.386423, -2.605800; 0, 28, 1, 1; 96217485; 0, 1, 0; 0, 1, 0; 1, 1, 1;
0, 3544; 1.395337, 3.386997, -2.609320; 0, 28, 1, 1; 96217473; 0, 1, 0; 0, 1, 0; 4, 1, 1;
0, 3544; 1.396039, 3.386274, -2.607626; 0, 28, 1, 1; 96217402; 0, 1, 0; 0, 1, 0; 1, 1, 1;
0, 3544; 1.744245, 3.073762, -2.869458; 0, 28, 1, 1; 111125814; 1, 0, 1; 1, 0, 0; 2, 1, 2;
1, 3554; 1.229707, 0.134389, -1.913265; 0, 27, 1, 1; 183917781; 1, 0, 1; 0, 1, 0; 1, 1, 2;
0, 3554; 1.288828, -0.041712, -1.962711; 0, 27, 1, 1; 175371485; 0, 1, 0; 0, 1, 0; 4, 1, 1;
0, 3554; 1.288887, -0.041147, -1.960329; 0, 27, 1, 1; 175371410; 1, 0, 1; 0, 1, 0; 1, 1, 2;
0, 3554; 1.553318, -0.373606, -1.672180; 0, 27, 1, 1; 167933971; 1, 0, 1; 0, 1, 0; 1, 1, 2;
0, 3554; 1.561442, -0.377999, -1.673019; 0, 27, 1, 1; 167933943; 1, 0, 1; 1, 0, 0; 2, 1, 2;
0, 3554; 1.563619, -0.377274, -1.695845; 0, 27, 1, 1; 167937460; 1, 0, 1; 0, 1, 0; 1, 1, 2;
0, 3554; 1.564741, -0.374697, -1.698414; 0, 27, 1, 1; 167937531; 1, 0, 1; 0, 1, 0; 1, 1, 2;
0, 3554; 1.567931, -0.376555, -1.675820; 0, 27, 1, 1; 167934815; 1, 0, 1; 0, 1, 0; 1, 1, 2;
0, 3554; 1.568614, -0.377015, -1.687089; 0, 27, 1, 1; 167936090; 1, 0, 1; 0, 1, 0; 4, 1, 2;
1, 3560; -0.570140, -0.795830, -3.109819; 0, 14, 1, 0; 8953133; 1, 0, 1; 1, 0, 0; 3, 1, 2;
0, 3560; -0.815275, -1.020790, -3.637328; 0, 14, 1, 0; 5822380; 1, 0, 1; 0, 1, 0; 4, 1, 2;
0, 3560; 0.365750, 0.111435, -0.074604; 0, 19, 1, 0; 4863302; 0, 1, 0; 0, 1, 0; 1, 1, 1;
0, 3560; 0.371819, 0.122035, -0.060321; 0, 19, 1, 0; 4865228; 0, 1, 0; 0, 1, 0; 1, 1, 1;
0, 3560; 0.385915, 0.148737, -0.024926; 0, 19, 1, 0; 4737772; 0, 1, 0; 1, 0, 0; 3, 1, 1;
0, 3560; 0.637178, 0.434882, 0.498981; 0, 26, 1, 1; 131357510; 0, 1, 0; 0, 1, 0; 1, 1, 1;
0, 3560; 1.968654, 1.482528, 1.894965; 0, 25, 1, 1; 190104362; 1, 0, 1; 0, 1, 0; 4, 1, 2;
1, 3562; 3.235839, -0.653299, -3.425852; 0, 30, 1, 1; 66378295; 1, 0, 1; 0, 1, 0; 4, 1, 2;
0, 3562; 3.237341, -0.654663, -3.419963; 0, 30, 1, 1; 66379421; 1, 0, 1; 0, 1, 0; 4, 1, 2;
0, 3562; 3.239139, -0.651928, -3.420227; 0, 30, 1, 1; 66379410; 1, 0, 1; 1, 0, 0; 2, 1, 2;
0, 3562; 3.261843, -0.618289, -3.408028; 0, 30, 1, 1; 66250076; 1, 0, 1; 1, 0, 0; 3, 1, 2;
0, 3562; 3.401135, -0.194703, -3.387284; 0, 30, 1, 1; 85404912; 0, 1, 0; 1, 0, 0; 3, 1, 1;
0, 3562; 3.408098, -0.326134, -3.432685; 0, 30, 1, 1; 69887454; 0, 1, 0; 0, 1, 0; 4, 1, 1;
1, 3563; 2.737745, -3.085463, -2.016755; 0, 32, 1, 1; 90661674; 1, 0, 1; 0, 1, 0; 4, 1, 2;
0, 3563; 2.739147, -3.087840, -2.015114; 0, 32, 1, 1; 90661606; 1, 0, 1; 1, 0, 0; 2, 1, 2;
0, 3563; 2.741476, -3.094860, -2.010672; 0, 32, 1, 1; 90660657; 1, 0, 1; 0, 1, 0; 4, 1, 2;
0, 3563; 2.744872, -3.096840, -2.005097; 0, 32, 1, 1; 90659547; 1, 0, 1; 0, 1, 0; 4, 1, 2;
0, 3563; 3.523739, -3.060445, -2.888835; 0, 29, 1, 1; 165009137; 1, 0, 1; 0, 1, 0; 4, 1, 2;
1, 3564; -1.466906, 3.165413, 1.108303; 0, 8, 1, 1; 83842046; 1, 0, 1; 1, 0, 0; 2, 1, 2;
0, 3564; -2.719914, 2.965829, 2.280890; 0, 5, 1, 1; 167768459; 0, 1, 0; 0, 1, 0; 4, 1, 1;
1, 3571; -3.072619, 2.647156, -2.311392; 0, 1, 1, 1; 260046403; 1, 0, 1; 0, 1, 0; 1, 1, 2;
0, 3571; -3.323309, 2.657074, -1.903779; 0, 1, 1, 1; 258490679; 1, 0, 1; 1, 0, 0; 3, 1, 2;
1, 3578; 0.031555, -2.679765, 1.631956; 0, 23, 1, 0; 61535255; 0, 1, 0; 0, 1, 0; 4, 1, 1;
1, 3582; -2.381309, -1.404701, 2.593243; 0, 6, 1, 1; 146831974; 0, 1, 0; 1, 0, 0; 3, 1, 1;
1, 3585; 1.884013, 2.800822, -1.291998; 0, 28, 1, 1; 68844150; 1, 0, 1; 0, 1, 0; 1, 1, 2;
1, 3587; 3.522473, 3.368718, 2.574132 / 3.524325, 3.369242, 2.574375 / 3.520621, 3.368195, 2.573889; 0, 38, 1, 0; 19679485; 2, 1, 1; 1, 1, 0; 4, 1, 1/ 3, 11, 2;
1, 3589; -2.564671, -1.154792, 1.226586; 0, 4, 1, 1; 81707945; 1, 0, 1; 0, 1, 0; 4, 1, 2;
0, 3589; -2.643796, -1.268255, 1.110999; 0, 4, 1, 1; 88722129; 0, 1, 0; 1, 0, 0; 3, 1, 1;
0, 3589; -2.906567, -1.170412, 1.216948 / -2.906390, -1.168537, 1.217376 / -2.906743, -1.172286, 1.216520; 0, 4, 1, 1; 81354075; 2, 1, 1; 0, 2, 1; 1, 1, 1/ 4, 11, 2;
0, 3589; -2.911757, -1.156814, 1.232823; 0, 4, 1, 1; 81354894; 1, 0, 1; 0, 1, 0; 4, 1, 2;
0, 3589; -2.912562, -1.154149, 1.231001; 0, 4, 1, 1; 81354977; 1, 0, 1; 1, 0, 0; 2, 1, 2;
1, 3598; 0.018390, 3.097729, -2.492516; 0, 15, 1, 0; 13632173; 0, 1, 0; 0, 1, 0; 4, 1, 1;
1, 3600; 2.210922, -1.429061, -0.537592; 0, 33, 1, 0; 43430318; 1, 0, 1; 1, 0, 0; 3, 1, 2;
0, 3600; 2.274490, -1.567779, -0.546615; 0, 33, 1, 0; 42276139; 1, 0, 1; 0, 1, 0; 4, 1, 2;
1, 3601; 3.038019, 2.808980, -3.403642; 0, 31, 1, 0; 19034050; 1, 0, 1; 0, 1, 0; 1, 1, 2;
0, 3601; 3.039712, 2.807576, -3.402827 / 3.040546, 2.807786, -3.402154 / 3.038878, 2.807365, -3.403500; 0, 31, 1, 0; 19033822; 1, 0, 2; 1, 1, 0; 1, 1, 2/ 3, 6, 2;
0, 3601; 3.040754, 2.816793, -3.403395; 0, 31, 1, 0; 19035098; 1, 0, 1; 0, 1, 0; 1, 1, 2;
0, 3601; 3.073754, 2.926153, -3.468719 / 3.073778, 2.927654, -3.468637 / 3.073731, 2.924652, -3.468800; 0, 31, 1, 0; 18893659; 2, 2, 1; 2, 1, 0; 3, 1, 1/ 1, 6, 1/ 2, 10, 2;
0, 3601; 3.077261, 2.931681, -3.474904; 0, 31, 1, 0; 18894614; 0, 1, 0; 1, 0, 0; 2, 1, 1;
0, 3601; 3.079685, 2.936432, -3.478865; 0, 31, 1, 0; 18894750; 0, 1, 0; 0, 1, 0; 1, 1, 1;
0, 3601; 3.128288, 3.039455, -3.570384; 0, 31, 1, 0; 23749127; 0, 1, 0; 0, 1, 0; 1, 1, 1;
0, 3601; 3.130832, 3.037792, -3.571704; 0, 31, 1, 0; 23749041; 1, 0, 1; 0, 1, 0; 4, 1, 2;
1, 3605; -1.155807, 1.528572, -1.355363; 0, 11, 1, 0; 33816745; 0, 1, 0; 1, 0, 0; 2, 1, 1;
0, 3605; -2.161660, -0.509922, -0.492046; 0, 9, 1, 1; 58411612; 0, 1, 0; 0, 1, 0; 4, 1, 1;
0, 3605; -2.335959, -1.579659, 0.146963 / -2.335602, -1.579037, 0.147099 / -2.336317, -1.580281, 0.146827; 0, 9, 1, 1; 98091378; 2, 1, 1; 0, 2, 1; 1, 1, 1/ 4, 3, 2;
0, 3605; -2.336683, -1.579307, 0.148133; 0, 9, 1, 1; 98091381; 0, 1, 0; 1, 0, 0; 2, 1, 1;
1, 3609; -1.702478, 3.741089, -3.622362; 0, 44, 1, 1; 47576704; 1, 0, 1; 1, 0, 0; 2, 1, 2;
0, 3609; -1.942483, 3.812778, -3.267398; 0, 44, 1, 1; 28724860; 1, 0, 1; 1, 0, 0; 2, 1, 2;
0, 3609; -2.011000, 3.857734, -3.182321; 0, 44, 1, 1; 28493961; 0, 1, 0; 0, 1, 0; 4, 1, 1;
1, 3615; -2.933614, 2.455919, -2.831895 / -2.933074, 2.456247, -2.831462 / -2.934154, 2.455591, -2.832327; 0, 1, 1, 1; 192089328; 0, 2, 0; 0, 2, 1; 1, 1, 1/ 4, 2, 1;
1, 3618; -2.285102, 2.290556, 3.568889; 0, 6, 1, 0; 31744199; 1, 0, 1; 0, 1, 0; 4, 1, 2;
0, 3618; -3.561303, 2.733469, 2.249202 / -3.561115, 2.733794, 2.249228 / -3.561492, 2.733145, 2.249175; 0, 5, 1, 1; 164497828; 0, 3, 0; 3, 0, 0; 2, 1, 1/ 2, 4, 1/ 3, 4, 1;
1, 3622; 0.755248, -3.098087, -0.284500; 0, 27, 1, 0; 39524480; 1, 0, 1; 0, 1, 0; 1, 1, 2;
0, 3622; 0.958821, -2.801539, -0.364558; 0, 27, 1, 0; 28995714; 1, 0, 1; 0, 1, 0; 4, 1, 2;
0, 3622; 0.987436, -2.777328, -0.333951; 0, 27, 1, 0; 28868461; 1, 0, 1; 0, 1, 0; 4, 1, 2;
0, 3622; 0.997424, -2.776863, -0.325228; 0, 27, 1, 0; 28868635; 1, 0, 1; 0, 1, 0; 4, 1, 2;
0, 3622; 1.012905, -2.763072, -0.337265; 0, 27, 1, 0; 28870372; 1, 0, 1; 0, 1, 0; 1, 1, 2;
0, 3622; 1.107057, -3.397490, -0.168205; 0, 27, 1, 0; 49582912; 1, 0, 1; 0, 1, 0; 1, 1, 2;
0, 3622; 2.941625, -2.940027, 0.990350; 0, 35, 1, 1; 107531126; 1, 0, 1; 1, 0, 0; 3, 1, 2;
0, 3622; 3.351974, -2.937850, 1.638915; 0, 35, 1, 1; 103165288; 1, 0, 1; 1, 0, 0; 3, 1, 2;
0, 3622; 3.352327, -2.938826, 1.636192; 0, 35, 1, 1; 103165213; 1, 0, 1; 1, 0, 0; 3, 1, 2;
1, 3624; -2.028560, 3.841141, -0.133125; 0, 42, 1, 1; 51648505; 1, 0, 1; 0, 1, 0; 1, 1, 2;
1, 3628; -0.261367, -1.408484, 2.898505; 0, 23, 1, 1; 176351507; 1, 0, 1; 0, 1, 0; 1, 1, 2;
0, 3628; -0.262052, -1.409850, 2.900566 / -0.261448, -1.409465, 2.900998 / -0.262657, -1.410235, 2.900134; 0, 23, 1, 1; 176351435; 1, 0, 2; 1, 1, 0; 1, 1, 2/ 2, 5, 2;
0, 3628; 2.156322, 0.669636, 3.697491; 0, 38, 1, 1; 73279330; 1, 0, 1; 0, 1, 0; 1, 1, 2;
1, 3630; 0.361818, 3.402186, 3.829839; 0, 39, 1, 1; 37982237; 0, 1, 0; 0, 1, 0; 4, 1, 1;
1, 3646; 3.188527, -0.103007, -2.032870; 0, 32, 1, 0; 973891; 0, 1, 0; 0, 1, 0; 1, 1, 1;
1, 3654; 2.136913, -3.582650, -0.238506; 0, 32, 1, 1; 132085594; 1, 0, 1; 1, 0, 0; 2, 1, 2;
0, 3654; 2.270511, -2.928967, -0.239101; 0, 33, 1, 0; 5981915; 1, 0, 1; 0, 1, 0; 1, 1, 2;
0, 3654; 2.271576, -2.929138, -0.242347; 0, 33, 1, 0; 5981902; 0, 1, 0; 0, 1, 0; 4, 1, 1;
0, 3654; 2.271648, -2.923415, -0.238082 / 2.271774, -2.923039, -0.237369 / 2.271521, -2.923791, -0.238794; 0, 33, 1, 0; 5981859; 0, 2, 0; 0, 2, 1; 4, 1, 1/ 1, 7, 1;
0, 3654; 2.276677, -2.931378, -0.244878 / 2.277201, -2.931001, -0.244869 / 2.276153, -2.931756, -0.244887; 0, 33, 1, 0; 5980933; 2, 1, 1; 1, 1, 0; 3, 1, 1/ 1, 2, 2;
0, 3654; 2.286399, -2.921132, -0.239177; 0, 33, 1, 0; 5979545; 1, 0, 1; 0, 1, 0; 4, 1, 2;
0, 3654; 2.287150, -2.931104, -0.243048; 0, 33, 1, 0; 5979652; 0, 1, 0; 0, 1, 0; 1, 1, 1;
0, 3654; 2.288201, -2.928188, -0.243532 / 2.288558, -2.927243, -0.243467 / 2.287845, -2.929134, -0.243598; 0, 33, 1, 0; 5979495; 1, 0, 2; 1, 1, 0; 2, 1, 2/ 1, 5, 2;
0, 3654; 2.288689, -2.923994, -0.237568; 0, 33, 1, 0; 5979459; 0, 1, 0; 0, 1, 0; 4, 1, 1;
0, 3654; 2.298629, -3.326758, -0.211492; 0, 32, 1, 1; 131788896; 0, 1, 0; 1, 0, 0; 3, 1, 1;
0, 3654; 2.304566, -3.340560, -0.210853; 0, 32, 1, 1; 131789889; 0, 1, 0; 0, 1, 0; 1, 1, 1;
0, 3654; 2.762091, -2.551045, -0.352349; 0, 33, 1, 0; 10988691; 1, 0, 1; 0, 1, 0; 1, 1, 2;
1, 3656; 0.771955, 3.209691, 3.640541; 0, 39, 1, 0; 20807213; 1, 0, 1; 0, 1, 0; 4, 1, 2;
1, 3665; -1.543992, -2.134391, 1.685182; 0, 7, 1, 1; 88569089; 0, 1, 0; 1, 0, 0; 2, 1, 1;
1, 3667; -0.203321, 2.338157, 1.579109; 0, 21, 1, 1; 19585790; 0, 1, 0; 0, 1, 0; 1, 1, 1;
0, 3667; 0.448262, 1.412839, 2.728545; 0, 23, 1, 1; 253723493; 0, 1, 0; 1, 0, 0; 3, 1, 1;
1, 3678; -0.976799, 0.539120, 2.860755; 0, 6, 1, 1; 90856339; 1, 0, 1; 0, 1, 0; 1, 1, 2;
0, 3678; -1.386371, 0.926586, 2.739659; 0, 6, 1, 1; 72711130; 0, 1, 0; 0, 1, 0; 1, 1, 1;
0, 3678; -1.404960, 0.945569, 2.735484; 0, 6, 1, 1; 72713763; 1, 0, 1; 0, 1, 0; 1, 1, 2;
1, 3689; 0.972034, 2.936595, -1.909506 / 0.972277, 2.937239, -1.909340 / 0.971792, 2.935950, -1.909672; 0, 28, 1, 1; 74325119; 0, 2, 0; 1, 1, 0; 3, 1, 1/ 4, 5, 1;
0, 3689; 0.972145, 2.933494, -1.915177; 0, 28, 1, 1; 74326232; 1, 0, 1; 0, 1, 0; 4, 1, 2;
0, 3689; 1.255255, 2.424970, -2.666455 / 1.255885, 2.424996, -2.666451 / 1.254624, 2.424944, -2.666459; 0, 28, 1, 1; 130679317; 0, 2, 0; 1, 1, 0; 4, 1, 1/ 2, 2, 1;
0, 3689; 1.257230, 2.424013, -2.666710; 0, 28, 1, 1; 130679244; 0, 1, 0; 0, 1, 0; 1, 1, 1;
0, 3689; 1.428919, 3.256812, -2.298592; 0, 28, 1, 1; 81033292; 1, 0, 1; 1, 0, 0; 3, 1, 2;
0, 3689; 2.013791, 3.796696, -2.640878; 0, 44, 1, 0; 14653184; 1, 0, 1; 0, 1, 0; 4, 1, 2;
1, 3697; 0.988536, 2.625173, 0.559531; 0, 26, 1, 1; 76388367; 1, 0, 1; 0, 1, 0; 1, 1, 2;
0, 3697; 1.002721, 2.617897, 0.556837; 0, 26, 1, 1; 76388011; 1, 0, 1; 0, 1, 0; 4, 1, 2;
0, 3697; 1.004163, 2.612575, 0.555851; 0, 26, 1, 1; 76386884; 1, 0, 1; 1, 0, 0; 2, 1, 2;
1, 3702; -2.372780, 3.782165, 0.488328; 0, 42, 1, 1; 32723943; 0, 1, 0; 0, 1, 0; 1, 1, 1;
1, 3722; 3.183877, 3.823934, 3.373177; 0, 41, 1, 0; 13477994; 1, 0, 1; 0, 1, 0; 4, 1, 2;
1, 3725; 2.145687, 1.322400, -2.797649; 0, 30, 1, 1; 130636196; 0, 1, 0; 1, 0, 0; 3, 1, 1;
1, 3742; -2.437691, -1.831894, -3.441895; 0, 1, 1, 0; 61565436; 0, 1, 0; 1, 0, 0; 2, 1, 1;
0, 3742; -3.282584, -0.399986, -3.223412; 0, 1, 1, 0; 103622474; 0, 1, 0; 0, 1, 0; 1, 1, 1;
1, 3743; -2.321531, 3.346709, 0.931561; 0, 8, 1, 1; 94676175; 1, 0, 1; 0, 1, 0; 1, 1, 2;
0, 3743; -2.440413, 3.257339, 1.067617; 0, 3, 1, 1; 168126792; 1, 0, 1; 0, 1, 0; 4, 1, 2;
0, 3743; -2.734573, 2.194275, 1.650382; 0, 3, 1, 1; 196321713; 1, 0, 1; 0, 1, 0; 4, 1, 2;
0, 3743; -2.899056, 2.764725, 1.280421; 0, 3, 1, 1; 175912199; 0, 1, 0; 0, 1, 0; 4, 1, 1;
1, 3748; -0.640022, -0.788479, -0.690336; 0, 18, 1, 1; 58073595; 1, 0, 1; 1, 0, 0; 2, 1, 2;
0, 3748; -0.640417, -0.790347, -0.692173; 0, 18, 1, 1; 58073669; 1, 0, 1; 0, 1, 0; 1, 1, 2;
0, 3748; -0.872091, -0.539717, -1.011012; 0, 16, 1, 0; 38467063; 0, 1, 0; 0, 1, 0; 1, 1, 1;
0, 3748; -1.703351, -0.102233, -1.825042; 0, 10, 1, 1; 127865035; 0, 1, 0; 1, 0, 0; 3, 1, 1;
0, 3748; 0.705245, -1.388012, 1.037165; 0, 25, 1, 1; 108794156; 1, 0, 1; 1, 0, 0; 3, 1, 2;
0, 3748; 1.573986, -2.338804, 2.549610; 0, 24, 1, 1; 235647053; 0, 1, 0; 0, 1, 0; 4, 1, 1;
1, 3749; 0.023558, -1.343733, -1.593176; 0, 16, 1, 1; 69440653; 0, 1, 0; 1, 0, 0; 2, 1, 1;
0, 3749; 0.103596, -1.096558, -1.366491; 0, 16, 1, 1; 58394043; 1, 0, 1; 0, 1, 0; 4, 1, 2;
1, 3754; -3.174737, -1.257170, -2.023177; 0, 2, 1, 1; 108509374; 1, 0, 1; 1, 0, 0; 3, 1, 2;
0, 3754; -3.318733, -1.393904, -1.945432; 0, 2, 1, 1; 108121176; 0, 1, 0; 0, 1, 0; 4, 1, 1;
1, 3764; -2.450433, 3.231888, -1.084937; 0, 1, 1, 1; 235569745; 1, 0, 1; 0, 1, 0; 4, 1, 2;
1, 3773; 1.457214, 3.408726, -2.781662; 0, 28, 1, 1; 98032384; 1, 0, 1; 0, 1, 0; 1, 1, 2;
0, 3773; 2.774622, 3.023186, -2.669244; 0, 31, 1, 0; 25196705; 0, 1, 0; 0, 1, 0; 4, 1, 1;
0, 3773; 2.777194, 3.023819, -2.670940; 0, 31, 1, 0; 25196632; 0, 1, 0; 0, 1, 0; 4, 1, 1;
1, 3787; 3.087986, 0.578922, -3.454716 / 3.088144, 0.579000, -3.454561 / 3.087829, 0.578844, -3.454872; 0, 30, 1, 1; 102290586; 2, 1, 1; 0, 2, 0; 1, 1, 1/ 1, 2, 2;
0, 3787; 3.091052, 0.580542, -3.465910; 0, 30, 1, 1; 102291874; 1, 0, 1; 0, 1, 0; 1, 1, 2;
0, 3787; 3.100276, -0.093691, -3.645869; 0, 30, 1, 1; 84665771; 1, 0, 1; 0, 1, 0; 4, 1, 2;
0, 3787; 3.112509, 0.514006, -3.264959; 0, 30, 1, 1; 102158790; 1, 0, 1; 0, 1, 0; 1, 1, 2;
0, 3787; 3.165900, 0.390534, -3.189942; 0, 30, 1, 1; 101981370; 1, 0, 1; 0, 1, 0; 1, 1, 2;
0, 3787; 3.167732, 0.389144, -3.191407; 0, 30, 1, 1; 101981288; 0, 1, 0; 0, 1, 0; 1, 1, 1;
0, 3787; 3.526116, 0.227334, -3.437331; 0, 30, 1, 1; 87976537; 0, 1, 0; 1, 0, 0; 2, 1, 1;
1, 3794; -0.220998, -0.756310, 0.528249; 0, 18, 1, 1; 63187973; 1, 0, 1; 0, 1, 0; 1, 1, 2;
0, 3794; -0.244043, -0.746890, 0.537710; 0, 18, 1, 1; 63189626; 1, 0, 1; 0, 1, 0; 1, 1, 2;
0, 3794; 0.478971, -0.951639, 1.257089; 0, 23, 1, 0; 14917398; 1, 0, 1; 0, 1, 0; 4, 1, 2;
0, 3794; 0.663656, -0.679641, 1.640078; 0, 25, 1, 1; 126172581; 1, 0, 1; 0, 1, 0; 1, 1, 2;
0, 3794; 0.669962, -0.678932, 1.644098; 0, 25, 1, 1; 126171361; 1, 0, 1; 0, 1, 0; 4, 1, 2;
0, 3794; 0.980998, -0.693516, 1.817490; 0, 25, 1, 1; 125553770; 0, 1, 0; 1, 0, 0; 3, 1, 1;
0, 3794; 1.016610, -0.696462, 1.839294; 0, 25, 1, 1; 125559049; 0, 1, 0; 0, 1, 0; 4, 1, 1;
0, 3794; 1.017727, -0.695036, 1.840941; 0, 25, 1, 1; 125559132; 1, 0, 1; 0, 1, 0; 4, 1, 2;
0, 3794; 1.088312, -0.691683, 1.889854; 0, 25, 1, 1; 125537376; 1, 0, 1; 0, 1, 0; 4, 1, 2;
0, 3794; 1.093345, -0.693466, 1.890527; 0, 25, 1, 1; 125537302; 1, 0, 1; 1, 0, 0; 3, 1, 2;
0, 3794; 1.094440, -0.696707, 1.893836; 0, 25, 1, 1; 125537522; 1, 0, 1; 0, 1, 0; 1, 1, 2;
0, 3794; 1.609809, -0.511661, 2.260363; 0, 24, 1, 1; 178997365; 1, 0, 1; 1, 0, 0; 2, 1, 2;
1, 3799; 2.924448, -0.243857, 0.490055; 0, 33, 1, 1; 84116968; 1, 0, 1; 0, 1, 0; 1, 1, 2;
1, 3802; -3.560097, 1.309167, -1.004897 / -3.559909, 1.309439, -1.004702 / -3.560285, 1.308895, -1.005093; 0, 2, 1, 0; 25514054; 2, 1, 1; 0, 2, 0; 4, 1, 2/ 4, 3, 1;
0, 3802; -3.560529, 1.309363, -1.001494; 0, 2, 1, 0; 25513905; 1, 0, 1; 0, 1, 0; 1, 1, 2;
0, 3802; -3.567842, 1.302274, -1.007376; 0, 2, 1, 0; 25512905; 0, 1, 0; 1, 0, 0; 3, 1, 1;
1, 3805; 1.675239, 3.644893, -0.273832; 0, 42, 1, 1; 56142991; 1, 0, 1; 0, 1, 0; 1, 1, 2;
1, 3816; 2.806201, -1.293987, -0.264520; 0, 33, 1, 0; 47437634; 1, 0, 1; 1, 0, 0; 2, 1, 2;
0, 3816; 2.836458, -1.295825, 0.043786; 0, 33, 1, 0; 47801543; 0, 1, 0; 1, 0, 0; 2, 1, 1;
0, 3816; 2.974433, -1.688236, 1.425371; 0, 35, 1, 1; 69591394; 1, 0, 1; 0, 1, 0; 4, 1, 2;
0, 3816; 2.978317, -1.694540, 1.433002; 0, 35, 1, 1; 69590220; 1, 0, 1; 0, 1, 0; 1, 1, 2;
0, 3816; 2.979539, -1.691836, 1.428199; 0, 35, 1, 1; 69590368; 1, 0, 1; 0, 1, 0; 1, 1, 2;
0, 3816; 3.628848, -1.292100, 2.236922; 0, 46, 1, 1; 91734233; 1, 0, 1; 0, 1, 0; 4, 1, 2;
1, 3818; -3.492990, 0.272821, -2.244923; 0, 2, 1, 0; 68448727; 1, 0, 1; 0, 1, 0; 4, 1, 2;
1, 3824; -2.672154, 3.444525, 3.188152; 0, 5, 1, 1; 187519064; 0, 1, 0; 1, 0, 0; 3, 1, 1;
1, 3830; 1.290253, 3.661872, 1.879088; 0, 41, 1, 1; 54953469; 1, 0, 1; 0, 1, 0; 1, 1, 2;
1, 3833; -1.077332, 3.705349, -1.993778; 0, 43, 1, 1; 42227654; 1, 0, 1; 0, 1, 0; 1, 1, 2;
1, 3834; 2.506353, -2.461817, -1.828707; 0, 32, 1, 1; 72070323; 1, 0, 1; 0, 1, 0; 1, 1, 2;
0, 3834; 3.674666, -2.769776, -2.002133; 0, 46, 1, 1; 135898299; 1, 0, 1; 0, 1, 0; 1, 1, 2;
1, 3837; 3.222460, -2.625973, -2.011121; 0, 32, 1, 1; 72971580; 1, 0, 1; 0, 1, 0; 4, 1, 2;
1, 3838; -1.524793, -1.518487, 0.770344; 0, 7, 1, 1; 105487402; 1, 0, 1; 0, 1, 0; 4, 1, 2;
0, 3838; -1.631710, -1.397917, 0.712247 / -1.631654, -1.397601, 0.712697 / -1.631765, -1.398233, 0.711797; 0, 7, 1, 1; 116021410; 1, 0, 2; 1, 1, 0; 1, 1, 2/ 3, 1, 2;
0, 3838; -1.635740, -1.385454, 0.697631; 0, 7, 1, 1; 116021780; 1, 0, 1; 0, 1, 0; 4, 1, 2;
0, 3838; -1.666935, -1.305561, 0.633109; 0, 7, 1, 1; 116201633; 1, 0, 1; 0, 1, 0; 4, 1, 2;
0, 3838; -2.192826, -0.838430, 0.674684; 0, 7, 1, 1; 137736731; 0, 1, 0; 0, 1, 0; 4, 1, 1;
0, 3838; -2.206333, -0.831693, 0.676906; 0, 7, 1, 1; 137739015; 1, 0, 1; 0, 1, 0; 1, 1, 2;
0, 3838; -2.323286, -0.838419, 0.725134 / -2.323002, -0.838226, 0.725221 / -2.323569, -0.838613, 0.725046; 0, 7, 1, 1; 137723460; 2, 1, 1; 1, 1, 0; 4, 1, 2/ 2, 4, 1;
1, 3839; -2.977438, -0.278721, 1.574492; 0, 4, 1, 1; 56126744; 0, 1, 0; 0, 1, 0; 1, 1, 1;
0, 3839; -3.038365, -0.499331, 1.658068; 0, 4, 1, 1; 60960634; 0, 1, 0; 0, 1, 0; 1, 1, 1;
0, 3839; -3.187740, 0.561986, 2.041303; 0, 4, 1, 0; 39276775; 1, 0, 1; 1, 0, 0; 2, 1, 2;
0, 3839; -3.193217, 0.556847, 2.035722 / -3.192931, 0.556889, 2.036557 / -3.193503, 0.556805, 2.034888; 0, 4, 1, 0; 39277996; 1, 0, 2; 0, 2, 1; 4, 1, 2/ 1, 3, 2;
0, 3839; -3.194406, 0.556461, 2.035191; 0, 4, 1, 0; 39278002; 1, 0, 1; 1, 0, 0; 3, 1, 2;
0, 3839; -3.199664, 0.561866, 2.025723; 0, 4, 1, 0; 39279231; 1, 0, 1; 1, 0, 0; 2, 1, 2;
0, 3839; -3.206397, 0.563685, 2.021541 / -3.206157, 0.563689, 2.021923 / -3.206637, 0.563682, 2.021158; 0, 4, 1, 0; 39279507; 2, 2, 3; 2, 3, 1; 2, 1, 2/ 3, 1, 2/ 4, 1, 1/ 1, 3, 2/ 4, 3, 1;
0, 3839; -3.208428, 0.563978, 2.016071; 0, 4, 1, 0; 39280625; 1, 0, 1; 0, 1, 0; 4, 1, 2;
1, 3847; -3.865355, -1.181181, 3.152207; 0, 5, 1, 0; 51817743; 1, 0, 1; 0, 1, 0; 1, 1, 2;
0, 3847; -3.879725, -1.158744, 3.165558; 0, 5, 1, 0; 51819566; 0, 1, 0; 0, 1, 0; 1, 1, 1;
1, 3848; 0.773801, 0.935021, -0.282599; 0, 26, 1, 1; 116983186; 1, 0, 1; 0, 1, 0; 4, 1, 2;
0, 3848; 3.337897, -3.393419, 1.034829; 0, 36, 1, 0; 3534427; 1, 0, 1; 1, 0, 0; 3, 1, 2;
1, 3853; 2.933113, -3.375064, -3.723459 / 2.933439, -3.375054, -3.723127 / 2.932787, -3.375074, -3.723791; 0, 29, 1, 1; 152778821; 2, 1, 1; 0, 2, 1; 4, 1, 2/ 1, 3, 1;
1, 3855; 1.727306, 2.452167, -0.131078; 0, 26, 1, 1; 72240402; 1, 0, 1; 0, 1, 0; 1, 1, 2;
0, 3855; 1.728661, 2.452056, -0.131898 / 1.729345, 2.452771, -0.131814 / 1.727976, 2.451342, -0.131982; 0, 26, 1, 1; 72240471; 1, 0, 2; 0, 2, 0; 4, 1, 2/ 4, 4, 2;
0, 3855; 1.738354, 2.355939, -0.193644; 0, 26, 1, 1; 81754477; 1, 0, 1; 0, 1, 0; 4, 1, 2;
0, 3855; 1.831621, 2.293656, -0.188069; 0, 26, 1, 1; 82377306; 1, 0, 1; 0, 1, 0; 4, 1, 2;
0, 3855; 1.831939, 2.291447, -0.196357; 0, 26, 1, 1; 82378502; 1, 0, 1; 0, 1, 0; 1, 1, 2;
0, 3855; 1.900802, 2.333790, -0.527872; 0, 26, 1, 1; 82585911; 0, 1, 0; 0, 1, 0; 4, 1, 1;
0, 3855; 1.907252, 2.340833, -0.528646; 0, 26, 1, 1; 82586906; 1, 0, 1; 0, 1, 0; 1, 1, 2;
0, 3855; 2.140010, 0.791585, -0.806227; 0, 33, 1, 1; 114779743; 1, 0, 1; 0, 1, 0; 1, 1, 2;
1, 3865; 0.546586, 1.731086, -1.071145; 0, 15, 1, 1; 89412061; 1, 0, 1; 1, 0, 0; 3, 1, 2;
1, 3866; 1.258799, 2.769257, 0.103670; 0, 26, 1, 1; 61760306; 1, 0, 1; 0, 1, 0; 4, 1, 2;
0, 3866; 1.578342, 1.688034, -1.773037; 0, 28, 1, 0; 35193543; 1, 0, 1; 0, 1, 0; 4, 1, 2;
0, 3866; 2.867966, 0.029686, -3.562347; 0, 30, 1, 1; 91783842; 0, 1, 0; 0, 1, 0; 4, 1, 1;
1, 3867; -1.607946, -1.307598, 0.154430; 0, 9, 1, 1; 86306139; 1, 0, 1; 1, 0, 0; 3, 1, 2;
0, 3867; -1.887063, 0.231162, 0.379909; 0, 9, 1, 1; 46961564; 0, 1, 0; 0, 1, 0; 1, 1, 1;
0, 3867; -2.294501, 1.300689, 0.542892; 0, 9, 1, 0; 11249434; 1, 0, 1; 1, 0, 0; 3, 1, 2;
0, 3867; -2.297586, 1.284060, 0.515592; 0, 9, 1, 0; 11245586; 1, 0, 1; 0, 1, 0; 1, 1, 2;
0, 3867; -2.325354, 1.256374, 0.446860; 0, 9, 1, 0; 11366814; 0, 1, 0; 0, 1, 0; 4, 1, 1;
0, 3867; -2.326896, 1.260954, 0.450312; 0, 9, 1, 0; 11367051; 1, 0, 1; 1, 0, 0; 2, 1, 2;
0, 3867; -2.326900, 1.277651, 0.463634 / -2.325969, 1.278443, 0.463938 / -2.327831, 1.276859, 0.463329; 0, 9, 1, 0; 11368550; 1, 0, 3; 1, 2, 0; 1, 1, 2/ 3, 2, 2/ 1, 6, 2;
0, 3867; -2.330769, 1.269583, 0.462156; 0, 9, 1, 0; 11368520; 1, 0, 1; 1, 0, 0; 2, 1, 2;
1, 3871; -2.755321, -3.539661, -3.395487; 0, 1, 1, 0; 11395299; 0, 1, 0; 0, 1, 0; 1, 1, 1;
0, 3871; -2.756584, -3.539017, -3.394218 / -2.756091, -3.538822, -3.393822 / -2.757077, -3.539212, -3.394615; 0, 1, 1, 0; 11395224; 1, 0, 2; 1, 1, 0; 2, 1, 2/ 4, 2, 2;
1, 3872; 3.504477, 3.405564, -3.810598; 0, 31, 1, 0; 37535896; 1, 0, 1; 0, 1, 0; 4, 1, 2;
1, 3874; 1.519665, -0.859010, -2.236297; 0, 27, 1, 1; 154779567; 1, 0, 1; 0, 1, 0; 4, 1, 2;
1, 3878; -1.854565, 0.993129, 3.407380; 0, 6, 1, 1; 68130422; 0, 1, 0; 1, 0, 0; 2, 1, 1;
1, 3879; -0.496566, 1.531852, 1.824297; 0, 21, 1, 1; 39952841; 0, 1, 0; 1, 0, 0; 3, 1, 1;
1, 3894; 1.255086, -3.855399, 2.425472 / 1.255676, -3.854935, 2.425710 / 1.254496, -3.855862, 2.425234; 0, 25, 1, 0; 25919791; 0, 2, 0; 1, 1, 0; 4, 1, 1/ 3, 5, 1;
1, 3897; 0.662707, -2.478127, 3.204162; 0, 24, 1, 1; 244963140; 1, 0, 1; 0, 1, 0; 1, 1, 2;
0, 3897; 0.664366, -2.478939, 3.206328; 0, 24, 1, 1; 244962978; 1, 0, 1; 0, 1, 0; 1, 1, 2;
0, 3897; 1.439707, -2.719878, 3.097585; 0, 24, 1, 1; 256715020; 0, 1, 0; 1, 0, 0; 2, 1, 1;
1, 3900; 2.541162, -3.846487, -3.242554 / 2.541538, -3.846021, -3.242186 / 2.540786, -3.846954, -3.242921; 0, 29, 1, 1; 141345949; 2, 1, 1; 0, 2, 0; 4, 1, 2/ 4, 4, 1;
0, 3900; 2.542959, -3.848579, -3.240573; 0, 29, 1, 1; 141345882; 1, 0, 1; 1, 0, 0; 2, 1, 2;
1, 3904; 3.324499, -3.870683, 3.372015; 0, 36, 1, 1; 24806511; 1, 0, 1; 0, 1, 0; 1, 1, 2;
0, 3904; 3.324796, -3.873882, 3.371409; 0, 36, 1, 1; 24806647; 1, 0, 1; 0, 1, 0; 4, 1, 2;
1, 3908; -0.871491, -1.946182, -0.987524; 0, 16, 1, 1; 92120617; 1, 0, 1; 0, 1, 0; 1, 1, 2;
1, 3909; -1.439697, 2.440589, 0.339354; 0, 8, 1, 1; 129958545; 1, 0, 1; 0, 1, 0; 1, 1, 2;
1, 3915; 0.394866, -1.394786, -1.268295; 0, 16, 1, 1; 72087515; 0, 1, 0; 0, 1, 0; 1, 1, 1;
1, 3919; 3.878293, 2.787628, -3.389153; 0, 45, 1, 0; 20273071; 0, 1, 0; 0, 1, 0; 1, 1, 1;
1, 3924; -1.101459, -1.927220, -1.539233; 0, 10, 1, 1; 69901126; 1, 0, 1; 0, 1, 0; 4, 1, 2;
0, 3924; -1.101767, -1.921043, -1.541644; 0, 10, 1, 1; 69902256; 1, 0, 1; 0, 1, 0; 4, 1, 2;
0, 3924; -1.106749, -1.932248, -1.544034 / -1.106057, -1.931895, -1.543076 / -1.107440, -1.932601, -1.544992; 0, 10, 1, 1; 69900992; 1, 0, 2; 0, 2, 0; 1, 1, 2/ 1, 8, 2;
0, 3924; 2.027422, -3.068294, 0.134940; 0, 27, 1, 0; 37572705; 0, 1, 0; 1, 0, 0; 3, 1, 1;
1, 3927; -1.359243, -1.480914, 0.633173; 0, 7, 1, 1; 113027338; 1, 0, 1; 0, 1, 0; 1, 1, 2;
0, 3927; -1.954003, -1.731238, -1.144550 / -1.953850, -1.730985, -1.144255 / -1.954155, -1.731491, -1.144846; 0, 10, 1, 1; 80145654; 2, 1, 1; 1, 1, 0; 3, 1, 1/ 1, 3, 2;
1, 3928; -2.299234, -2.056686, 2.423610 / -2.298787, -2.056183, 2.424410 / -2.299681, -2.057189, 2.422809; 0, 6, 1, 1; 164872752; 2, 1, 2; 1, 2, 0; 2, 1, 2/ 1, 5, 2/ 1, 6, 1;
0, 3928; -3.340623, -2.610095, 2.903674; 0, 5, 1, 0; 1554413; 0, 1, 0; 1, 0, 0; 3, 1, 1;
0, 3928; -3.342366, -2.610461, 2.907769 / -3.342025, -2.609913, 2.907814 / -3.342706, -2.611009, 2.907724; 0, 5, 1, 0; 1553368; 2, 1, 1; 1, 1, 0; 4, 1, 1/ 2, 2, 2;
1, 3942; 2.192753, 0.571341, -3.173632; 0, 30, 1, 1; 96532910; 1, 0, 1; 0, 1, 0; 1, 1, 2;
1, 3945; -1.177647, 0.207307, 3.161090; 0, 6, 1, 1; 101810656; 1, 0, 1; 1, 0, 0; 3, 1, 2;
0, 3945; -1.178559, 0.205814, 3.161819; 0, 6, 1, 1; 101810499; 1, 0, 1; 0, 1, 0; 1, 1, 2;
1, 3952; 3.114380, 1.936719, 0.866735; 0, 34, 1, 1; 106255959; 1, 0, 1; 0, 1, 0; 4, 1, 2;
1, 3953; -0.338694, 2.662984, -0.071083; 0, 20, 1, 0; 14055253; 1, 0, 1; 0, 1, 0; 1, 1, 2;
0, 3953; 0.324929, 1.634302, 0.186513; 0, 19, 1, 1; 57557794; 1, 0, 1; 0, 1, 0; 1, 1, 2;
0, 3953; 0.344585, 1.528005, 0.173360; 0, 19, 1, 1; 57581390; 0, 1, 0; 0, 1, 0; 1, 1, 1;
0, 3953; 0.524328, 0.975606, 0.150658; 0, 19, 1, 1; 39483188; 1, 0, 1; 1, 0, 0; 3, 1, 2;
1, 3961; -1.238611, 2.504735, -0.719942 / -1.238495, 2.505501, -0.719887 / -1.238727, 2.503970, -0.719997; 0, 8, 1, 1; 122517329; 2, 1, 1; 0, 2, 1; 1, 1, 2/ 4, 3, 1;
0, 3961; -1.856776, 3.532905, -0.193878; 0, 8, 1, 1; 99128525; 1, 0, 1; 0, 1, 0; 1, 1, 2;
0, 3961; -1.857778, 3.532083, -0.196014; 0, 8, 1, 1; 99128447; 0, 1, 0; 0, 1, 0; 4, 1, 1;
0, 3961; -1.858585, 3.530567, -0.186965; 0, 8, 1, 1; 99129506; 1, 0, 1; 0, 1, 0; 4, 1, 2;
0, 3961; -1.859168, 3.522211, -0.175275; 0, 8, 1, 1; 99131795; 1, 0, 1; 0, 1, 0; 4, 1, 2;
0, 3961; -1.859801, 3.521514, -0.178603; 0, 8, 1, 1; 99130748; 0, 1, 0; 0, 1, 0; 1, 1, 1;
0, 3961; -1.861543, 3.521829, -0.178084 / -1.860374, 3.522482, -0.177809 / -1.862712, 3.521176, -0.178359; 0, 8, 1, 1; 99130739; 2, 4, 1; 1, 4, 1; 1, 1, 1/ 3, 1, 2/ 1, 4, 1/ 1, 5, 1/ 4, 8, 1;
0, 3961; -1.862623, 3.529407, -0.172390; 0, 8, 1, 1; 99131841; 0, 1, 0; 0, 1, 0; 1, 1, 1;
0, 3961; -1.862912, 3.528307, -0.182235; 0, 8, 1, 1; 99130643; 1, 0, 1; 0, 1, 0; 4, 1, 2;
0, 3961; -1.863292, 3.529018, -0.170639; 0, 8, 1, 1; 99131920; 0, 1, 0; 0, 1, 0; 1, 1, 1;
0, 3961; -1.879690, 3.534385, -0.159724; 0, 8, 1, 1; 99133802; 0, 1, 0; 1, 0, 0; 2, 1, 1;
1, 3970; 0.697973, -3.492093, 1.398615; 0, 25, 1, 0; 38242727; 1, 0, 1; 0, 1, 0; 4, 1, 2;
1, 3983; -0.700131, 0.986156, -2.606860; 0, 14, 1, 1; 61656357; 0, 1, 0; 0, 1, 0; 1, 1, 1;
0, 3983; -1.907424, -0.656329, -2.326431; 0, 10, 1, 1; 110678890; 0, 1, 0; 0, 1, 0; 4, 1, 1;
0, 3983; -2.456626, -1.447849, -1.964728; 0, 2, 1, 1; 109325074; 1, 0, 1; 0, 1, 0; 4, 1, 2;
1, 3984; -1.961912, 3.104996, -2.595891; 0, 11, 1, 1; 113505320; 1, 0, 1; 0, 1, 0; 4, 1, 2;
0, 3984; -1.968951, 3.112071, -2.593636; 0, 11, 1, 1; 113506478; 0, 1, 0; 0, 1, 0; 1, 1, 1;
1, 3995; -0.192062, -0.208182, -0.126431 / -0.191394, -0.207938, -0.126417 / -0.192731, -0.208425, -0.126446; 0, 18, 1, 1; 80359617; 1, 0, 2; 1, 1, 0; 4, 1, 2/ 3, 4, 2;
0, 3995; -0.194521, -0.203401, -0.124941 / -0.194490, -0.203255, -0.124719 / -0.194553, -0.203547, -0.125163; 0, 18, 1, 1; 80359844; 0, 2, 0; 0, 2, 0; 4, 1, 1/ 4, 2, 1;
0, 3995; -0.195051, -0.202425, -0.122680; 0, 18, 1, 1; 80359919; 0, 1, 0; 0, 1, 0; 1, 1, 1;
0, 3995; 0.239283, -0.549090, -0.499240; 0, 18, 1, 1; 69369885; 1, 0, 1; 0, 1, 0; 4, 1, 2;
0, 3995; 0.275635, -0.495688, -0.143763 / 0.275897, -0.495303, -0.142798 / 0.275373, -0.496072, -0.144727; 0, 18, 1, 1; 69601027; 1, 0, 2; 0, 2, 1; 1, 1, 2/ 4, 2, 2;
1, 4008; -1.525513, -0.214865, 3.804913; 0, 40, 1, 0; 15954205; 1, 0, 1; 0, 1, 0; 4, 1, 2;
0, 4008; -1.545663, -0.203785, 3.820417; 0, 40, 1, 0; 15952192; 1, 0, 1; 0, 1, 0; 1, 1, 2;
1, 4025; -2.903927, -2.782629, -3.324424; 0, 1, 1, 0; 29227514; 1, 0, 1; 0, 1, 0; 1, 1, 2;
0, 4025; -3.070030, -2.630282, -3.411454; 0, 1, 1, 0; 40197321; 1, 0, 1; 1, 0, 0; 2, 1, 2;
0, 4025; -3.079598, -2.633757, -3.420389; 0, 1, 1, 0; 40198357; 1, 0, 1; 0, 1, 0; 1, 1, 2;
0, 4025; -3.278113, -2.488829, -3.464131; 0, 1, 1, 0; 40254268; 0, 1, 0; 0, 1, 0; 1, 1, 1;
0, 4025; -3.283368, -2.492929, -3.500458; 0, 1, 1, 0; 40258970; 0, 1, 0; 0, 1, 0; 4, 1, 1;
1, 4028; -0.167572, 1.891940, 1.008100; 0, 21, 1, 1; 28546096; 0, 1, 0; 1, 0, 0; 3, 1, 1;
0, 4028; -0.247203, 1.856999, 1.028842 / -0.246589, 1.857057, 1.029028 / -0.247817, 1.856941, 1.028656; 0, 21, 1, 1; 28644177; 1, 0, 2; 0, 2, 1; 4, 1, 2/ 1, 4, 2;
0, 4028; -0.524412, 2.039664, 1.092486; 0, 21, 1, 1; 28965059; 0, 1, 0; 0, 1, 0; 1, 1, 1;
0, 4028; -0.877225, 2.588354, 1.261444; 0, 21, 1, 0; 8224679; 0, 1, 0; 0, 1, 0; 1, 1, 1;
0, 4028; -1.937660, 3.413236, 1.000833; 0, 8, 1, 1; 91901770; 1, 0, 1; 1, 0, 0; 2, 1, 2;
0, 4028; -1.938984, 3.398824, 0.993449; 0, 8, 1, 1; 91902114; 1, 0, 1; 0, 1, 0; 4, 1, 2;
0, 4028; -1.941447, 3.411371, 1.005948 / -1.941328, 3.411654, 1.006419 / -1.941566, 3.411088, 1.005477; 0, 8, 1, 1; 91902798; 0, 2, 0; 1, 1, 0; 1, 1, 1/ 3, 5, 1;
1, 4037; -2.190768, -0.995702, -0.848309 / -2.190140, -0.994990, -0.847864 / -2.191397, -0.996413, -0.848753; 0, 9, 1, 1; 76212026; 2, 1, 1; 0, 2, 1; 1, 1, 2/ 4, 1, 1;
0, 4037; -2.190905, -0.995802, -0.848262 / -2.190559, -0.995450, -0.847276 / -2.191252, -0.996153, -0.849248; 0, 9, 1, 1; 76212027; 0, 2, 0; 0, 2, 1; 1, 1, 1/ 4, 1, 1;
0, 4037; -2.191902, -0.995780, -0.849045; 0, 9, 1, 1; 76212029; 1, 0, 1; 0, 1, 0; 1, 1, 2;
0, 4037; -2.312483, 3.565106, 1.043399; 0, 8, 1, 1; 94370538; 0, 1, 0; 1, 0, 0; 2, 1, 1;
1, 4042; -1.258655, -3.664795, -2.204491; 0, 10, 1, 0; 17061638; 0, 1, 0; 0, 1, 0; 1, 1, 1;
0, 4042; -1.266239, -3.655587, -2.199155; 0, 10, 1, 0; 17062053; 0, 1, 0; 0, 1, 0; 1, 1, 1;
0, 4042; -1.266391, -3.653764, -2.198294; 0, 10, 1, 0; 17062134; 0, 1, 0; 0, 1, 0; 4, 1, 1;
0, 4042; -1.987692, -2.898133, -1.976847; 0, 10, 1, 0; 45072609; 1, 0, 1; 1, 0, 0; 2, 1, 2;
0, 4042; -2.070115, -1.941556, -2.484286; 0, 12, 1, 1; 115880772; 1, 0, 1; 1, 0, 0; 3, 1, 2;
0, 4042; -2.190328, -2.187193, -2.271669; 0, 10, 1, 1; 60382995; 1, 0, 1; 1, 0, 0; 3, 1, 2;
1, 4046; 0.825217, -3.545084, -2.256352; 0, 27, 1, 1; 71884010; 1, 0, 1; 0, 1, 0; 1, 1, 2;
0, 4046; 1.577272, -3.357799, -1.050347; 0, 27, 1, 1; 77210975; 1, 0, 1; 1, 0, 0; 3, 1, 2;
0, 4046; 1.707850, -3.400427, -1.053666; 0, 27, 1, 1; 77305243; 0, 1, 0; 0, 1, 0; 1, 1, 1;
0, 4046; 1.709136, -3.395843, -1.055736; 0, 27, 1, 1; 77305228; 1, 0, 1; 0, 1, 0; 1, 1, 2;
0, 4046; 1.709618, -3.395015, -1.077771; 0, 27, 1, 1; 77301702; 0, 1, 0; 1, 0, 0; 2, 1, 1;
0, 4046; 1.712064, -3.388867, -1.054415 / 1.712372, -3.388830, -1.053879 / 1.711756, -3.388904, -1.054951; 0, 27, 1, 1; 77305386; 1, 0, 2; 1, 1, 0; 1, 1, 2/ 3, 1, 2;
0, 4046; 1.714126, -3.319672, -1.102694; 0, 27, 1, 1; 77071419; 0, 1, 0; 1, 0, 0; 2, 1, 1;
1, 4048; 1.317523, -3.704901, -0.265622; 0, 27, 1, 1; 58239238; 1, 0, 1; 1, 0, 0; 3, 1, 2;
1, 4050; 2.453835, -1.145174, 1.088846; 0, 35, 1, 1; 53852586; 0, 1, 0; 0, 1, 0; 1, 1, 1;
0, 4050; 2.464378, -1.150728, 1.074827; 0, 35, 1, 1; 53850375; 1, 0, 1; 0, 1, 0; 1, 1, 2;
0, 4050; 2.779040, -1.437119, 1.071020 / 2.780041, -1.435965, 1.071050 / 2.778039, -1.438273, 1.070990; 0, 35, 1, 1; 58889543; 2, 1, 1; 0, 2, 0; 1, 1, 2/ 1, 10, 1;
0, 4050; 3.222940, -1.843737, 0.995169; 0, 35, 1, 1; 77072342; 1, 0, 1; 0, 1, 0; 4, 1, 2;
1, 4054; 1.010686, -0.823706, -2.936580; 0, 29, 1, 0; 42710335; 1, 0, 1; 1, 0, 0; 3, 1, 2;
0, 4054; 1.551379, -1.435300, -2.513599; 0, 29, 1, 0; 58892401; 1, 0, 1; 0, 1, 0; 4, 1, 2;
1, 4060; 0.413044, 0.634597, 3.046139; 0, 23, 1, 1; 235431164; 1, 0, 1; 0, 1, 0; 1, 1, 2;
0, 4060; 1.538275, -1.482057, 0.735389 / 1.539041, -1.481892, 0.735498 / 1.537510, -1.482221, 0.735281; 0, 25, 1, 1; 102575352; 2, 1, 1; 1, 1, 0; 2, 1, 2/ 1, 4, 1;
0, 4060; 1.608136, -1.570633, 0.557530; 0, 26, 1, 1; 201669271; 0, 1, 0; 0, 1, 0; 1, 1, 1;
0, 4060; 2.434996, -1.921237, 1.687313; 0, 35, 1, 1; 80243686; 0, 1, 0; 0, 1, 0; 4, 1, 1;
0, 4060; 2.927142, -1.870321, 0.736664; 0, 35, 1, 1; 75012930; 1, 0, 1; 1, 0, 0; 2, 1, 2;
0, 4060; 2.928395, -1.870475, 0.736482 / 2.929641, -1.870275, 0.736741 / 2.927150, -1.870674, 0.736223; 0, 35, 1, 1; 75012922; 2, 1, 1; 0, 2, 1; 4, 1, 2/ 1, 8, 1;
0, 4060; 2.928635, -1.878522, 0.744169; 0, 35, 1, 1; 75014081; 1, 0, 1; 1, 0, 0; 2, 1, 2;
0, 4060; 2.928865, -1.870394, 0.728253 / 2.930103, -1.869904, 0.728646 / 2.927627, -1.870883, 0.727860; 0, 35, 1, 1; 75011720; 1, 0, 2; 0, 2, 1; 4, 1, 2/ 1, 10, 2;
0, 4060; 2.941111, -1.877800, 0.747363; 0, 35, 1, 1; 75014350; 0, 1, 0; 1, 0, 0; 3, 1, 1;
0, 4060; 2.964148, -1.705399, 0.782910; 0, 35, 1, 1; 73196911; 0, 1, 0; 0, 1, 0; 1, 1, 1;
0, 4060; 2.977910, -1.842674, 0.765221 / 2.978827, -1.841350, 0.765565 / 2.976993, -1.843998, 0.764878; 0, 35, 1, 1; 74885955; 2, 2, 1; 1, 2, 1; 1, 1, 1/ 2, 1, 1/ 4, 8, 2;
0, 4060; 3.567449, -1.816260, 0.730653; 0, 35, 1, 1; 74161581; 0, 1, 0; 1, 0, 0; 3, 1, 1;
1, 4064; 3.478527, 3.393556, 1.592007 / 3.478791, 3.393847, 1.592284 / 3.478264, 3.393265, 1.591730; 0, 34, 1, 1; 59859849; 1, 0, 2; 2, 0, 0; 2, 1, 2/ 3, 4, 2;
1, 4065; 0.091109, -1.027257, -0.619235; 0, 18, 1, 1; 50821473; 1, 0, 1; 0, 1, 0; 4, 1, 2;
1, 4070; 1.540866, -1.659123, -3.088345; 0, 29, 1, 1; 70878485; 1, 0, 1; 0, 1, 0; 4, 1, 2;
1, 4076; -1.380482, 0.414028, 2.202150 / -1.380229, 0.414374, 2.203228 / -1.380735, 0.413681, 2.201071; 0, 6, 1, 1; 94067764; 2, 1, 1; 0, 2, 1; 1, 1, 2/ 4, 7, 1;
1, 4078; -2.069972, 0.939994, -0.231245; 0, 9, 1, 0; 15806252; 0, 1, 0; 0, 1, 0; 1, 1, 1;
1, 4082; -1.461117, 2.164695, 1.398042 / -1.461094, 2.164890, 1.398576 / -1.461141, 2.164499, 1.397507; 0, 8, 1, 1; 52867827; 2, 1, 1; 1, 1, 0; 4, 1, 1/ 3, 3, 2;
1, 4088; 0.792312, -1.852285, -3.542430; 0, 29, 1, 1; 82598753; 1, 0, 1; 0, 1, 0; 4, 1, 2;
0, 4088; 1.291046, -2.040354, -3.840392 / 1.291359, -2.039832, -3.840066 / 1.290733, -2.040877, -3.840718; 0, 29, 1, 1; 83753120; 0, 2, 0; 1, 1, 0; 4, 1, 1/ 3, 4, 1;
0, 4088; 1.293148, -2.040744, -3.839255; 0, 29, 1, 1; 83753040; 1, 0, 1; 0, 1, 0; 4, 1, 2;
1, 4104; 3.657293, -0.652729, 0.398716; 0, 46, 1, 1; 71457952; 0, 1, 0; 1, 0, 0; 3, 1, 1;
0, 4104; 3.721389, -0.522901, 0.361043 / 3.722226, -0.522862, 0.362299 / 3.720552, -0.522941, 0.359787; 0, 46, 1, 1; 61069062; 1, 0, 2; 0, 2, 0; 4, 1, 2/ 4, 8, 2;
0, 4104; 3.738976, -1.819497, 0.707902; 0, 46, 1, 1; 107660805; 0, 1, 0; 1, 0, 0; 3, 1, 1;
1, 4108; -2.909391, 3.279339, 2.267405; 0, 5, 1, 1; 171767147; 1, 0, 1; 0, 1, 0; 1, 1, 2;
0, 4108; -2.911438, 3.280554, 2.263377; 0, 5, 1, 1; 171768189; 1, 0, 1; 0, 1, 0; 4, 1, 2;
1, 4112; -2.596121, 1.912184, 2.634091; 0, 5, 1, 1; 135088408; 1, 0, 1; 0, 1, 0; 1, 1, 2;
0, 4112; -2.867628, 1.416249, 2.130848; 0, 5, 1, 1; 118001176; 1, 0, 1; 0, 1, 0; 1, 1, 2;
0, 4112; -3.204311, 0.857172, 1.386694; 0, 4, 1, 0; 26684340; 0, 1, 0; 0, 1, 0; 4, 1, 1;
1, 4119; 1.597525, 2.061007, -3.109551; 0, 28, 1, 1; 144404248; 1, 0, 1; 0, 1, 0; 1, 1, 2;
0, 4119; 2.676887, -0.514358, -2.768443; 0, 30, 1, 1; 75350599; 1, 0, 1; 0, 1, 0; 4, 1, 2;
1, 4120; -0.737633, -3.676679, 3.662414 / -0.737437, -3.675909, 3.662711 / -0.737829, -3.677449, 3.662116; 0, 39, 1, 1; 66754659; 2, 1, 1; 0, 2, 1; 4, 1, 2/ 1, 4, 1;
0, 4120; -0.738502, -3.679212, 3.664305; 0, 39, 1, 1; 66754578; 1, 0, 1; 0, 1, 0; 1, 1, 2;
0, 4120; -0.743208, -3.667798, 3.657001 / -0.742823, -3.667357, 3.657484 / -0.743593, -3.668238, 3.656518; 0, 39, 1, 1; 66753724; 0, 2, 0; 2, 0, 0; 2, 1, 1/ 2, 5, 1;
1, 4121; -0.830884, -2.922265, 3.769984; 0, 39, 1, 1; 67889687; 0, 1, 0; 1, 0, 0; 3, 1, 1;
1, 4126; -2.594068, 1.273254, -3.244663; 0, 1, 1, 1; 153951415; 1, 0, 1; 0, 1, 0; 4, 1, 2;
1, 4131; -2.556141, -0.706621, -3.870270; 0, 1, 1, 0; 97483047; 1, 0, 1; 0, 1, 0; 1, 1, 2;
1, 4138; 1.585987, -0.112847, 2.732772; 0, 24, 1, 1; 174514570; 1, 0, 1; 0, 1, 0; 1, 1, 2;
1, 4143; -3.808186, 0.582559, 3.143899; 0, 5, 1, 1; 90050679; 1, 0, 1; 0, 1, 0; 1, 1, 2;
1, 4144; 3.685112, -2.511680, 0.634499; 0, 46, 1, 1; 125914489; 1, 0, 1; 1, 0, 0; 3, 1, 2;
1, 4145; -0.959101, -1.864629, 1.104202; 0, 7, 1, 1; 94102838; 1, 0, 1; 0, 1, 0; 1, 1, 2;
1, 4147; 2.736829, -2.069659, 0.709623 / 2.737211, -2.069216, 0.710033 / 2.736447, -2.070102, 0.709212; 0, 35, 1, 1; 75211916; 2, 1, 2; 1, 2, 1; 4, 1, 2/ 1, 4, 1/ 2, 4, 2;
1, 4153; 3.875895, -3.629414, 1.327254; 0, 46, 1, 1; 162361232; 1, 0, 1; 0, 1, 0; 4, 1, 2;
0, 4153; 3.877727, -3.639819, 1.326750; 0, 46, 1, 1; 162361014; 0, 1, 0; 0, 1, 0; 1, 1, 1;
1, 4154; -0.916647, -0.795700, 2.529985; 0, 6, 1, 1; 127204784; 1, 0, 1; 0, 1, 0; 1, 1, 2;
0, 4154; -0.929689, -0.808727, 2.595993; 0, 6, 1, 1; 127195430; 0, 1, 0; 1, 0, 0; 2, 1, 1;
0, 4154; -0.997428, -0.657274, 2.466422; 0, 6, 1, 1; 127240124; 1, 0, 1; 1, 0, 0; 2, 1, 2;
0, 4154; -2.042251, 1.277202, -0.165864; 0, 9, 1, 0; 7405001; 0, 1, 0; 1, 0, 0; 3, 1, 1;
0, 4154; -3.040667, 1.894127, -3.091164; 0, 1, 1, 1; 175433455; 1, 0, 1; 0, 1, 0; 4, 1, 2;
0, 4154; -3.042707, 1.891493, -3.092192; 0, 1, 1, 1; 175433373; 1, 0, 1; 0, 1, 0; 4, 1, 2;
1, 4156; -0.331305, 1.454131, -0.378900; 0, 19, 1, 1; 45734175; 1, 0, 1; 1, 0, 0; 2, 1, 2;
0, 4156; -0.353700, 1.261213, -0.447405 / -0.351956, 1.261424, -0.447088 / -0.355443, 1.261002, -0.447722; 0, 19, 1, 1; 45962490; 2, 1, 1; 1, 1, 0; 1, 1, 2/ 3, 10, 1;
0, 4156; -0.414990, 0.990775, -0.502472; 0, 19, 1, 1; 33938706; 0, 1, 0; 1, 0, 0; 2, 1, 1;
0, 4156; -3.194643, -2.443179, 2.289309; 0, 5, 1, 0; 2564079; 1, 0, 1; 0, 1, 0; 4, 1, 2;
1, 4160; -3.275148, -2.070439, 0.727528; 0, 4, 1, 1; 104374834; 0, 1, 0; 0, 1, 0; 4, 1, 1;
0, 4160; -3.368820, -1.851591, 0.483815; 0, 2, 1, 1; 242779666; 1, 0, 1; 0, 1, 0; 4, 1, 2;
0, 4160; -3.452843, -2.004978, 1.010283; 0, 4, 1, 1; 105583937; 0, 1, 0; 1, 0, 0; 3, 1, 1;
0, 4160; -3.456648, -2.016066, 1.001054; 0, 4, 1, 1; 105584781; 1, 0, 1; 0, 1, 0; 4, 1, 2;
1, 4163; -3.641125, 0.708065, 2.831234; 0, 5, 1, 1; 105964464; 1, 0, 1; 0, 1, 0; 4, 1, 2;
0, 4163; -3.655233, 0.954894, 3.213722; 0, 5, 1, 1; 108234189; 0, 1, 0; 0, 1, 0; 1, 1, 1;
1, 4168; -2.291366, 2.960438, -2.870851; 0, 11, 1, 1; 117412540; 1, 0, 1; 1, 0, 0; 2, 1, 2;
1, 4178; 2.572273, -3.229835, 3.672421; 0, 38, 1, 1; 66821728; 1, 0, 1; 0, 1, 0; 1, 1, 2;
1, 4179; 1.779843, -2.610325, -0.651879; 0, 27, 1, 0; 26028184; 0, 1, 0; 1, 0, 0; 3, 1, 1;
0, 4179; 1.817528, -2.584321, -0.692668; 0, 27, 1, 0; 26594571; 1, 0, 1; 0, 1, 0; 4, 1, 2;
0, 4179; 1.822097, -2.575170, -0.686693; 0, 27, 1, 0; 26595950; 1, 0, 1; 0, 1, 0; 1, 1, 2;
0, 4179; 1.858725, -2.560755, -0.678779; 0, 27, 1, 0; 26467150; 1, 0, 1; 0, 1, 0; 1, 1, 2;
0, 4179; 1.869061, -2.551748, -0.652417; 0, 27, 1, 0; 26468867; 1, 0, 1; 0, 1, 0; 1, 1, 2;
1, 4187; -3.849395, -1.133890, 2.836440; 0, 5, 1, 1; 52045197; 1, 0, 1; 0, 1, 0; 1, 1, 2;
1, 4190; 0.441130, 1.253542, -0.843772 / 0.441562, 1.254054, -0.843590 / 0.440697, 1.253029, -0.843953; 0, 19, 1, 1; 41625948; 2, 1, 1; 1, 1, 0; 3, 1, 2/ 1, 2, 1;
0, 4190; 0.443662, 1.253434, -0.843648; 0, 19, 1, 1; 41625872; 0, 1, 0; 1, 0, 0; 3, 1, 1;
1, 4224; -1.859187, -3.549439, 3.158105; 0, 7, 1, 0; 26881559; 1, 0, 1; 0, 1, 0; 4, 1, 2;
0, 4224; -1.867194, -3.542475, 3.173943; 0, 7, 1, 0; 26879323; 1, 0, 1; 0, 1, 0; 1, 1, 2;
0, 4224; -1.877049, -3.538028, 3.183417; 0, 7, 1, 0; 26878264; 1, 0, 1; 0, 1, 0; 1, 1, 2;
0, 4224; -1.877969, -3.538100, 3.175146; 0, 7, 1, 0; 26879467; 1, 0, 1; 1, 0, 0; 2, 1, 2;
1, 4226; -2.454110, 3.229760, 1.982622; 0, 3, 1, 1; 164299335; 1, 0, 1; 0, 1, 0; 4, 1, 2;
1, 4238; 1.777902, 3.862351, 3.548263; 0, 41, 1, 0; 11537897; 1, 0, 1; 0, 1, 0; 4, 1, 2;
0, 4238; 1.780972, 3.861059, 3.548213; 0, 41, 1, 0; 11537974; 1, 0, 1; 1, 0, 0; 3, 1, 2;
0, 4238; 2.190368, 3.880793, 3.222642; 0, 41, 1, 0; 16239794; 1, 0, 1; 1, 0, 0; 3, 1, 2;
1, 4243; -2.858975, 3.213630, -0.860585 / -2.858861, 3.213697, -0.860479 / -2.859088, 3.213564, -0.860692; 0, 3, 1, 1; 137802479; 2, 1, 1; 0, 2, 0; 1, 1, 2/ 1, 2, 1;
0, 4243; -2.861192, 3.212451, -0.860093 / -2.860744, 3.213287, -0.859765 / -2.861639, 3.211615, -0.860421; 0, 3, 1, 1; 137802404; 1, 0, 2; 1, 1, 0; 4, 1, 2/ 3, 5, 2;
0, 4243; -2.870140, 3.232027, -0.842548; 0, 3, 1, 1; 137670048; 1, 0, 1; 0, 1, 0; 4, 1, 2;
0, 4243; -2.882120, 3.249169, -0.830741; 0, 3, 1, 1; 137668145; 1, 0, 1; 0, 1, 0; 4, 1, 2;
1, 4246; 0.222054, -3.672296, -2.548653; 0, 13, 1, 1; 42975176; 0, 1, 0; 1, 0, 0; 3, 1, 1;
1, 4253; -1.216677, 1.471875, -1.582470; 0, 11, 1, 0; 30253362; 1, 0, 1; 1, 0, 0; 3, 1, 2;
0, 4253; -1.267609, 1.877102, -2.003022; 0, 11, 1, 0; 48850492; 0, 1, 0; 0, 1, 0; 4, 1, 1;
0, 4253; -1.267731, 1.851538, -1.982777; 0, 11, 1, 0; 48847664; 0, 1, 0; 0, 1, 0; 4, 1, 1;
0, 4253; -1.436303, 3.403018, -2.753132; 0, 11, 1, 1; 98462619; 1, 0, 1; 0, 1, 0; 1, 1, 2;
1, 4255; 2.075415, 0.566654, 1.708331; 0, 25, 1, 1; 154812122; 0, 1, 0; 0, 1, 0; 1, 1, 1;
1, 4259; 2.480199, 2.037425, -0.464306; 0, 34, 1, 0; 4853393; 1, 0, 1; 0, 1, 0; 1, 1, 2;
0, 4259; 3.460634, -0.076735, -2.942997; 0, 30, 1, 1; 86194603; 1, 0, 1; 0, 1, 0; 1, 1, 2;
1, 4265; 3.330163, 3.207319, -1.416798; 0, 31, 1, 1; 50341510; 1, 0, 1; 0, 1, 0; 1, 1, 2;
0, 4265; 3.332917, 3.208688, -1.417213 / 3.333375, 3.209153, -1.416782 / 3.332459, 3.208224, -1.417644; 0, 31, 1, 1; 50341644; 0, 2, 0; 0, 2, 1; 1, 1, 1/ 4, 5, 1;
0, 4265; 3.336220, 3.214595, -1.434644; 0, 31, 1, 1; 50344071; 1, 0, 1; 0, 1, 0; 1, 1, 2;
0, 4265; 3.726347, 3.264138, -1.709040; 0, 45, 1, 0; 16939024; 1, 0, 1; 0, 1, 0; 4, 1, 2;
1, 4267; 2.149638, -1.157332, -2.976849; 0, 30, 1, 1; 58679957; 0, 1, 0; 0, 1, 0; 1, 1, 1;
0, 4267; 2.153041, -1.160243, -2.969520; 0, 30, 1, 1; 58679851; 1, 0, 1; 0, 1, 0; 1, 1, 2;
0, 4267; 2.190775, -1.135591, -2.929174; 0, 30, 1, 1; 58553440; 1, 0, 1; 1, 0, 0; 2, 1, 2;
0, 4267; 2.264121, -1.094955, -2.888322; 0, 30, 1, 1; 58421573; 1, 0, 1; 0, 1, 0; 4, 1, 2;
0, 4267; 2.264956, -1.102507, -2.893229; 0, 30, 1, 1; 58421521; 0, 1, 0; 0, 1, 0; 4, 1, 1;
0, 4267; 2.281138, -1.114249, -2.895914; 0, 30, 1, 1; 58418947; 1, 0, 1; 0, 1, 0; 4, 1, 2;
1, 4276; -0.081606, -0.507588, 3.689412; 0, 39, 1, 1; 51933935; 1, 0, 1; 0, 1, 0; 4, 1, 2;
0, 4276; 0.067612, -0.417388, 3.247200; 0, 23, 1, 1; 201793662; 0, 1, 0; 1, 0, 0; 3, 1, 1;
1, 4278; -0.338775, -2.723479, 0.448170; 0, 18, 1, 0; 1804019; 1, 0, 1; 0, 1, 0; 4, 1, 2;
0, 4278; -0.546769, -2.897022, 0.531307; 0, 18, 1, 0; 1982462; 1, 0, 1; 0, 1, 0; 4, 1, 2;
0, 4278; 0.390719, -2.228865, 0.257141; 0, 18, 1, 0; 13381081; 1, 0, 1; 1, 0, 0; 2, 1, 2;
0, 4278; 0.971539, -1.859368, 0.186547 / 0.971996, -1.858639, 0.186641 / 0.971081, -1.860098, 0.186452; 0, 27, 1, 0; 2686026; 1, 0, 2; 1, 1, 0; 1, 1, 2/ 2, 4, 2;
0, 4278; 0.974575, -1.856511, 0.187284; 0, 27, 1, 0; 2686014; 1, 0, 1; 0, 1, 0; 4, 1, 2;
0, 4278; 1.250389, -1.562626, 0.095195; 0, 26, 1, 1; 200338806; 0, 1, 0; 0, 1, 0; 4, 1, 1;
0, 4278; 3.559794, 0.281063, -0.148668; 0, 33, 1, 1; 88564158; 1, 0, 1; 0, 1, 0; 4, 1, 2;
1, 4279; -0.497373, 2.511259, -1.920953; 0, 15, 1, 1; 61640088; 1, 0, 1; 0, 1, 0; 4, 1, 2;
0, 4279; -0.960050, 1.303823, -1.396720; 0, 11, 1, 0; 32490919; 1, 0, 1; 1, 0, 0; 2, 1, 2;
0, 4279; -0.962685, 1.294554, -1.394629; 0, 11, 1, 0; 32491629; 0, 1, 0; 0, 1, 0; 1, 1, 1;
0, 4279; -0.969184, 1.278753, -1.387506; 0, 11, 1, 0; 32648086; 1, 0, 1; 0, 1, 0; 4, 1, 2;
0, 4279; -1.126700, -0.053106, -0.708273; 0, 9, 1, 1; 56324956; 1, 0, 1; 0, 1, 0; 4, 1, 2;
0, 4279; -1.126810, -0.052375, -0.705037; 0, 9, 1, 1; 56324802; 1, 0, 1; 1, 0, 0; 2, 1, 2;
1, 4280; 0.368636, 1.871437, -3.754825; 0, 14, 1, 1; 88766115; 1, 0, 1; 0, 1, 0; 1, 1, 2;
1, 4284; 1.462338, 3.267708, 3.494475; 0, 24, 1, 0; 78490311; 0, 1, 0; 1, 0, 0; 3, 1, 1;
1, 4291; -0.793293, -2.614031, -3.144791; 0, 13, 1, 1; 74237199; 1, 0, 1; 1, 0, 0; 3, 1, 2;
0, 4291; -1.674189, -3.407196, -2.968269; 0, 13, 1, 1; 25840427; 1, 0, 1; 0, 1, 0; 4, 1, 2;
0, 4291; -1.684393, -3.402004, -2.962152; 0, 13, 1, 1; 25839030; 0, 1, 0; 0, 1, 0; 1, 1, 1;
0, 4291; -2.418906, -2.604468, -2.168340; 0, 2, 1, 1; 141950414; 0, 1, 0; 1, 0, 0; 2, 1, 1;
0, 4291; -2.502282, -2.504866, -1.974557; 0, 2, 1, 1; 145342438; 0, 1, 0; 1, 0, 0; 2, 1, 1;
1, 4294; -0.271417, -3.843133, 3.807038; 0, 39, 1, 1; 48186313; 1, 0, 1; 0, 1, 0; 1, 1, 2;
0, 4294; -0.274183, -3.838152, 3.805560; 0, 39, 1, 1; 48187445; 1, 0, 1; 0, 1, 0; 4, 1, 2;
1, 4297; 3.461862, -2.814037, 3.632155; 0, 38, 1, 0; 31605373; 0, 1, 0; 0, 1, 0; 1, 1, 1;
1, 4305; 1.034427, 2.503761, 3.388118; 0, 24, 1, 0; 96945736; 1, 0, 1; 0, 1, 0; 4, 1, 2;
0, 4305; 1.037053, 2.508844, 3.389993; 0, 24, 1, 0; 96945487; 1, 0, 1; 1, 0, 0; 3, 1, 2;
0, 4305; 1.107386, 2.601614, 3.446017; 0, 24, 1, 0; 97105237; 0, 1, 0; 1, 0, 0; 3, 1, 1;
1, 4314; -0.374595, 2.928261, -0.412398; 0, 20, 1, 0; 19940134; 1, 0, 1; 0, 1, 0; 4, 1, 2;
0, 4314; -2.472339, 2.177249, -2.803835 / -2.472296, 2.177606, -2.803570 / -2.472383, 2.176892, -2.804100; 0, 1, 1, 1; 188516153; 2, 1, 1; 1, 1, 0; 1, 1, 2/ 3, 1, 1;
1, 4316; -3.193283, 3.232584, -1.748902; 0, 1, 1, 1; 238466546; 1, 0, 1; 1, 0, 0; 3, 1, 2;
0, 4316; -3.264731, 3.146457, -1.883791; 0, 1, 1, 1; 240439588; 1, 0, 1; 0, 1, 0; 4, 1, 2;
1, 4319; 1.241827, -2.059055, 1.075863; 0, 25, 1, 0; 87461586; 0, 1, 0; 0, 1, 0; 1, 1, 1;
0, 4319; 1.455775, -1.998632, 0.757067; 0, 25, 1, 0; 87600685; 1, 0, 1; 1, 0, 0; 2, 1, 2;
1, 4326; 1.924834, -0.878177, 0.040795 / 1.924969, -0.877965, 0.040901 / 1.924698, -0.878388, 0.040688; 0, 26, 1, 1; 169189689; 2, 1, 1; 1, 1, 0; 1, 1, 2/ 2, 2, 1;
1, 4330; 1.554081, -3.872558, -0.558679; 0, 27, 1, 1; 59759535; 1, 0, 1; 0, 1, 0; 1, 1, 2;
0, 4330; 1.583863, -3.800928, -0.442517 / 1.584293, -3.800883, -0.442515 / 1.583434, -3.800973, -0.442518; 0, 27, 1, 1; 59476953; 2, 1, 1; 1, 1, 0; 3, 1, 1/ 1, 2, 2;
0, 4330; 1.584497, -3.797738, -0.429991; 0, 27, 1, 1; 59479190; 1, 0, 1; 1, 0, 0; 3, 1, 2;
0, 4330; 1.586483, -3.809519, -0.470100 / 1.586643, -3.808936, -0.469895 / 1.586322, -3.810102, -0.470306; 0, 27, 1, 1; 59473378; 1, 0, 2; 1, 1, 0; 3, 1, 2/ 4, 3, 2;
0, 4330; 2.544981, -3.345241, -0.200641; 0, 32, 1, 1; 129981374; 1, 0, 1; 1, 0, 0; 3, 1, 2;
1, 4331; 2.174525, -1.558560, -1.381993; 0, 32, 1, 0; 46255620; 1, 0, 1; 0, 1, 0; 1, 1, 2;
0, 4331; 2.310537, -2.008801, -1.409539; 0, 32, 1, 1; 57335137; 1, 0, 1; 0, 1, 0; 1, 1, 2;
0, 4331; 2.329182, -1.999802, -1.407778 / 2.329225, -1.999169, -1.407331 / 2.329139, -2.000434, -1.408225; 0, 32, 1, 1; 57332517; 2, 1, 2; 0, 3, 1; 1, 1, 1/ 1, 2, 2/ 4, 6, 2;
1, 4338; -0.123752, 3.512976, -0.577780; 0, 20, 1, 1; 39167150; 0, 1, 0; 0, 1, 0; 1, 1, 1;
1, 4339; 2.920245, -1.861009, -3.803395; 0, 30, 1, 0; 27487788; 1, 0, 1; 0, 1, 0; 4, 1, 2;
0, 4339; 3.085148, -1.776841, -3.880994; 0, 30, 1, 0; 34915379; 0, 1, 0; 1, 0, 0; 2, 1, 1;
0, 4339; 3.091533, -1.772504, -3.884278; 0, 30, 1, 0; 34914164; 1, 0, 1; 0, 1, 0; 1, 1, 2;
1, 4345; 0.998031, -2.199979, -1.215848; 0, 27, 1, 1; 109865174; 1, 0, 1; 1, 0, 0; 2, 1, 2;
1, 4346; -2.471239, -0.959465, 3.191310 / -2.471072, -0.959258, 3.191422 / -2.471407, -0.959672, 3.191198; 0, 5, 1, 0; 44420828; 2, 1, 1; 0, 2, 0; 4, 1, 1/ 4, 2, 2;
0, 4346; -2.801086, -0.709475, 3.374643; 0, 5, 1, 1; 58575219; 1, 0, 1; 0, 1, 0; 4, 1, 2;
0, 4346; -2.804115, -0.712118, 3.381323; 0, 5, 1, 1; 58576407; 1, 0, 1; 0, 1, 0; 1, 1, 2;
0, 4346; -2.836116, -0.698043, 3.324872; 0, 5, 1, 1; 58605713; 1, 0, 1; 0, 1, 0; 4, 1, 2;
0, 4346; -2.851595, -0.712333, 3.325493; 0, 5, 1, 1; 58603147; 1, 0, 1; 0, 1, 0; 4, 1, 2;
1, 4347; -0.270564, -2.294968, -1.011081; 0, 16, 1, 1; 93193136; 1, 0, 1; 0, 1, 0; 4, 1, 2;
0, 4347; -0.373857, -2.454844, -0.741972 / -0.373399, -2.454636, -0.741908 / -0.374314, -2.455052, -0.742036; 0, 18, 1, 0; 7336085; 0, 2, 0; 1, 1, 0; 1, 1, 1/ 2, 4, 1;
0, 4347; -0.374549, -2.454914, -0.743360; 0, 18, 1, 0; 7336011; 1, 0, 1; 0, 1, 0; 1, 1, 2;
0, 4347; -0.444523, -2.423097, -0.813732; 0, 18, 1, 0; 7222977; 1, 0, 1; 1, 0, 0; 3, 1, 2;
0, 4347; 0.151966, -2.983039, 0.026540; 0, 17, 1, 1; 81705885; 1, 0, 1; 0, 1, 0; 4, 1, 2;
0, 4347; 0.361317, -2.922970, 0.137916; 0, 17, 1, 1; 79045141; 0, 1, 0; 0, 1, 0; 4, 1, 1;
0, 4347; 0.392906, -3.031087, 0.197732; 0, 17, 1, 1; 77803239; 1, 0, 1; 0, 1, 0; 1, 1, 2;
0, 4347; 0.642051, -1.773111, -1.434696; 0, 27, 1, 1; 127045860; 0, 1, 0; 1, 0, 0; 2, 1, 1;
0, 4347; 0.645175, -1.771378, -1.431611; 0, 27, 1, 1; 127045947; 1, 0, 1; 1, 0, 0; 3, 1, 2;
0, 4347; 2.445285, -0.868143, -2.327272; 0, 32, 1, 0; 17247003; 0, 1, 0; 1, 0, 0; 2, 1, 1;
0, 4347; 2.723112, -0.768515, -2.487097; 0, 30, 1, 1; 65117074; 0, 1, 0; 1, 0, 0; 2, 1, 1;
0, 4347; 3.656543, -0.352803, -3.441735; 0, 46, 1, 1; 65689551; 1, 0, 1; 1, 0, 0; 2, 1, 2;
1, 4352; -0.436925, 0.678604, -0.838577; 0, 19, 1, 0; 27583066; 1, 0, 1; 0, 1, 0; 4, 1, 2;
1, 4364; -2.429051, -3.510534, 0.521674; 0, 2, 1, 1; 195951825; 0, 1, 0; 0, 1, 0; 1, 1, 1;
1, 4366; -2.050115, 3.698608, -2.162138; 0, 44, 1, 0; 5221360; 1, 0, 1; 0, 1, 0; 4, 1, 2;
1, 4368; -3.414100, 0.504611, 3.764558; 0, 40, 1, 1; 71548188; 1, 0, 1; 0, 1, 0; 4, 1, 2;
1, 4377; 2.870603, 1.110145, -0.881053; 0, 33, 1, 1; 118726982; 1, 0, 1; 0, 1, 0; 1, 1, 2;
0, 4377; 3.225024, 0.973601, -0.788690; 0, 33, 1, 1; 121928140; 1, 0, 1; 0, 1, 0; 1, 1, 2;
1, 4379; 3.155695, 0.698991, -2.016434; 0, 31, 1, 1; 126103200; 1, 0, 1; 0, 1, 0; 1, 1, 2;
1, 4403; 1.940733, -1.312565, -3.861404; 0, 29, 1, 1; 66522799; 1, 0, 1; 0, 1, 0; 4, 1, 2;
0, 4403; 1.965009, -1.229272, -3.786117; 0, 29, 1, 1; 66264594; 0, 1, 0; 1, 0, 0; 2, 1, 1;
0, 4403; 1.970330, -1.227899, -3.812920; 0, 29, 1, 1; 66265215; 1, 0, 1; 0, 1, 0; 1, 1, 2;
0, 4403; 1.972666, -1.228199, -3.808075; 0, 29, 1, 1; 66265308; 0, 1, 0; 0, 1, 0; 1, 1, 1;
0, 4403; 1.975114, -1.232426, -3.795344; 0, 29, 1, 1; 66265835; 1, 0, 1; 0, 1, 0; 4, 1, 2;
1, 4412; 0.669425, 3.731267, -2.460409; 0, 44, 1, 0; 13146434; 1, 0, 1; 1, 0, 0; 3, 1, 2;
0, 4412; 1.838091, 3.642731, -3.464737; 0, 44, 1, 1; 38135676; 1, 0, 1; 0, 1, 0; 1, 1, 2;
1, 4414; -1.461275, 1.228224, 2.807418; 0, 6, 1, 0; 62971848; 0, 1, 0; 1, 0, 0; 2, 1, 1;
0, 4414; -1.461713, 1.232961, 2.793102; 0, 6, 1, 0; 62969509; 1, 0, 1; 0, 1, 0; 4, 1, 2;
0, 4414; -1.470347, 1.240451, 2.758878; 0, 6, 1, 0; 62965052; 1, 0, 1; 0, 1, 0; 4, 1, 2;
1, 4418; 0.230839, 2.778754, -2.536548; 0, 15, 1, 0; 6720886; 1, 0, 1; 0, 1, 0; 4, 1, 2;
0, 4418; 0.241433, 2.766680, -2.546145; 0, 15, 1, 0; 6722443; 1, 0, 1; 1, 0, 0; 2, 1, 2;
0, 4418; 0.241464, 2.766845, -2.539899; 0, 15, 1, 0; 6721321; 1, 0, 1; 1, 0, 0; 2, 1, 2;
0, 4418; 0.245814, 2.760085, -2.556138; 0, 15, 1, 0; 6723695; 1, 0, 1; 0, 1, 0; 4, 1, 2;
1, 4426; 0.625397, 1.826383, 0.740374; 0, 25, 1, 1; 199776323; 1, 0, 1; 0, 1, 0; 4, 1, 2;
0, 4426; 0.638759, 1.828180, 0.716018 / 0.639867, 1.828214, 0.716112 / 0.637652, 1.828146, 0.715925; 0, 25, 1, 1; 199773046; 1, 0, 2; 0, 2, 0; 4, 1, 2/ 4, 5, 2;
0, 4426; 0.639231, 1.827907, 0.718205 / 0.639307, 1.828059, 0.718406 / 0.639156, 1.827756, 0.718004; 0, 25, 1, 1; 199773127; 0, 2, 0; 2, 0, 0; 2, 1, 1/ 2, 2, 1;
0, 4426; 0.742112, 2.120854, 0.639777; 0, 26, 1, 0; 5027286; 0, 1, 0; 0, 1, 0; 1, 1, 1;
0, 4426; 0.748949, 2.117176, 0.627006; 0, 26, 1, 0; 5025963; 1, 0, 1; 0, 1, 0; 4, 1, 2;
1, 4431; -3.728422, -2.669755, 3.345776; 0, 5, 1, 0; 702752; 1, 0, 1; 0, 1, 0; 1, 1, 2;
0, 4431; -3.833514, -2.577252, 2.946438; 0, 4, 1, 1; 203225258; 0, 1, 0; 0, 1, 0; 1, 1, 1;
0, 4431; 1.647873, -3.058153, -0.533751; 0, 27, 1, 0; 41552844; 1, 0, 1; 0, 1, 0; 4, 1, 2;
0, 4431; 3.062081, -2.341306, 0.737892 / 3.063100, -2.340332, 0.738248 / 3.061062, -2.342279, 0.737536; 0, 35, 1, 1; 91645432; 2, 1, 1; 1, 1, 0; 4, 1, 2/ 3, 10, 1;
0, 4431; 3.067990, -2.342079, 0.734258; 0, 35, 1, 1; 91644519; 1, 0, 1; 0, 1, 0; 4, 1, 2;
0, 4431; 3.071237, -2.347526, 0.732928; 0, 35, 1, 1; 91644474; 1, 0, 1; 0, 1, 0; 1, 1, 2;
1, 4442; -0.018460, -1.537468, 3.213148 / -0.017686, -1.536697, 3.214279 / -0.019233, -1.538238, 3.212017; 0, 23, 1, 1; 166693174; 2, 1, 1; 0, 2, 1; 4, 1, 1/ 1, 8, 2;
0, 4442; -0.020991, -1.541375, 3.214735 / -0.020610, -1.540596, 3.214880 / -0.021371, -1.542155, 3.214591; 0, 23, 1, 1; 166693162; 1, 0, 2; 0, 2, 1; 1, 1, 2/ 4, 5, 2;
0, 4442; -0.224722, -1.569272, 3.156076; 0, 23, 1, 1; 166849897; 1, 0, 1; 0, 1, 0; 4, 1, 2;
1, 4445; 3.033708, -2.955438, -3.490054; 0, 29, 1, 1; 168092090; 1, 0, 1; 0, 1, 0; 1, 1, 2;
0, 4445; 3.034388, -2.954366, -3.487611; 0, 29, 1, 1; 168092166; 1, 0, 1; 1, 0, 0; 2, 1, 2;
1, 4446; 2.538549, -0.917557, 1.905432; 0, 35, 1, 1; 47540796; 0, 1, 0; 1, 0, 0; 2, 1, 1;
0, 4446; 2.593094, -1.003911, 1.911199; 0, 35, 1, 1; 47780130; 1, 0, 1; 0, 1, 0; 1, 1, 2;
0, 4446; 2.594415, -1.000453, 1.910172 / 2.594592, -1.000304, 1.910465 / 2.594237, -1.000603, 1.909878; 0, 35, 1, 1; 47779911; 2, 1, 1; 0, 2, 0; 1, 1, 1/ 1, 2, 2;
0, 4446; 2.594437, -0.998323, 1.907344; 0, 35, 1, 1; 47779840; 1, 0, 1; 1, 0, 0; 3, 1, 2;
0, 4446; 3.730915, -0.932471, 2.213812; 0, 46, 1, 1; 76699804; 1, 0, 1; 0, 1, 0; 4, 1, 2;
1, 4447; 2.498958, -2.774149, 0.883193; 0, 35, 1, 1; 108788777; 1, 0, 1; 0, 1, 0; 1, 1, 2;
0, 4447; 3.063088, -1.112812, 1.744125 / 3.063278, -1.112713, 1.744311 / 3.062898, -1.112910, 1.743940; 0, 35, 1, 1; 49500225; 2, 1, 1; 1, 1, 0; 1, 1, 1/ 2, 2, 2;
0, 4447; 3.524612, 0.088873, 2.499625; 0, 37, 1, 1; 20972931; 1, 0, 1; 0, 1, 0; 1, 1, 2;
1, 4448; -0.260304, -2.938621, -0.710040; 0, 18, 1, 0; 306948; 1, 0, 1; 1, 0, 0; 3, 1, 2;
0, 4448; -0.336405, -2.905806, -0.765183; 0, 18, 1, 0; 484032; 1, 0, 1; 1, 0, 0; 2, 1, 2;
0, 4448; -0.339578, -2.908315, -0.764187 / -0.338864, -2.908009, -0.763780 / -0.340293, -2.908622, -0.764595; 0, 18, 1, 0; 484018; 2, 2, 1; 0, 3, 1; 1, 1, 1/ 1, 2, 2/ 4, 4, 1;
0, 4448; -0.342573, -2.905048, -0.768850; 0, 18, 1, 0; 484338; 0, 1, 0; 0, 1, 0; 1, 1, 1;
0, 4448; -0.623821, -2.732018, -1.077116; 0, 17, 1, 0; 15480119; 1, 0, 1; 0, 1, 0; 4, 1, 2;
0, 4448; -1.285848, -2.502877, -1.379555; 0, 10, 1, 1; 54261665; 0, 1, 0; 0, 1, 0; 4, 1, 1;
0, 4448; 1.762832, -3.344236, 0.834479; 0, 25, 1, 0; 44296404; 1, 0, 1; 0, 1, 0; 4, 1, 2;
0, 4448; 1.887179, -3.402020, 0.861678; 0, 25, 1, 0; 44704774; 1, 0, 1; 0, 1, 0; 4, 1, 2;
0, 4448; 2.065377, -3.505370, 0.159750; 0, 27, 1, 0; 51600436; 1, 0, 1; 0, 1, 0; 4, 1, 2;
0, 4448; 2.073993, -3.514275, 0.161679; 0, 27, 1, 0; 51600207; 0, 1, 0; 0, 1, 0; 4, 1, 1;
1, 4450; -2.890637, 3.373631, 0.052696; 0, 3, 1, 1; 150710371; 1, 0, 1; 0, 1, 0; 4, 1, 2;
0, 4450; -2.944732, 3.668727, 0.805892; 0, 42, 1, 1; 29374855; 0, 1, 0; 1, 0, 0; 2, 1, 1;
0, 4450; -2.944968, 3.668953, 0.808561 / -2.944939, 3.668986, 0.808985 / -2.944997, 3.668921, 0.808137; 0, 42, 1, 1; 29374933; 2, 1, 1; 1, 1, 0; 1, 1, 2/ 2, 1, 1;
0, 4450; -3.241725, 3.548425, 3.783360; 0, 40, 1, 1; 66765955; 1, 0, 1; 1, 0, 0; 2, 1, 2;
0, 4450; -3.333719, 3.574437, 3.844874; 0, 40, 1, 1; 67697317; 1, 0, 1; 0, 1, 0; 4, 1, 2;
1, 4455; -2.289273, -3.714991, 3.261432; 0, 7, 1, 0; 33183179; 1, 0, 1; 0, 1, 0; 1, 1, 2;
0, 4455; -2.927930, -3.507975, 3.834983; 0, 40, 1, 1; 57420716; 0, 1, 0; 0, 1, 0; 1, 1, 1;
0, 4455; -2.935888, -3.506189, 3.827822; 0, 40, 1, 1; 57421046; 1, 0, 1; 0, 1, 0; 4, 1, 2;
0, 4455; -2.940630, -3.135033, 3.822566; 0, 40, 1, 1; 57070749; 1, 0, 1; 0, 1, 0; 4, 1, 2;
1, 4457; 2.845014, -1.482799, -1.773882; 0, 32, 1, 0; 38507007; 0, 1, 0; 0, 1, 0; 4, 1, 1;
0, 4457; 2.904673, -1.996081, -0.812543; 0, 33, 1, 0; 28536061; 1, 0, 1; 0, 1, 0; 1, 1, 2;
1, 4459; 2.003490, 2.679331, 1.008820; 0, 26, 1, 0; 12629363; 0, 1, 0; 0, 1, 0; 4, 1, 1;
0, 4459; 3.092472, 3.394654, 0.509237; 0, 34, 1, 1; 49404325; 0, 1, 0; 0, 1, 0; 4, 1, 1;
1, 4465; 3.108480, -2.489241, 1.181259; 0, 35, 1, 1; 95106558; 1, 0, 1; 0, 1, 0; 4, 1, 2;
0, 4465; 3.163714, -2.499784, 1.217047; 0, 35, 1, 1; 96405675; 0, 1, 0; 1, 0, 0; 2, 1, 1;
0, 4465; 3.180024, -2.504090, 1.226926; 0, 35, 1, 1; 96407912; 1, 0, 1; 1, 0, 0; 3, 1, 2;
1, 4467; -1.617839, -0.669553, -3.246803; 0, 12, 1, 1; 83677339; 1, 0, 1; 0, 1, 0; 1, 1, 2;
1, 4469; -0.622741, -2.120072, -1.860795; 0, 17, 1, 0; 4336993; 1, 0, 1; 0, 1, 0; 4, 1, 2;
0, 4469; 2.140338, -1.172750, -2.820822 / 2.140871, -1.172449, -2.820730 / 2.139805, -1.173050, -2.820915; 0, 30, 1, 1; 58661528; 1, 0, 2; 0, 2, 1; 4, 1, 2/ 1, 6, 2;
1, 4491; 1.906347, -3.829484, 0.356710; 0, 27, 1, 1; 55311423; 1, 0, 1; 0, 1, 0; 4, 1, 2;
1, 4494; -3.214021, 1.906316, 0.146168; 0, 3, 1, 1; 103755577; 0, 1, 0; 1, 0, 0; 2, 1, 1;
1, 4497; -1.546114, -1.534651, 3.795463; 0, 40, 1, 0; 17650364; 1, 0, 1; 0, 1, 0; 1, 1, 2;
1, 4502; -0.941260, 2.060293, -3.052002; 0, 12, 1, 0; 1817741; 1, 0, 1; 0, 1, 0; 1, 1, 2;
0, 4502; -3.423780, 0.694976, -3.190552; 0, 1, 1, 1; 141220258; 1, 0, 1; 0, 1, 0; 1, 1, 2;
0, 4502; 0.819026, 3.860122, -3.200146; 0, 44, 1, 1; 31712026; 0, 1, 0; 1, 0, 0; 3, 1, 1;
1, 4503; -0.359685, -1.391786, -2.299995 / -0.359672, -1.391700, -2.299724 / -0.359697, -1.391873, -2.300265; 0, 16, 1, 1; 66330902; 2, 1, 1; 2, 0, 0; 2, 1, 2/ 3, 1, 1;
0, 4503; -0.862232, -1.611903, -2.348922; 0, 16, 1, 1; 81665756; 1, 0, 1; 0, 1, 0; 1, 1, 2;
1, 4504; 1.598384, -2.040634, -1.142054; 0, 27, 1, 1; 120111928; 0, 1, 0; 0, 1, 0; 4, 1, 1;
0, 4504; 2.216501, -3.407911, -0.567252; 0, 32, 1, 1; 132399226; 0, 1, 0; 0, 1, 0; 1, 1, 1;
1, 4508; -0.922045, 3.691807, 3.826422; 0, 39, 1, 1; 76070736; 0, 1, 0; 1, 0, 0; 3, 1, 1;
0, 4508; -0.932787, 3.706322, 3.824644; 0, 39, 1, 1; 76071232; 1, 0, 1; 0, 1, 0; 1, 1, 2;
1, 4525; -0.205737, -3.335936, -1.377440 / -0.205669, -3.335900, -1.377419 / -0.205805, -3.335972, -1.377460; 0, 17, 1, 1; 36053833; 2, 1, 1; 1, 1, 0; 3, 1, 2/ 4, 1, 1;
1, 4531; -2.379683, 1.826632, -1.998163 / -2.379618, 1.827074, -1.997894 / -2.379748, 1.826189, -1.998432; 0, 11, 1, 0; 42811219; 1, 0, 2; 1, 1, 0; 1, 1, 2/ 2, 1, 2;
0, 4531; -2.641448, 1.888242, -2.160652 / -2.640675, 1.888523, -2.160556 / -2.642222, 1.887962, -2.160748; 0, 2, 1, 0; 15660246; 1, 0, 2; 0, 2, 1; 4, 1, 2/ 1, 5, 2;
0, 4531; -3.495675, 3.274556, -2.273109; 0, 1, 1, 1; 241613231; 1, 0, 1; 0, 1, 0; 4, 1, 2;
0, 4531; -3.836885, 3.654806, -2.258582; 0, 44, 1, 0; 7405498; 1, 0, 1; 0, 1, 0; 4, 1, 2;
1, 4532; 0.616779, 3.803549, -2.871471; 0, 44, 1, 1; 20815283; 1, 0, 1; 0, 1, 0; 4, 1, 2;
0, 4532; 0.626130, 3.814351, -2.862217; 0, 44, 1, 1; 20814208; 1, 0, 1; 0, 1, 0; 1, 1, 2;
0, 4532; 0.651187, 3.841337, -2.840551; 0, 44, 1, 1; 20689371; 1, 0, 1; 0, 1, 0; 4, 1, 2;
1, 4537; 1.613909, 2.200436, 0.536402; 0, 26, 1, 1; 78208281; 1, 0, 1; 0, 1, 0; 1, 1, 2;
0, 4537; 2.887329, 0.497763, 1.867042; 0, 35, 1, 0; 10333887; 1, 0, 1; 0, 1, 0; 4, 1, 2;
0, 4537; 3.830848, -2.930798, 3.154822; 0, 46, 1, 1; 129842120; 0, 1, 0; 0, 1, 0; 1, 1, 1;
1, 4541; 3.826823, -3.213542, -0.495584; 0, 46, 1, 1; 142292870; 0, 1, 0; 0, 1, 0; 4, 1, 1;
1, 4545; 3.062924, -1.270763, -3.744339; 0, 30, 1, 1; 48770241; 0, 1, 0; 1, 0, 0; 2, 1, 1;
0, 4545; 3.063338, -1.272163, -3.737863; 0, 30, 1, 1; 48769122; 0, 1, 0; 1, 0, 0; 3, 1, 1;
0, 4545; 3.063403, -1.273099, -3.735357; 0, 30, 1, 1; 48769048; 1, 0, 1; 1, 0, 0; 2, 1, 2;
0, 4545; 3.063441, -1.271925, -3.727082; 0, 30, 1, 1; 48767844; 1, 0, 1; 1, 0, 0; 3, 1, 2;
0, 4545; 3.063599, -1.273339, -3.726665 / 3.064147, -1.272658, -3.726613 / 3.063051, -1.274020, -3.726716; 0, 30, 1, 1; 48767848; 2, 1, 2; 1, 2, 1; 1, 1, 2/ 3, 4, 2/ 4, 4, 1;
1, 4546; -3.491170, -3.084424, 3.578961; 0, 4, 1, 1; 186187611; 1, 0, 1; 1, 0, 0; 2, 1, 2;
0, 4546; -3.492760, -3.082740, 3.579417; 0, 4, 1, 1; 186187686; 1, 0, 1; 0, 1, 0; 1, 1, 2;
0, 4546; -3.499831, -3.091225, 3.578721; 0, 4, 1, 1; 186186453; 0, 1, 0; 1, 0, 0; 2, 1, 1;
0, 4546; -3.501104, -3.093624, 3.578119; 0, 4, 1, 1; 186186225; 1, 0, 1; 0, 1, 0; 4, 1, 2;
1, 4557; -0.410569, 3.192556, -0.741084; 0, 20, 1, 1; 31587181; 0, 1, 0; 1, 0, 0; 2, 1, 1;
0, 4557; -0.410910, 3.196688, -0.733685; 0, 20, 1, 1; 31588215; 1, 0, 1; 1, 0, 0; 3, 1, 2;
0, 4557; -0.411423, 3.204639, -0.723945 / -0.411404, 3.204666, -0.723600 / -0.411442, 3.204612, -0.724290; 0, 20, 1, 1; 31589463; 2, 1, 1; 2, 0, 0; 2, 1, 2/ 3, 2, 1;
0, 4557; -0.412567, 3.203071, -0.730626; 0, 20, 1, 1; 31588347; 1, 0, 1; 0, 1, 0; 1, 1, 2;
0, 4557; -0.413482, 3.203164, -0.721412 / -0.413209, 3.203358, -0.720865 / -0.413755, 3.202970, -0.721960; 0, 20, 1, 1; 31589547; 0, 2, 0; 0, 2, 1; 4, 1, 1/ 1, 3, 1;
0, 4557; -0.540930, 2.904720, -0.070541; 0, 20, 1, 0; 19636707; 1, 0, 1; 0, 1, 0; 1, 1, 2;
0, 4557; -0.544992, 2.910699, -0.073168; 0, 20, 1, 0; 19637814; 1, 0, 1; 0, 1, 0; 4, 1, 2;
0, 4557; 0.262901, 2.071192, -1.253749; 0, 15, 1, 1; 75257521; 1, 0, 1; 0, 1, 0; 1, 1, 2;
0, 4557; 0.272862, 2.082047, -1.255230; 0, 15, 1, 1; 75257163; 1, 0, 1; 0, 1, 0; 4, 1, 2;
0, 4557; 0.836571, 2.041204, -1.392516; 0, 28, 1, 0; 42608711; 1, 0, 1; 0, 1, 0; 1, 1, 2;
1, 4558; -2.738532, -0.318232, 3.434647; 0, 5, 1, 1; 65161754; 0, 1, 0; 1, 0, 0; 2, 1, 1;
1, 4560; 1.131376, -1.224154, -1.703786; 0, 27, 1, 1; 140793836; 0, 1, 0; 0, 1, 0; 1, 1, 1;
0, 4560; 1.140387, -1.129923, -1.062011; 0, 27, 1, 1; 145684633; 1, 0, 1; 0, 1, 0; 1, 1, 2;
0, 4560; 1.147359, -1.131942, -1.057049; 0, 27, 1, 1; 145683741; 0, 1, 0; 1, 0, 0; 3, 1, 1;
1, 4564; 0.861787, 1.780951, 0.472700; 0, 26, 1, 1; 95047601; 1, 0, 1; 0, 1, 0; 4, 1, 2;
1, 4565; 0.792276, 0.396057, -2.887270; 0, 29, 1, 0; 6937868; 0, 1, 0; 0, 1, 0; 1, 1, 1;
0, 4565; 2.774379, -1.745347, -1.085613 / 2.774760, -1.744912, -1.085522 / 2.773998, -1.745781, -1.085705; 0, 32, 1, 0; 43762007; 0, 2, 0; 0, 2, 1; 4, 1, 1/ 1, 5, 1;
1, 4567; -2.365620, -2.024625, -1.286195; 0, 10, 1, 1; 76988942; 0, 1, 0; 1, 0, 0; 2, 1, 1;
0, 4567; -2.428481, -2.416540, -1.573087; 0, 2, 1, 1; 145454768; 0, 1, 0; 1, 0, 0; 3, 1, 1;
0, 4567; -3.701791, -3.641068, -3.801260; 0, 1, 1, 0; 28731; 0, 1, 0; 0, 1, 0; 1, 1, 1;
1, 4574; 3.075498, -2.282354, 2.046016; 0, 35, 1, 1; 84424163; 1, 0, 1; 0, 1, 0; 1, 1, 2;
1, 4582; -3.033368, 3.684353, -0.764104; 0, 43, 1, 0; 2283983; 0, 1, 0; 1, 0, 0; 2, 1, 1;
0, 4582; -3.483390, 1.558352, -1.720735; 0, 2, 1, 0; 20749779; 1, 0, 1; 0, 1, 0; 4, 1, 2;
1, 4584; -2.353957, 1.232851, 1.669873; 0, 8, 1, 0; 24460358; 0, 1, 0; 0, 1, 0; 4, 1, 1;
0, 4584; -2.354532, 1.232672, 1.668992; 0, 8, 1, 0; 24460282; 1, 0, 1; 0, 1, 0; 1, 1, 2;
0, 4584; -2.376986, 1.233676, 1.578376; 0, 8, 1, 0; 24447649; 0, 1, 0; 0, 1, 0; 4, 1, 1;
0, 4584; -3.150915, 0.925031, 0.635905; 0, 4, 1, 0; 14386109; 1, 0, 1; 0, 1, 0; 4, 1, 2;
0, 4584; -3.341388, 1.157181, 0.141465; 0, 3, 1, 0; 74883190; 1, 0, 1; 0, 1, 0; 4, 1, 2;
0, 4584; -3.386882, 1.254865, 0.063953; 0, 3, 1, 0; 88416223; 0, 1, 0; 1, 0, 0; 3, 1, 1;
0, 4584; -3.502454, 1.610766, -0.076482; 0, 3, 1, 0; 93326335; 1, 0, 1; 0, 1, 0; 4, 1, 2;
0, 4584; -3.506716, 1.593622, -0.074860; 0, 3, 1, 0; 93326722; 1, 0, 1; 0, 1, 0; 4, 1, 2;
0, 4584; -3.509129, 1.601936, -0.077038; 0, 3, 1, 0; 93326449; 0, 1, 0; 0, 1, 0; 4, 1, 1;
0, 4584; -3.520597, 1.658540, -0.064984; 0, 3, 1, 0; 93430278; 1, 0, 1; 0, 1, 0; 1, 1, 2;
0, 4584; -3.524750, 1.659449, -0.068699; 0, 3, 1, 0; 93430297; 1, 0, 1; 0, 1, 0; 1, 1, 2;
0, 4584; -3.526125, 1.654011, -0.075496; 0, 3, 1, 0; 93429347; 1, 0, 1; 0, 1, 0; 1, 1, 2;
0, 4584; -3.526524, 1.652210, -0.072073; 0, 3, 1, 0; 93429258; 0, 1, 0; 1, 0, 0; 3, 1, 1;
0, 4584; -3.526814, 1.654684, -0.072118 / -3.526773, 1.655119, -0.071718 / -3.526854, 1.654249, -0.072518; 0, 3, 1, 0; 93429333; 2, 1, 1; 0, 2, 0; 1, 1, 2/ 1, 3, 1;
1, 4589; 1.000938, -2.503885, 3.035021; 0, 24, 1, 1; 244716842; 1, 0, 1; 0, 1, 0; 1, 1, 2;
0, 4589; 1.006534, -2.500228, 3.037121; 0, 24, 1, 1; 244717834; 1, 0, 1; 0, 1, 0; 4, 1, 2;
0, 4589; 1.009629, -2.496789, 3.038192; 0, 24, 1, 1; 244717922; 1, 0, 1; 1, 0, 0; 3, 1, 2;
0, 4589; 1.011658, -2.489005, 3.029956; 0, 24, 1, 1; 244718623; 1, 0, 1; 0, 1, 0; 4, 1, 2;
0, 4589; 1.016548, -2.486490, 3.038382; 0, 24, 1, 1; 244718877; 0, 1, 0; 0, 1, 0; 4, 1, 1;
0, 4589; 1.049821, -2.485491, 3.038369; 0, 24, 1, 1; 244723676; 0, 1, 0; 0, 1, 0; 4, 1, 1;
1, 4594; 1.161339, -2.312569, -1.615694; 0, 27, 1, 1; 110276880; 1, 0, 1; 1, 0, 0; 3, 1, 2;
0, 4594; 1.744070, -3.542861, -3.175306; 0, 29, 1, 1; 124806338; 0, 1, 0; 1, 0, 0; 2, 1, 1;
1, 4597; 3.138457, 0.027720, -1.156556 / 3.138572, 0.027839, -1.156159 / 3.138342, 0.027601, -1.156953; 0, 31, 1, 1; 139667540; 0, 2, 0; 1, 1, 0; 4, 1, 1/ 3, 3, 1;
0, 4597; 3.322588, 1.710264, 0.074249; 0, 33, 1, 1; 141422741; 1, 0, 1; 0, 1, 0; 4, 1, 2;
0, 4597; 3.329161, 1.713007, 0.076871 / 3.329213, 1.713552, 0.077164 / 3.329108, 1.712463, 0.076578; 0, 33, 1, 1; 141422616; 1, 0, 2; 1, 1, 0; 4, 1, 2/ 3, 3, 2;
1, 4598; -1.314098, 1.457465, -2.609744; 0, 12, 1, 0; 23787406; 1, 0, 1; 1, 0, 0; 3, 1, 2;
0, 4598; -1.386652, 1.983530, -2.424211; 0, 12, 1, 0; 5822979; 1, 0, 1; 0, 1, 0; 4, 1, 2;
0, 4598; -1.781567, -0.178505, -2.790236; 0, 12, 1, 1; 64035780; 0, 1, 0; 0, 1, 0; 4, 1, 1;
0, 4598; -1.960827, -0.528949, -2.938502 / -1.960750, -0.528502, -2.938123 / -1.960903, -0.529395, -2.938881; 0, 12, 1, 1; 76186637; 0, 3, 0; 1, 2, 0; 2, 1, 1/ 4, 4, 1/ 4, 5, 1;
0, 4598; -1.965938, -0.533817, -2.941733; 0, 12, 1, 1; 76186918; 1, 0, 1; 0, 1, 0; 4, 1, 2;
0, 4598; -2.292793, -2.144475, -2.515370; 0, 12, 1, 1; 132885198; 1, 0, 1; 0, 1, 0; 4, 1, 2;
0, 4598; -2.295438, -2.143932, -2.519292; 0, 12, 1, 1; 132885283; 1, 0, 1; 0, 1, 0; 1, 1, 2;
0, 4598; -2.661151, -2.072733, -3.466669; 0, 1, 1, 0; 61895450; 1, 0, 1; 0, 1, 0; 1, 1, 2;
1, 4600; -3.016152, 3.701518, 0.778831; 0, 42, 1, 1; 29637671; 1, 0, 1; 0, 1, 0; 1, 1, 2;
1, 4613; -0.150404, 1.997008, 2.121446; 0, 24, 1, 0; 12883333; 1, 0, 1; 0, 1, 0; 1, 1, 2;
0, 4613; -0.866718, 3.619811, -3.467764; 0, 44, 1, 1; 41375259; 0, 1, 0; 1, 0, 0; 3, 1, 1;
1, 4620; 3.696055, 0.828640, -1.843040; 0, 46, 1, 0; 27789462; 1, 0, 1; 0, 1, 0; 4, 1, 2;
1, 4632; 2.423912, -2.802191, -2.938615; 0, 30, 1, 0; 3544849; 1, 0, 1; 0, 1, 0; 1, 1, 2;
0, 4632; 2.427649, -2.804171, -2.938307; 0, 30, 1, 0; 3544637; 1, 0, 1; 0, 1, 0; 4, 1, 2;
0, 4632; 2.428593, -2.811103, -2.940314 / 2.429706, -2.810307, -2.940165 / 2.427479, -2.811898, -2.940462; 0, 30, 1, 0; 3544734; 2, 1, 1; 1, 1, 0; 4, 1, 1/ 3, 9, 2;
0, 4632; 2.436005, -2.793986, -2.923929 / 2.436177, -2.793642, -2.923797 / 2.435833, -2.794331, -2.924060; 0, 30, 1, 0; 3542832; 0, 2, 0; 0, 2, 0; 4, 1, 1/ 4, 2, 1;
0, 4632; 2.715646, -1.300475, -2.612840; 0, 30, 1, 0; 47101196; 0, 1, 0; 0, 1, 0; 1, 1, 1;
0, 4632; 2.794330, -1.217845, -2.566984; 0, 30, 1, 0; 46851961; 1, 0, 1; 0, 1, 0; 1, 1, 2;
0, 4632; 2.797365, -1.221771, -2.566814; 0, 30, 1, 0; 46851903; 1, 0, 1; 0, 1, 0; 1, 1, 2;
0, 4632; 3.498903, -1.284485, -2.261252; 0, 32, 1, 0; 34104382; 1, 0, 1; 1, 0, 0; 2, 1, 2;
1, 4635; -3.547925, -2.338252, -0.430162; 0, 2, 1, 1; 237810011; 1, 0, 1; 1, 0, 0; 3, 1, 2;
1, 4638; 1.456418, 1.773175, 0.127831; 0, 26, 1, 1; 97560741; 1, 0, 1; 0, 1, 0; 1, 1, 2;
1, 4642; -0.802546, 0.412965, -0.164927 / -0.801811, 0.413369, -0.164683 / -0.803281, 0.412560, -0.165172; 0, 19, 1, 0; 13754179; 0, 2, 0; 1, 1, 0; 2, 1, 1/ 4, 5, 1;
0, 4642; -0.807383, 0.413082, -0.169019; 0, 19, 1, 0; 13753151; 1, 0, 1; 0, 1, 0; 1, 1, 2;
1, 4643; -0.196751, 3.113976, -3.394349; 0, 15, 1, 0; 14843764; 0, 1, 0; 0, 1, 0; 1, 1, 1;
0, 4643; -0.338769, 3.102541, -3.366365; 0, 15, 1, 0; 15949904; 0, 1, 0; 0, 1, 0; 4, 1, 1;
1, 4652; 0.098246, 1.777210, 0.745667; 0, 21, 1, 1; 31730628; 1, 0, 1; 0, 1, 0; 1, 1, 2;
0, 4652; 0.627461, 0.788096, 1.550037; 0, 25, 1, 1; 164825943; 1, 0, 1; 1, 0, 0; 2, 1, 2;
1, 4667; 2.337092, -0.039143, 1.908213; 0, 35, 1, 1; 28834462; 0, 1, 0; 1, 0, 0; 2, 1, 1;
1, 4671; -2.854547, 3.373074, -0.243925; 0, 3, 1, 1; 151065494; 0, 1, 0; 1, 0, 0; 2, 1, 1;
1, 4672; -3.561732, 0.699639, 1.707663; 0, 4, 1, 0; 25512499; 1, 0, 1; 0, 1, 0; 4, 1, 2;
0, 4672; -3.571923, 0.678680, 1.693610; 0, 4, 1, 0; 25509520; 1, 0, 1; 0, 1, 0; 4, 1, 2;
0, 4672; -3.574236, 0.679829, 1.700947; 0, 4, 1, 0; 25509715; 1, 0, 1; 0, 1, 0; 4, 1, 2;
0, 4672; -3.575013, 0.671294, 1.688844; 0, 4, 1, 0; 25508350; 0, 1, 0; 0, 1, 0; 4, 1, 1;
1, 4673; -2.975693, -0.151221, -0.699121 / -2.975331, -0.151145, -0.698329 / -2.976056, -0.151296, -0.699912; 0, 3, 1, 0; 43879314; 2, 1, 1; 0, 2, 1; 1, 1, 1/ 4, 5, 2;
0, 4673; -3.136309, 0.321608, -0.280971; 0, 3, 1, 0; 59384583; 1, 0, 1; 0, 1, 0; 1, 1, 2;
0, 4673; -3.254455, -0.402484, -0.539162 / -3.253772, -0.401841, -0.539050 / -3.255137, -0.403127, -0.539274; 0, 3, 1, 0; 32704360; 1, 0, 2; 0, 2, 1; 4, 1, 2/ 1, 7, 2;
0, 4673; -3.277238, 0.512958, 0.417693 / -3.275792, 0.513565, 0.417995 / -3.278684, 0.512351, 0.417390; 0, 3, 1, 0; 60056670; 2, 1, 1; 1, 1, 0; 1, 1, 2/ 3, 9, 1;
0, 4673; -3.277788, 0.512127, 0.415414 / -3.277218, 0.512362, 0.415708 / -3.278358, 0.511892, 0.415119; 0, 3, 1, 0; 60056746; 0, 2, 0; 1, 1, 0; 4, 1, 1/ 3, 4, 1;
0, 4673; -3.281371, 0.497542, 0.417641 / -3.281329, 0.498343, 0.418157 / -3.281413, 0.496741, 0.417125; 0, 3, 1, 0; 60056540; 2, 1, 1; 0, 2, 1; 1, 1, 1/ 4, 2, 2;
0, 4673; -3.282231, 0.496922, 0.420329; 0, 3, 1, 0; 60056464; 1, 0, 1; 0, 1, 0; 4, 1, 2;
1, 4675; -0.082156, 1.594555, 1.903504 / -0.082043, 1.595081, 1.904191 / -0.082269, 1.594029, 1.902817; 0, 21, 1, 1; 39334110; 1, 0, 2; 0, 2, 1; 1, 1, 2/ 4, 4, 2;
0, 4675; -0.098809, 1.586639, 1.891811; 0, 21, 1, 1; 39336353; 0, 1, 0; 0, 1, 0; 4, 1, 1;
0, 4675; -0.238182, 1.405046, 1.825505; 0, 21, 1, 1; 41311445; 1, 0, 1; 0, 1, 0; 4, 1, 2;
0, 4675; -0.827663, 1.436291, 1.946997; 0, 21, 1, 1; 40491119; 1, 0, 1; 0, 1, 0; 4, 1, 2;
1, 4679; 0.455640, -0.684683, -3.268015; 0, 14, 1, 0; 14324780; 1, 0, 1; 0, 1, 0; 1, 1, 2;
1, 4687; -1.858997, 1.860231, 1.970750; 0, 8, 1, 0; 43080248; 1, 0, 1; 0, 1, 0; 1, 1, 2;
0, 4687; -1.860448, 1.859088, 1.987468; 0, 8, 1, 0; 43077841; 0, 1, 0; 0, 1, 0; 4, 1, 1;
0, 4687; -1.862684, 1.850467, 1.991863 / -1.862349, 1.850569, 1.991864 / -1.863018, 1.850364, 1.991862; 0, 8, 1, 0; 43076768; 2, 1, 1; 2, 0, 0; 3, 1, 1/ 3, 3, 2;
0, 4687; -2.623422, 1.710366, 2.331543; 0, 5, 1, 1; 132317492; 0, 1, 0; 0, 1, 0; 4, 1, 1;
1, 4688; -0.215101, -3.627889, -1.972665; 0, 17, 1, 1; 45052885; 1, 0, 1; 0, 1, 0; 4, 1, 2;
0, 4688; -0.713163, -3.671417, -2.322919; 0, 17, 1, 1; 44077973; 1, 0, 1; 0, 1, 0; 4, 1, 2;
0, 4688; -0.933923, -3.636928, -2.464830; 0, 13, 1, 1; 29896438; 1, 0, 1; 0, 1, 0; 1, 1, 2;
0, 4688; -0.936416, -3.636050, -2.468535; 0, 13, 1, 1; 29895323; 1, 0, 1; 0, 1, 0; 1, 1, 2;
0, 4688; 0.645267, -3.402000, -0.822413; 0, 27, 1, 0; 46381962; 0, 1, 0; 0, 1, 0; 4, 1, 1;
0, 4688; 0.655338, -3.368642, -0.783273; 0, 27, 1, 0; 46255333; 0, 1, 0; 0, 1, 0; 1, 1, 1;
0, 4688; 0.655954, -3.373930, -0.793519; 0, 27, 1, 0; 46257412; 1, 0, 1; 0, 1, 0; 4, 1, 2;
1, 4692; -2.529074, 0.709149, -3.792710; 0, 1, 1, 1; 136540545; 1, 0, 1; 0, 1, 0; 1, 1, 2;
1, 4694; -1.146848, 1.244971, 1.826135; 0, 8, 1, 0; 32039870; 0, 1, 0; 0, 1, 0; 1, 1, 1;
0, 4694; -1.371056, 2.603330, 2.116493; 0, 6, 1, 0; 23320883; 1, 0, 1; 0, 1, 0; 4, 1, 2;
0, 4694; -1.402976, 2.313980, 2.076155; 0, 8, 1, 1; 53347432; 1, 0, 1; 0, 1, 0; 4, 1, 2;
0, 4694; -1.406731, 2.220551, 2.070030; 0, 8, 1, 1; 53334036; 1, 0, 1; 0, 1, 0; 4, 1, 2;
0, 4694; -1.410537, 2.300250, 2.075382; 0, 8, 1, 1; 53345134; 1, 0, 1; 0, 1, 0; 4, 1, 2;
0, 4694; -1.410835, 2.296429, 2.073702; 0, 8, 1, 1; 53344821; 1, 0, 1; 0, 1, 0; 1, 1, 2;
0, 4694; -1.544207, -0.327118, 2.944158; 0, 6, 1, 1; 117017465; 1, 0, 1; 0, 1, 0; 4, 1, 2;
0, 4694; -1.590807, -1.293917, 3.107155; 0, 6, 1, 1; 142459530; 0, 1, 0; 0, 1, 0; 1, 1, 1;
1, 4695; -1.085322, 2.199093, 3.731061; 0, 39, 1, 1; 77833799; 1, 0, 1; 0, 1, 0; 4, 1, 2;
0, 4695; -2.067306, 1.222411, -1.049664; 0, 11, 1, 0; 26257727; 0, 1, 0; 0, 1, 0; 1, 1, 1;
1, 4699; -1.702401, -3.263478, 2.124306; 0, 7, 1, 0; 20153827; 1, 0, 1; 0, 1, 0; 1, 1, 2;
0, 4699; -1.703512, -3.269596, 2.116095 / -1.703502, -3.268779, 2.116199 / -1.703522, -3.270413, 2.115992; 0, 7, 1, 0; 20153999; 2, 2, 1; 2, 1, 0; 3, 1, 1/ 3, 3, 2/ 4, 6, 1;
0, 4699; -1.704827, -3.262894, 2.123371 / -1.704492, -3.262471, 2.124050 / -1.705163, -3.263317, 2.122692; 0, 7, 1, 0; 20153898; 0, 2, 0; 1, 1, 0; 2, 1, 1/ 4, 5, 1;
0, 4699; -1.704858, -3.266125, 2.117454; 0, 7, 1, 0; 20154068; 1, 0, 1; 0, 1, 0; 1, 1, 2;
0, 4699; -2.646958, -2.344047, 1.294681; 0, 4, 1, 1; 117559382; 1, 0, 1; 0, 1, 0; 1, 1, 2;
0, 4699; 0.038704, -3.876069, 3.739715; 0, 39, 1, 1; 47856420; 1, 0, 1; 0, 1, 0; 4, 1, 2;
1, 4703; -0.104958, -2.341765, -3.832666; 0, 13, 1, 1; 87698842; 0, 1, 0; 0, 1, 0; 4, 1, 1;
0, 4703; -0.200295, -2.738981, -3.736535; 0, 13, 1, 1; 69527706; 1, 0, 1; 0, 1, 0; 4, 1, 2;
0, 4703; -0.203556, -2.720923, -3.720882; 0, 13, 1, 1; 69525820; 1, 0, 1; 0, 1, 0; 4, 1, 2;
0, 4703; -0.209742, 3.496720, -3.280330; 0, 15, 1, 1; 23674937; 1, 0, 1; 0, 1, 0; 4, 1, 2;
0, 4703; -0.210145, -2.735200, -3.732076; 0, 13, 1, 1; 69526931; 1, 0, 1; 0, 1, 0; 1, 1, 2;
0, 4703; -0.210999, -2.726737, -3.719416 / -0.210979, -2.726649, -3.719374 / -0.211019, -2.726825, -3.719457; 0, 13, 1, 1; 69525620; 2, 1, 1; 2, 0, 0; 2, 1, 2/ 2, 2, 1;
0, 4703; -0.267452, 1.410318, -2.907456; 0, 14, 1, 1; 73380452; 1, 0, 1; 0, 1, 0; 4, 1, 2;
0, 4703; -0.270624, 1.408725, -2.899401; 0, 14, 1, 1; 73379107; 0, 1, 0; 0, 1, 0; 1, 1, 1;
0, 4703; -0.505491, 0.455007, -2.735132; 0, 14, 1, 1; 44338711; 1, 0, 1; 0, 1, 0; 1, 1, 2;
1, 4753; -1.430443, 1.377500, 2.047333 / -1.429141, 1.377645, 2.047835 / -1.431746, 1.377354, 2.046831; 0, 8, 1, 0; 28632539; 2, 1, 1; 1, 1, 0; 4, 1, 2/ 3, 11, 1;
0, 4753; -1.432314, 1.373603, 2.040497; 0, 8, 1, 0; 28632440; 0, 1, 0; 1, 0, 0; 2, 1, 1;
0, 4753; -1.434709, 1.381576, 2.049958; 0, 8, 1, 0; 28633577; 1, 0, 1; 0, 1, 0; 4, 1, 2;
0, 4753; -1.436702, 1.376431, 2.050431; 0, 8, 1, 0; 28632370; 1, 0, 1; 0, 1, 0; 4, 1, 2;
0, 4753; -1.446916, 1.363742, 2.043354 / -1.446719, 1.364171, 2.043825 / -1.447114, 1.363312, 2.042883; 0, 8, 1, 0; 28630979; 1, 0, 2; 0, 2, 1; 1, 1, 2/ 4, 3, 2;
0, 4753; -1.958970, 2.605453, 3.028280; 0, 6, 1, 0; 28722315; 1, 0, 1; 0, 1, 0; 4, 1, 2;
0, 4753; -1.961300, 2.603818, 3.021672; 0, 6, 1, 0; 28722100; 0, 1, 0; 0, 1, 0; 4, 1, 1;
0, 4753; -1.961800, 2.607116, 3.028333; 0, 6, 1, 0; 28722237; 1, 0, 1; 1, 0, 0; 2, 1, 2;
0, 4753; -1.962578, 2.603952, 3.024111; 0, 6, 1, 0; 28722031; 1, 0, 1; 0, 1, 0; 1, 1, 2;
1, 4756; 2.655880, -1.534314, -3.378042; 0, 30, 1, 0; 38533963; 0, 1, 0; 0, 1, 0; 4, 1, 1;
1, 4757; 3.105396, 3.781243, -3.016953 / 3.105457, 3.781533, -3.016663 / 3.105335, 3.780952, -3.017242; 0, 44, 1, 1; 34622795; 0, 2, 0; 0, 2, 0; 1, 1, 1/ 1, 2, 1;
0, 4757; 3.243143, 3.540625, -3.144074; 0, 31, 1, 0; 36495854; 1, 0, 1; 1, 0, 0; 3, 1, 2;
0, 4757; 3.350062, 2.806031, -3.362895; 0, 31, 1, 0; 19982558; 1, 0, 1; 0, 1, 0; 4, 1, 2;
0, 4757; 3.360166, 0.639604, -2.678337; 0, 30, 1, 1; 105118692; 0, 1, 0; 0, 1, 0; 1, 1, 1;
0, 4757; 3.364729, 0.625329, -2.673500; 0, 30, 1, 1; 105117919; 0, 1, 0; 0, 1, 0; 4, 1, 1;
1, 4761; 1.025252, -1.465616, 3.621210; 0, 39, 1, 0; 13669333; 1, 0, 1; 0, 1, 0; 1, 1, 2;
1, 4770; -0.260146, 0.694209, 1.693116; 0, 22, 1, 0; 11111738; 1, 0, 1; 1, 0, 0; 2, 1, 2;
0, 4770; -0.536088, 0.730147, 1.722958; 0, 22, 1, 0; 11345935; 0, 1, 0; 0, 1, 0; 4, 1, 1;
0, 4770; -0.565911, 0.740409, 1.707477; 0, 22, 1, 0; 11478439; 1, 0, 1; 0, 1, 0; 4, 1, 2;
0, 4770; -0.571285, 0.621042, 1.645673; 0, 22, 1, 0; 11497421; 1, 0, 1; 0, 1, 0; 4, 1, 2;
0, 4770; -0.573817, 0.725197, 1.687320 / -0.573551, 0.725442, 1.687407 / -0.574082, 0.724952, 1.687233; 0, 22, 1, 0; 11476591; 0, 2, 0; 2, 0, 0; 2, 1, 1/ 2, 2, 1;
0, 4770; 0.067761, 0.489400, 1.539865; 0, 22, 1, 1; 24032072; 1, 0, 1; 1, 0, 0; 2, 1, 2;
0, 4770; 0.572372, 0.273645, 1.075102; 0, 22, 1, 1; 31687516; 0, 1, 0; 0, 1, 0; 4, 1, 1;
0, 4770; 0.971694, -0.688278, 0.629109; 0, 25, 1, 1; 124112697; 0, 1, 0; 0, 1, 0; 1, 1, 1;
0, 4770; 1.463412, -1.824890, 1.064970; 0, 25, 1, 0; 87126430; 0, 1, 0; 0, 1, 0; 4, 1, 1;
0, 4770; 1.553021, -2.169664, 1.343357; 0, 25, 1, 0; 79731739; 1, 0, 1; 0, 1, 0; 1, 1, 2;
1, 4774; 3.451594, -2.811201, 1.238471; 0, 35, 1, 1; 106484077; 1, 0, 1; 0, 1, 0; 1, 1, 2;
1, 4776; 1.383826, 3.241026, 0.656668; 0, 26, 1, 0; 26797532; 1, 0, 1; 1, 0, 0; 2, 1, 2;
0, 4776; 1.394284, 3.229833, 0.661144; 0, 26, 1, 0; 26799437; 0, 1, 0; 0, 1, 0; 1, 1, 1;
0, 4776; 1.563139, 3.188230, 1.142185; 0, 26, 1, 0; 29714632; 1, 0, 1; 0, 1, 0; 4, 1, 2;
0, 4776; 3.044150, 3.423584, 0.507834; 0, 34, 1, 1; 49636177; 1, 0, 1; 0, 1, 0; 4, 1, 2;
0, 4776; 3.051380, -0.495162, 1.438007; 0, 35, 1, 1; 34022486; 0, 1, 0; 1, 0, 0; 3, 1, 1;
1, 4786; -0.121617, 3.713528, 2.502332; 0, 41, 1, 1; 37899366; 1, 0, 1; 0, 1, 0; 1, 1, 2;
1, 4792; 2.575839, 0.269571, -0.193870; 0, 33, 1, 1; 93985839; 1, 0, 1; 0, 1, 0; 4, 1, 2;
1, 4807; -1.328325, 2.287804, 0.023489; 0, 8, 1, 1; 133486676; 1, 0, 1; 0, 1, 0; 4, 1, 2;
0, 4807; -1.328898, 2.291996, 0.021460 / -1.328223, 2.292553, 0.021535 / -1.329574, 2.291439, 0.021384; 0, 8, 1, 1; 133486689; 2, 1, 1; 0, 2, 0; 1, 1, 1/ 1, 4, 2;
0, 4807; -1.330845, 2.291518, 0.021308; 0, 8, 1, 1; 133486612; 0, 1, 0; 1, 0, 0; 2, 1, 1;
1, 4808; -2.584440, -1.480660, 1.239757; 0, 4, 1, 1; 89270882; 1, 0, 1; 0, 1, 0; 1, 1, 2;
0, 4808; 0.809899, -2.187405, 3.475679 / 0.809920, -2.187173, 3.476014 / 0.809877, -2.187637, 3.475345; 0, 24, 1, 1; 241469148; 0, 2, 0; 0, 2, 0; 1, 1, 1/ 1, 3, 1;
1, 4815; 0.794026, -1.002433, -2.242241; 0, 27, 1, 1; 143907030; 1, 0, 1; 0, 1, 0; 1, 1, 2;
0, 4815; 0.802953, -1.009177, -2.244033; 0, 27, 1, 1; 143906333; 1, 0, 1; 0, 1, 0; 1, 1, 2;
0, 4815; 0.809363, -1.010473, -2.239453; 0, 27, 1, 1; 143907404; 1, 0, 1; 1, 0, 0; 2, 1, 2;
0, 4815; 0.812587, -1.006337, -2.228281; 0, 27, 1, 1; 143908774; 0, 1, 0; 0, 1, 0; 4, 1, 1;
0, 4815; 1.523014, 0.195599, -1.334194; 0, 27, 1, 1; 185690223; 1, 0, 1; 0, 1, 0; 4, 1, 2;
0, 4815; 1.526198, 0.194987, -1.335480; 0, 27, 1, 1; 185690235; 1, 0, 1; 0, 1, 0; 1, 1, 2;
0, 4815; 1.529703, 0.207275, -1.332373; 0, 27, 1, 1; 185689511; 1, 0, 1; 0, 1, 0; 1, 1, 2;
1, 4817; 1.272256, -3.366592, 0.724544; 0, 25, 1, 0; 41214634; 0, 1, 0; 0, 1, 0; 1, 1, 1;
0, 4817; 2.039723, -2.751387, 3.784421; 0, 38, 1, 1; 85099561; 0, 1, 0; 1, 0, 0; 2, 1, 1;
0, 4817; 2.058996, -2.741693, 3.814310; 0, 38, 1, 1; 84972945; 1, 0, 1; 0, 1, 0; 4, 1, 2;
0, 4817; 2.063388, -2.736387, 3.822643; 0, 38, 1, 1; 84974123; 1, 0, 1; 0, 1, 0; 1, 1, 2;
1, 4819; -0.055751, 1.856799, -2.609373 / -0.055221, 1.857442, -2.608526 / -0.056280, 1.856155, -2.610219; 0, 14, 1, 1; 90971137; 2, 1, 1; 0, 2, 0; 1, 1, 2/ 1, 5, 1;
0, 4819; -0.056271, 1.860734, -2.607408 / -0.055887, 1.861321, -2.606939 / -0.056656, 1.860147, -2.607877; 0, 14, 1, 1; 90970900; 2, 1, 1; 0, 2, 0; 1, 1, 1/ 1, 4, 2;
0, 4819; -0.057004, 1.857132, -2.607638; 0, 14, 1, 1; 90971059; 1, 0, 1; 0, 1, 0; 4, 1, 2;
0, 4819; -0.059229, 1.859690, -2.606735; 0, 14, 1, 1; 90971047; 1, 0, 1; 1, 0, 0; 2, 1, 2;
0, 4819; -1.172424, 1.095222, -2.948481; 0, 12, 1, 0; 27305916; 1, 0, 1; 1, 0, 0; 2, 1, 2;
0, 4819; -2.603301, -0.374102, -3.018384; 0, 1, 1, 0; 99788692; 0, 1, 0; 0, 1, 0; 1, 1, 1;
0, 4819; -3.087157, -0.976428, -2.933996; 0, 1, 1, 0; 85121696; 0, 1, 0; 0, 1, 0; 4, 1, 1;
0, 4819; -3.393376, -1.549986, -2.932650; 0, 1, 1, 0; 69641184; 1, 0, 1; 0, 1, 0; 1, 1, 2;
0, 4819; -3.534913, -1.899593, -2.983161; 0, 1, 1, 0; 56431353; 1, 0, 1; 0, 1, 0; 1, 1, 2;
0, 4819; 1.000595, 2.189396, -2.488917; 0, 28, 1, 1; 131844529; 1, 0, 1; 0, 1, 0; 4, 1, 2;
0, 4819; 1.780943, 2.677321, -2.511799; 0, 28, 1, 1; 129969781; 1, 0, 1; 0, 1, 0; 1, 1, 2;
1, 4826; 1.609379, 3.707910, -1.649432; 0, 43, 1, 1; 32116383; 1, 0, 1; 0, 1, 0; 4, 1, 2;
0, 4826; 1.900320, 3.498108, -0.855656; 0, 26, 1, 0; 49956686; 1, 0, 1; 1, 0, 0; 3, 1, 2;
1, 4853; 0.619982, 0.205459, -3.769707; 0, 29, 1, 0; 14335218; 0, 1, 0; 0, 1, 0; 1, 1, 1;
0, 4853; 0.621951, 0.193655, -3.778015; 0, 29, 1, 0; 14336218; 1, 0, 1; 0, 1, 0; 4, 1, 2;
0, 4853; 0.622000, 0.212875, -3.765821; 0, 29, 1, 0; 14334272; 1, 0, 1; 0, 1, 0; 1, 1, 2;
0, 4853; 0.623087, 0.213316, -3.767407; 0, 29, 1, 0; 14334352; 1, 0, 1; 1, 0, 0; 2, 1, 2;
0, 4853; 0.635418, 0.215026, -3.776839; 0, 29, 1, 0; 14335745; 1, 0, 1; 0, 1, 0; 4, 1, 2;
1, 4858; -0.403673, -0.229302, 1.569403; 0, 22, 1, 1; 41258118; 1, 0, 1; 0, 1, 0; 4, 1, 2;
1, 4862; 1.272485, 0.541807, -3.413070; 0, 29, 1, 0; 9886021; 1, 0, 1; 0, 1, 0; 4, 1, 2;
0, 4862; 2.718084, -1.765384, -2.828262; 0, 30, 1, 0; 37060865; 0, 1, 0; 1, 0, 0; 3, 1, 1;
1, 4865; 2.473359, -1.724195, 2.905724 / 2.473455, -1.723661, 2.906678 / 2.473262, -1.724729, 2.904771; 0, 36, 1, 1; 85174547; 1, 0, 2; 0, 2, 1; 1, 1, 2/ 4, 2, 2;
0, 4865; 2.474328, -1.725383, 2.906063; 0, 36, 1, 1; 85174543; 0, 1, 0; 1, 0, 0; 2, 1, 1;
1, 4883; 3.864871, 0.986674, -2.771785; 0, 46, 1, 0; 13430867; 1, 0, 1; 0, 1, 0; 1, 1, 2;
0, 4883; 3.870707, 0.990143, -2.772512; 0, 46, 1, 0; 13430704; 1, 0, 1; 0, 1, 0; 1, 1, 2;
1, 4886; 1.684134, 2.778265, 0.370860; 0, 26, 1, 1; 60340404; 0, 1, 0; 1, 0, 0; 3, 1, 1;
1, 4896; 0.936743, 3.814760, -1.125748 / 0.937637, 3.814837, -1.125719 / 0.935849, 3.814683, -1.125778; 0, 43, 1, 1; 14342870; 1, 0, 2; 0, 2, 1; 1, 1, 2/ 4, 5, 2;
0, 4896; 0.936814, 3.814220, -1.128029; 0, 43, 1, 1; 14342949; 0, 1, 0; 1, 0, 0; 2, 1, 1;
0, 4896; 0.938598, 3.814351, -1.126832; 0, 43, 1, 1; 14342876; 0, 1, 0; 0, 1, 0; 4, 1, 1;
1, 4904; 1.006712, -1.676040, 3.855236; 0, 39, 1, 0; 13014799; 1, 0, 1; 0, 1, 0; 4, 1, 2;
0, 4904; 1.240535, 0.511020, 1.866788; 0, 25, 1, 1; 158344011; 1, 0, 1; 0, 1, 0; 1, 1, 2;
0, 4904; 1.276218, -0.711922, 2.728233; 0, 24, 1, 1; 192153464; 1, 0, 1; 0, 1, 0; 4, 1, 2;
0, 4904; 1.276980, -0.713596, 2.730774; 0, 24, 1, 1; 192153377; 1, 0, 1; 1, 0, 0; 2, 1, 2;
1, 4910; 3.787086, -0.093286, -3.503205; 0, 46, 1, 1; 48858583; 1, 0, 1; 0, 1, 0; 1, 1, 2;
1, 4914; -3.872709, 3.486233, -2.841947; 0, 1, 1, 1; 217371387; 1, 0, 1; 0, 1, 0; 4, 1, 2;
1, 4920; 1.139262, -0.522795, -3.198594; 0, 29, 1, 0; 35529545; 1, 0, 1; 0, 1, 0; 1, 1, 2;
0, 4920; 1.144276, -0.526807, -3.196512; 0, 29, 1, 0; 35529492; 0, 1, 0; 1, 0, 0; 3, 1, 1;
0, 4920; 1.903159, -1.068447, -1.818614; 0, 27, 1, 1; 151255667; 0, 1, 0; 0, 1, 0; 1, 1, 1;
1, 4922; 2.805764, -2.357123, -0.578649; 0, 33, 1, 0; 20872605; 1, 0, 1; 0, 1, 0; 4, 1, 2;
1, 4925; -0.628462, -2.913191, 0.476042; 0, 18, 1, 0; 2277892; 1, 0, 1; 0, 1, 0; 1, 1, 2;
0, 4925; -2.324044, -3.239389, 1.598850; 0, 7, 1, 1; 64639859; 1, 0, 1; 1, 0, 0; 2, 1, 2;
0, 4925; -2.923613, -3.579940, 1.828973; 0, 4, 1, 1; 149756618; 1, 0, 1; 0, 1, 0; 4, 1, 2;
0, 4925; 0.203121, -3.083769, -1.383269; 0, 17, 1, 1; 31220770; 1, 0, 1; 0, 1, 0; 4, 1, 2;
0, 4925; 0.390048, -3.090323, -1.518898; 0, 17, 1, 1; 28146350; 0, 1, 0; 0, 1, 0; 1, 1, 1;
0, 4925; 0.402851, -3.100890, -1.526745; 0, 17, 1, 1; 28145235; 1, 0, 1; 0, 1, 0; 4, 1, 2;
0, 4925; 0.406699, -3.104494, -1.529230; 0, 17, 1, 1; 28144324; 1, 0, 1; 0, 1, 0; 1, 1, 2;
0, 4925; 0.413447, -3.106483, -1.529228; 0, 17, 1, 1; 28144272; 0, 1, 0; 1, 0, 0; 2, 1, 1;
0, 4925; 1.305304, -3.065303, -2.732258 / 1.305401, -3.065197, -2.732063 / 1.305208, -3.065409, -2.732452; 0, 29, 1, 1; 114190234; 2, 1, 1; 2, 0, 0; 3, 1, 2/ 3, 2, 1;
0, 4925; 1.322210, -3.236919, -2.948326; 0, 29, 1, 1; 114349207; 1, 0, 1; 0, 1, 0; 1, 1, 2;
1, 4937; 1.428696, 1.448205, 1.074624; 0, 25, 1, 1; 185538473; 1, 0, 1; 1, 0, 0; 3, 1, 2;
0, 4937; 1.429313, 1.449397, 1.072186 / 1.429314, 1.449466, 1.072272 / 1.429312, 1.449327, 1.072100; 0, 25, 1, 1; 185538393; 2, 1, 1; 0, 2, 0; 1, 1, 1/ 1, 2, 2;
0, 4937; 1.433561, 1.443143, 1.066631; 0, 25, 1, 1; 185537248; 0, 1, 0; 0, 1, 0; 4, 1, 1;
0, 4937; 1.440559, 1.447558, 1.068333; 0, 25, 1, 1; 185537158; 0, 1, 0; 0, 1, 0; 1, 1, 1;
0, 4937; 1.443108, 1.448091, 1.070035; 0, 25, 1, 1; 185538197; 1, 0, 1; 0, 1, 0; 4, 1, 2;
0, 4937; 1.529484, 0.343510, 1.259954; 0, 25, 1, 1; 157285061; 1, 0, 1; 0, 1, 0; 1, 1, 2;
0, 4937; 1.529878, 0.345017, 1.266229; 0, 25, 1, 1; 157286181; 1, 0, 1; 0, 1, 0; 1, 1, 2;
0, 4937; 2.212417, -3.237190, 2.158016; 0, 36, 1, 1; 34070432; 0, 1, 0; 1, 0, 0; 3, 1, 1;
1, 4938; 2.765361, -3.249627, 1.699581; 0, 35, 1, 1; 116493978; 1, 0, 1; 1, 0, 0; 2, 1, 2;
0, 4938; 2.816086, -2.623020, 1.567164; 0, 35, 1, 1; 98510017; 1, 0, 1; 0, 1, 0; 1, 1, 2;
0, 4938; 2.822299, -2.647246, 1.566466; 0, 35, 1, 1; 98508536; 1, 0, 1; 0, 1, 0; 4, 1, 2;
0, 4938; 2.825164, -3.190021, 1.608484; 0, 35, 1, 1; 116387591; 0, 1, 0; 1, 0, 0; 2, 1, 1;
1, 4939; -2.014613, -0.796008, -0.773204; 0, 9, 1, 1; 73153184; 0, 1, 0; 1, 0, 0; 3, 1, 1;
0, 4939; -2.060084, -0.859880, -0.754163; 0, 9, 1, 1; 73416941; 0, 1, 0; 1, 0, 0; 3, 1, 1;
0, 4939; -2.061077, -0.858193, -0.753993 / -2.060941, -0.857596, -0.753588 / -2.061214, -0.858790, -0.754398; 0, 9, 1, 1; 73416946; 0, 3, 0; 1, 2, 1; 1, 1, 1/ 3, 4, 1/ 4, 5, 1;
0, 4939; -2.063994, -0.855369, -0.763046; 0, 9, 1, 1; 73415761; 0, 1, 0; 0, 1, 0; 1, 1, 1;
0, 4939; -2.075924, -1.464000, -0.481349; 0, 9, 1, 1; 90333427; 0, 1, 0; 0, 1, 0; 4, 1, 1;
1, 4940; 3.563687, 2.682817, -0.373553; 0, 34, 1, 0; 18014871; 0, 1, 0; 0, 1, 0; 1, 1, 1;
1, 4950; -0.332937, -0.920897, -3.732394; 0, 14, 1, 0; 2526532; 0, 1, 0; 0, 1, 0; 4, 1, 1;
0, 4950; -1.439437, -0.706645, -3.877530; 0, 12, 1, 1; 87751096; 1, 0, 1; 0, 1, 0; 1, 1, 2;
0, 4950; -1.440419, -0.711817, -3.872043 / -1.439887, -0.711271, -3.871953 / -1.440950, -0.712363, -3.872132; 0, 12, 1, 1; 87751063; 2, 1, 1; 0, 2, 0; 4, 1, 1/ 4, 3, 2;
0, 4950; -1.440855, -0.704083, -3.871365; 0, 12, 1, 1; 87751040; 1, 0, 1; 0, 1, 0; 1, 1, 2;
1, 4959; -2.039559, -3.393937, 1.440907; 0, 7, 1, 0; 50597041; 0, 1, 0; 0, 1, 0; 4, 1, 1;
0, 4959; -2.042216, -3.402180, 1.448123; 0, 7, 1, 0; 50595802; 1, 0, 1; 0, 1, 0; 1, 1, 2;
1, 4973; 0.066643, -2.473308, -2.302904; 0, 17, 1, 0; 7018428; 0, 1, 0; 0, 1, 0; 4, 1, 1;
0, 4973; 0.072684, -2.477789, -2.300463; 0, 17, 1, 0; 7018398; 0, 1, 0; 1, 0, 0; 3, 1, 1;
0, 4973; 0.456597, -3.394352, -2.662926; 0, 13, 1, 1; 46724830; 0, 1, 0; 1, 0, 0; 2, 1, 1;
0, 4973; 0.462977, -3.404473, -2.663419; 0, 13, 1, 1; 46725324; 0, 1, 0; 0, 1, 0; 1, 1, 1;
1, 4979; -1.986712, -1.340186, 3.570894; 0, 6, 1, 1; 140099472; 1, 0, 1; 1, 0, 0; 2, 1, 2;
1, 4985; -3.813413, -2.891646, 1.982210; 0, 4, 1, 1; 130400370; 1, 0, 1; 0, 1, 0; 4, 1, 2;
0, 4985; -3.825280, -2.944955, 1.978208; 0, 4, 1, 1; 130530563; 1, 0, 1; 0, 1, 0; 4, 1, 2;
0, 4985; -3.827221, -2.922131, 1.978346; 0, 4, 1, 1; 130530876; 1, 0, 1; 0, 1, 0; 4, 1, 2;
0, 4985; -3.827870, -2.940233, 1.975765; 0, 4, 1, 1; 130530504; 1, 0, 1; 1, 0, 0; 3, 1, 2;
1, 4988; 0.265358, -2.143702, -3.720949; 0, 13, 1, 1; 84248088; 0, 1, 0; 0, 1, 0; 4, 1, 1;
1, 4992; -2.772394, 1.861075, -3.452945; 0, 1, 1, 1; 173403126; 1, 0, 1; 0, 1, 0; 4, 1, 2;
1, 5001; -3.809346, -2.889117, 1.450771; 0, 4, 1, 1; 134009957; 1, 0, 1; 0, 1, 0; 1, 1, 2;
1, 5014; -3.269917, 1.820657, 0.413104; 0, 3, 1, 1; 103652622; 1, 0, 1; 0, 1, 0; 1, 1, 2;
1, 5018; 1.272648, -1.553844, 0.435672; 0, 26, 1, 1; 202133205; 0, 1, 0; 0, 1, 0; 1, 1, 1;
0, 5018; 1.292043, -2.743515, 0.178482; 0, 27, 1, 0; 32805553; 0, 1, 0; 0, 1, 0; 4, 1, 1;
1, 5026; -1.394637, 1.775080, 2.224314; 0, 6, 1, 0; 58013305; 1, 0, 1; 0, 1, 0; 1, 1, 2;
0, 5026; 1.225246, 2.118294, 0.681861; 0, 26, 1, 0; 1407956; 1, 0, 1; 0, 1, 0; 4, 1, 2;
1, 5036; -0.123563, 0.539385, -0.524644; 0, 19, 1, 0; 17076657; 0, 1, 0; 0, 1, 0; 4, 1, 1;
0, 5036; -0.352410, -1.271006, -0.404279; 0, 18, 1, 1; 42981580; 0, 1, 0; 0, 1, 0; 1, 1, 1;
0, 5036; -0.356166, -1.275667, -0.393713; 0, 18, 1, 1; 42982761; 1, 0, 1; 0, 1, 0; 1, 1, 2;
0, 5036; -0.362109, -1.271078, -0.393764; 0, 18, 1, 1; 42982718; 1, 0, 1; 1, 0, 0; 3, 1, 2;
0, 5036; -0.532077, -2.577614, -0.059254; 0, 18, 1, 0; 6665239; 1, 0, 1; 1, 0, 0; 2, 1, 2;
0, 5036; -0.543984, -2.610838, -0.054802; 0, 18, 1, 0; 6660268; 0, 1, 0; 0, 1, 0; 4, 1, 1;
1, 5040; -0.777974, -1.700329, -2.593981; 0, 13, 1, 1; 107747514; 0, 1, 0; 0, 1, 0; 1, 1, 1;
0, 5040; -2.326886, -3.387876, -1.852629 / -2.325215, -3.387682, -1.851805 / -2.328557, -3.388071, -1.853454; 0, 10, 1, 0; 24677352; 1, 0, 2; 0, 2, 1; 1, 1, 2/ 4, 9, 2;
0, 5040; -2.327305, -3.392628, -1.852248; 0, 10, 1, 0; 24677201; 0, 1, 0; 0, 1, 0; 1, 1, 1;
1, 5042; -1.692696, -3.341765, 3.532784; 0, 7, 1, 0; 28838070; 1, 0, 1; 0, 1, 0; 4, 1, 2;
0, 5042; -1.695133, -3.343089, 3.534457; 0, 7, 1, 0; 28838005; 0, 1, 0; 0, 1, 0; 1, 1, 1;
0, 5042; -2.026415, -2.453023, 3.796323; 0, 40, 1, 1; 22124803; 1, 0, 1; 0, 1, 0; 4, 1, 2;
0, 5042; -2.349071, -2.467306, 3.510389 / -2.348728, -2.466769, 3.510844 / -2.349415, -2.467843, 3.509934; 0, 6, 1, 1; 175842146; 2, 1, 1; 1, 1, 0; 4, 1, 1/ 2, 3, 2;
0, 5042; -2.384664, -2.367271, 3.753040; 0, 40, 1, 1; 37418395; 1, 0, 1; 0, 1, 0; 1, 1, 2;
0, 5042; -2.588830, -3.640420, 3.492887; 0, 4, 1, 1; 175003983; 0, 1, 0; 0, 1, 0; 1, 1, 1;
0, 5042; -2.635931, -3.763173, 3.525645; 0, 4, 1, 1; 175147052; 0, 1, 0; 0, 1, 0; 1, 1, 1;
0, 5042; -2.641152, -3.770540, 3.529535 / -2.640009, -3.770508, 3.530599 / -2.642294, -3.770573, 3.528472; 0, 4, 1, 1; 175145900; 2, 1, 1; 0, 2, 1; 4, 1, 2/ 1, 11, 1;
0, 5042; -2.644181, -3.789835, 3.524584; 0, 4, 1, 1; 175143408; 1, 0, 1; 0, 1, 0; 4, 1, 2;
0, 5042; -2.649642, -3.833019, 3.499948; 0, 4, 1, 1; 175173749; 1, 0, 1; 0, 1, 0; 1, 1, 2;
0, 5042; -2.654237, -3.833244, 3.501039; 0, 4, 1, 1; 175267877; 1, 0, 1; 0, 1, 0; 4, 1, 2;
1, 5045; 0.100645, 2.296618, -3.865494; 0, 14, 1, 1; 103236841; 0, 1, 0; 0, 1, 0; 1, 1, 1;
0, 5045; 0.174036, 2.213983, -3.803421; 0, 14, 1, 1; 103060584; 1, 0, 1; 0, 1, 0; 1, 1, 2;
1, 5046; 2.137769, 3.018587, -0.744740; 0, 34, 1, 1; 43898799; 0, 1, 0; 0, 1, 0; 1, 1, 1;
1, 5052; 0.017338, -1.441483, -1.896710; 0, 16, 1, 1; 68347208; 1, 0, 1; 0, 1, 0; 1, 1, 2;
0, 5052; 0.023584, -1.439469, -1.912323; 0, 16, 1, 1; 68347076; 0, 1, 0; 0, 1, 0; 4, 1, 1;
0, 5052; 0.054045, -1.425346, -2.226624; 0, 16, 1, 1; 65729967; 1, 0, 1; 1, 0, 0; 2, 1, 2;
1, 5058; -2.549211, 2.454597, -0.835581; 0, 3, 1, 1; 119384700; 1, 0, 1; 0, 1, 0; 1, 1, 2;
0, 5058; -3.062429, 2.928583, -0.507048; 0, 3, 1, 1; 130807041; 0, 1, 0; 1, 0, 0; 3, 1, 1;
0, 5058; -3.072245, 2.937620, -0.501722; 0, 3, 1, 1; 130807848; 1, 0, 1; 0, 1, 0; 1, 1, 2;
0, 5058; -3.437047, 3.191905, -0.259957; 0, 3, 1, 1; 142125341; 0, 1, 0; 1, 0, 0; 3, 1, 1;
0, 5058; -3.492019, 3.223236, -0.232120; 0, 3, 1, 1; 141987216; 1, 0, 1; 1, 0, 0; 2, 1, 2;
1, 5065; 0.536519, 3.355326, 1.637316; 0, 20, 1, 1; 51005023; 1, 0, 1; 0, 1, 0; 4, 1, 2;
1, 5066; -0.833561, 0.133004, -2.173857; 0, 16, 1, 0; 27546827; 1, 0, 1; 0, 1, 0; 1, 1, 2;
0, 5066; -2.344341, 0.806069, -3.573408; 0, 12, 1, 0; 36270319; 0, 1, 0; 1, 0, 0; 2, 1, 1;
1, 5069; -1.617777, 2.657196, 0.689445; 0, 8, 1, 1; 62666360; 1, 0, 1; 0, 1, 0; 4, 1, 2;
1, 5070; 3.144785, -3.509892, 0.998060; 0, 36, 1, 0; 3704626; 0, 1, 0; 1, 0, 0; 3, 1, 1;
1, 5071; -1.162880, -2.056877, 2.254307; 0, 6, 1, 1; 166658155; 1, 0, 1; 0, 1, 0; 4, 1, 2;
0, 5071; -1.167542, -2.057561, 2.259026; 0, 6, 1, 1; 166659219; 1, 0, 1; 1, 0, 0; 2, 1, 2;
0, 5071; -1.167850, -2.058174, 2.260676; 0, 6, 1, 1; 166659298; 0, 1, 0; 0, 1, 0; 1, 1, 1;
0, 5071; -1.169698, -2.059342, 2.255299; 0, 6, 1, 1; 166658330; 0, 1, 0; 1, 0, 0; 2, 1, 1;
1, 5077; -0.190665, -2.897537, 3.160015; 0, 23, 1, 1; 130757496; 1, 0, 1; 1, 0, 0; 2, 1, 2;
0, 5077; -0.942001, -3.035187, 3.225218; 0, 7, 1, 0; 13695018; 1, 0, 1; 1, 0, 0; 2, 1, 2;
0, 5077; -2.905845, -3.495592, 3.212133; 0, 4, 1, 1; 178285034; 1, 0, 1; 0, 1, 0; 1, 1, 2;
0, 5077; -3.193088, -3.318114, 3.207174; 0, 4, 1, 1; 179321355; 0, 1, 0; 0, 1, 0; 1, 1, 1;
0, 5077; -3.213431, -3.321473, 3.213287 / -3.212968, -3.320823, 3.213588 / -3.213893, -3.322124, 3.212985; 0, 4, 1, 1; 179320979; 2, 1, 1; 0, 2, 1; 4, 1, 2/ 1, 7, 1;
0, 5077; 0.646238, -3.098547, 2.841045; 0, 25, 1, 0; 5333475; 1, 0, 1; 0, 1, 0; 4, 1, 2;
0, 5077; 1.940348, -3.402462, 2.116685; 0, 25, 1, 0; 10722145; 1, 0, 1; 0, 1, 0; 4, 1, 2;
0, 5077; 3.394354, -3.686750, 1.224382; 0, 36, 1, 0; 10716201; 1, 0, 1; 0, 1, 0; 4, 1, 2;
0, 5077; 3.535823, -3.655480, 1.389082; 0, 36, 1, 0; 10580624; 1, 0, 1; 1, 0, 0; 3, 1, 2;
1, 5081; 1.709932, -3.702390, -1.972251; 0, 27, 1, 1; 65062852; 1, 0, 1; 0, 1, 0; 4, 1, 2;
0, 5081; 2.893867, -3.692774, -1.034714; 0, 32, 1, 1; 114028025; 1, 0, 1; 0, 1, 0; 1, 1, 2;
0, 5081; 3.467540, -3.627012, -0.790982; 0, 32, 1, 1; 122064657; 1, 0, 1; 1, 0, 0; 3, 1, 2;
0, 5081; 3.469439, -3.629825, -0.793603; 0, 32, 1, 1; 122064720; 0, 1, 0; 0, 1, 0; 4, 1, 1;
1, 5085; -2.326347, 3.194030, 2.645711; 0, 6, 1, 0; 6674960; 0, 1, 0; 0, 1, 0; 1, 1, 1;
1, 5093; -1.890776, -1.256916, 2.756243; 0, 6, 1, 1; 143801137; 1, 0, 1; 1, 0, 0; 2, 1, 2;
0, 5093; -2.066578, -1.180915, 2.277597; 0, 6, 1, 1; 132101338; 0, 1, 0; 0, 1, 0; 4, 1, 1;
0, 5093; -2.208373, -1.010185, 1.629491; 0, 7, 1, 1; 121222546; 1, 0, 1; 0, 1, 0; 4, 1, 2;
0, 5093; -2.529406, -0.374647, 0.663598; 0, 4, 1, 1; 67115854; 1, 0, 1; 1, 0, 0; 2, 1, 2;
1, 5098; -0.996438, -3.714289, -2.025359; 0, 10, 1, 0; 16455384; 1, 0, 1; 0, 1, 0; 1, 1, 2;
1, 5105; -2.804440, -0.936386, 3.384287; 0, 5, 1, 0; 47188785; 1, 0, 1; 0, 1, 0; 1, 1, 2;
0, 5105; 2.371005, -0.511893, 0.451977; 0, 33, 1, 1; 77161497; 0, 1, 0; 0, 1, 0; 1, 1, 1;
1, 5107; 0.487308, 2.080548, 0.390851; 0, 19, 1, 1; 57987795; 0, 1, 0; 0, 1, 0; 4, 1, 1;
0, 5107; 0.994124, 1.272046, -0.236407; 0, 26, 1, 1; 108952723; 1, 0, 1; 1, 0, 0; 3, 1, 2;
0, 5107; 0.995919, 1.270308, -0.232683; 0, 26, 1, 1; 108952514; 1, 0, 1; 0, 1, 0; 4, 1, 2;
0, 5107; 1.640676, -0.112489, -1.460707; 0, 27, 1, 1; 173802798; 1, 0, 1; 0, 1, 0; 4, 1, 2;
1, 5122; 1.018840, -1.854034, 2.774862; 0, 24, 1, 1; 227668162; 1, 0, 1; 0, 1, 0; 4, 1, 2;
0, 5122; 1.147629, -2.032173, 3.733493; 0, 39, 1, 0; 12844944; 1, 0, 1; 0, 1, 0; 1, 1, 2;
1, 5127; 2.585672, -3.095162, -0.228545; 0, 32, 1, 1; 135614988; 1, 0, 1; 0, 1, 0; 4, 1, 2;
0, 5127; 2.591655, -3.102107, -0.232869; 0, 32, 1, 1; 135613900; 1, 0, 1; 0, 1, 0; 4, 1, 2;
1, 5130; -0.939224, 0.087716, -1.044186; 0, 10, 1, 1; 140880558; 0, 1, 0; 0, 1, 0; 1, 1, 1;
0, 5130; -0.950696, 0.068287, -1.014628; 0, 10, 1, 1; 140997745; 1, 0, 1; 0, 1, 0; 4, 1, 2;
0, 5130; -0.961640, 0.053614, -0.995496; 0, 10, 1, 1; 140995415; 0, 1, 0; 0, 1, 0; 1, 1, 1;
0, 5130; -1.133038, -0.226306, -0.386631; 0, 9, 1, 1; 53135704; 1, 0, 1; 0, 1, 0; 1, 1, 2;
0, 5130; -1.145326, -0.355142, -0.181793; 0, 9, 1, 1; 60295465; 1, 0, 1; 0, 1, 0; 4, 1, 2;
0, 5130; -1.174019, -0.496623, 0.213597; 0, 9, 1, 1; 63673407; 0, 1, 0; 1, 0, 0; 2, 1, 1;
0, 5130; -1.725982, 1.256277, -2.561631; 0, 12, 1, 0; 24325613; 1, 0, 1; 0, 1, 0; 4, 1, 2;
0, 5130; -3.854724, 1.400339, -3.216127; 0, 1, 1, 1; 161221802; 1, 0, 1; 1, 0, 0; 3, 1, 2;
0, 5130; -3.855971, 1.398155, -3.207647 / -3.855184, 1.398209, -3.207562 / -3.856759, 1.398100, -3.207732; 0, 1, 1, 1; 161220609; 2, 1, 1; 0, 2, 1; 1, 1, 1/ 4, 3, 2;
1, 5136; 2.920996, 2.033846, 3.460966; 0, 37, 1, 1; 77536356; 1, 0, 1; 0, 1, 0; 4, 1, 2;
1, 5148; 1.277767, 0.841227, 1.984544; 0, 25, 1, 1; 168646179; 1, 0, 1; 1, 0, 0; 2, 1, 2;
1, 5152; -0.538727, -3.791091, -1.879156; 0, 17, 1, 1; 44823388; 0, 1, 0; 1, 0, 0; 2, 1, 1;
0, 5152; -0.543339, -3.802515, -1.876596; 0, 17, 1, 1; 44821157; 1, 0, 1; 0, 1, 0; 1, 1, 2;
1, 5154; 3.324714, -3.834601, -1.611736; 0, 32, 1, 1; 109748196; 0, 1, 0; 0, 1, 0; 4, 1, 1;
0, 5154; 3.329451, -3.837532, -1.610532; 0, 32, 1, 1; 109747136; 1, 0, 1; 1, 0, 0; 3, 1, 2;
0, 5154; 3.338667, -3.840929, -1.604564; 0, 32, 1, 1; 109746853; 1, 0, 1; 0, 1, 0; 1, 1, 2;
0, 5154; 3.358438, -3.840691, -1.600102; 0, 32, 1, 1; 109653927; 0, 1, 0; 0, 1, 0; 1, 1, 1;
0, 5154; 3.377484, -3.831794, -1.599185; 0, 32, 1, 1; 109654213; 1, 0, 1; 0, 1, 0; 1, 1, 2;
1, 5178; 0.928179, -3.684790, -3.835589 / 0.928997, -3.684043, -3.835308 / 0.927361, -3.685538, -3.835871; 0, 29, 1, 1; 137463964; 2, 1, 1; 0, 2, 0; 4, 1, 1/ 4, 7, 2;
0, 5178; 1.782588, -3.330237, -2.867989; 0, 29, 1, 1; 127081354; 1, 0, 1; 0, 1, 0; 4, 1, 2;
0, 5178; 1.824486, -3.094406, -2.580319; 0, 29, 1, 1; 113336649; 1, 0, 1; 0, 1, 0; 1, 1, 2;
1, 5180; 3.864821, 2.354179, -0.985423; 0, 45, 1, 1; 41052964; 1, 0, 1; 0, 1, 0; 1, 1, 2;
0, 5180; 3.867728, 2.354123, -0.978647; 0, 45, 1, 1; 41054172; 1, 0, 1; 0, 1, 0; 1, 1, 2;
1, 5195; 2.671197, -0.489665, -3.079092; 0, 30, 1, 1; 74991536; 0, 1, 0; 1, 0, 0; 2, 1, 1;
0, 5195; 3.225800, -0.975947, -1.948281; 0, 32, 1, 0; 30735270; 1, 0, 1; 1, 0, 0; 2, 1, 2;
1, 5206; 0.487402, -3.695113, -1.674995; 0, 17, 1, 1; 46342265; 1, 0, 1; 0, 1, 0; 4, 1, 2;
0, 5206; 0.525383, -3.658716, -1.686323; 0, 17, 1, 1; 46210020; 1, 0, 1; 0, 1, 0; 1, 1, 2;
1, 5210; 1.473419, -0.214181, -0.689310; 0, 26, 1, 1; 157073086; 0, 1, 0; 1, 0, 0; 3, 1, 1;
1, 5211; 0.646398, 2.003420, 2.226820; 0, 24, 1, 1; 108295793; 1, 0, 1; 0, 1, 0; 1, 1, 2;
0, 5211; 0.676849, 1.862038, 2.285321; 0, 24, 1, 1; 108211864; 0, 1, 0; 0, 1, 0; 1, 1, 1;
0, 5211; 0.677007, 1.860374, 2.286342; 0, 24, 1, 1; 108211939; 1, 0, 1; 0, 1, 0; 1, 1, 2;
0, 5211; 0.994756, 1.428875, 2.466508 / 0.994806, 1.428943, 2.466544 / 0.994705, 1.428807, 2.466472; 0, 24, 1, 1; 126864911; 1, 0, 2; 0, 2, 0; 1, 1, 2/ 1, 2, 2;
